time_s,x_m,y_m,yaw_rad,measured_x_m,measured_y_m,measured_yaw_rad,reference_x_m,reference_y_m,reference_yaw_rad,linear_mps,angular_radps,cross_track_error_m,heading_error_rad,position_error_m,compute_ms
0.000000000000000000e+00,0.000000000000000000e+00,0.000000000000000000e+00,7.855214548437161604e-01,0.000000000000000000e+00,0.000000000000000000e+00,7.855214548437161604e-01,0.000000000000000000e+00,0.000000000000000000e+00,7.855214548437161604e-01,7.500000000000001110e-02,2.098508423866111625e-02,0.000000000000000000e+00,0.000000000000000000e+00,0.000000000000000000e+00,4.037560000000000038e-01
5.000000000000000278e-02,2.649931697924409139e-03,2.653367804541205150e-03,7.865707090556490755e-01,2.649931697924409139e-03,2.653367804541205150e-03,7.865707090556490755e-01,0.000000000000000000e+00,0.000000000000000000e+00,7.855214548437161604e-01,1.500000000000000222e-01,1.396413874971228278e-02,1.967351467071012938e-06,1.049254211932915126e-03,3.749999827978710287e-03,3.344470000000000498e-01
1.000000000000000056e-01,7.945156549584391978e-03,7.964732175888595764e-03,7.872689159931347547e-01,7.945156549584391978e-03,7.964732175888595764e-03,7.872689159931347547e-01,0.000000000000000000e+00,0.000000000000000000e+00,7.855214548437161604e-01,2.250000000000000333e-01,5.354272399566345486e-03,1.245503044102445889e-05,1.747461149418594317e-03,1.124999872137943079e-02,3.211120000000000085e-01
1.500000000000000222e-01,1.588414527141576021e-02,1.593561401660989474e-02,7.875366296131129928e-01,1.588414527141576021e-02,1.593561401660989474e-02,7.875366296131129928e-01,3.141463462364135067e-02,3.141075907812829193e-02,7.851513826996336931e-01,3.000000000000000444e-01,2.485199657002008788e-02,3.372382946375228341e-05,2.385246913479299735e-03,2.192432927582118121e-02,3.065840000000000232e-01
2.000000000000000111e-01,2.646143421414840630e-02,2.657144636160931050e-02,7.887792294416140493e-01,2.646143421414840630e-02,2.657144636160931050e-02,7.887792294416140493e-01,3.141463462364135067e-02,3.141075907812829193e-02,7.851513826996336931e-01,3.750000000000000555e-01,8.228971841473781135e-03,7.882196103459930894e-05,3.627846741980356171e-03,6.924820709943571746e-03,3.331749999999999989e-01
2.500000000000000000e-01,3.967204651539815718e-02,3.987716759971959152e-02,7.891906780336874760e-01,3.967204651539815718e-02,3.987716759971959152e-02,7.891906780336874760e-01,3.141463462364135067e-02,3.141075907812829193e-02,7.851513826996336931e-01,4.500000000000000666e-01,-8.136365802881193390e-03,1.507012414325072797e-04,4.039295334053782938e-03,1.182645020302374936e-02,3.158320000000000016e-01
3.000000000000000444e-01,5.552474431366377638e-02,5.584406978941038047e-02,7.887838597435434806e-01,5.552474431366377638e-02,5.584406978941038047e-02,7.887838597435434806e-01,6.282151815625658386e-02,6.279051952931337388e-02,7.845956463669550018e-01,5.250000000000001332e-01,2.398003246951120257e-03,2.396339355166098722e-04,4.188213376588478809e-03,1.007452591931476231e-02,3.089990000000000236e-01
3.500000000000000333e-01,7.402223070076523193e-02,7.446946902093007359e-02,7.889037599058910111e-01,7.402223070076523193e-02,7.446946902093007359e-02,7.889037599058910111e-01,6.282151815625658386e-02,6.279051952931337388e-02,7.845956463669550018e-01,6.000000000000000888e-01,-1.870321372791690362e-02,3.511478908033247720e-04,4.308113538936009235e-03,1.618189799536653289e-02,3.248090000000000144e-01
4.000000000000000222e-01,9.517088951591393120e-02,9.574701974301967622e-02,7.879685992194951361e-01,9.517088951591393120e-02,9.574701974301967622e-02,7.879685992194951361e-01,9.421290141928533035e-02,9.410831331851432502e-02,7.836678937727570293e-01,6.750000000000000444e-01,-1.558982234949037038e-02,4.845168414036137147e-04,4.300705446738106730e-03,1.898183325971757084e-03,3.077460000000000195e-01
4.500000000000000111e-01,1.189836442213251105e-01,1.196638580722176465e-01,7.871891081020203629e-01,1.189836442213251105e-01,1.196638580722176465e-01,7.871891081020203629e-01,1.255810390586267478e-01,1.253332335643042583e-01,7.823658289118942122e-01,7.500000000000000000e-01,-1.779192792445449464e-02,6.299035793707529959e-04,4.823279190126150695e-03,8.698703185505677130e-03,3.012640000000000318e-01
5.000000000000000000e-01,1.454644285283840932e-01,1.462160325545987516e-01,7.862995117057978156e-01,1.454644285283840932e-01,1.462160325545987516e-01,7.862995117057978156e-01,1.569181914556898871e-01,1.564344650402308690e-01,7.806862214442258363e-01,8.000000000000000444e-01,-2.435863040109001107e-02,8.012926825859785149e-04,5.613290261571979300e-03,1.534943150928875198e-02,3.141689999999999761e-01
5.500000000000000444e-01,1.737404269920383437e-01,1.745085706716059115e-01,7.850815801857433662e-01,1.737404269920383437e-01,1.745085706716059115e-01,7.850815801857433662e-01,1.882166266370286500e-01,1.873813145857246287e-01,7.786248906646879853e-01,8.000000000000000444e-01,-3.351330318075853437e-02,1.002803643248197790e-03,6.456689521055380965e-03,1.937183243888140546e-02,3.429820000000000091e-01
6.000000000000000888e-01,2.020573278818360297e-01,2.027601679648045607e-01,7.834059150267052019e-01,2.020573278818360297e-01,2.027601679648045607e-01,7.834059150267052019e-01,1.882166266370286500e-01,1.873813145857246287e-01,7.786248906646879853e-01,8.000000000000000444e-01,-5.820962697626735904e-02,1.227556711975625464e-03,4.781024362017216589e-03,2.068995268731300963e-02,3.197190000000000309e-01
6.500000000000000222e-01,2.304389305523395770e-01,2.309467516598966985e-01,7.804954336778919810e-01,2.304389305523395770e-01,2.309467516598966985e-01,7.804954336778919810e-01,2.194686221820905392e-01,2.181432413965425365e-01,7.761766847564688376e-01,8.000000000000000444e-01,-6.262687224201371472e-02,1.451231029165613376e-03,4.318748921423143372e-03,1.686053204386419799e-02,3.063339999999999952e-01
7.000000000000000666e-01,2.589055512091316680e-01,2.590474669712129474e-01,7.773640900657912134e-01,2.589055512091316680e-01,2.590474669712129474e-01,7.773640900657912134e-01,2.506664671286085166e-01,2.486898871648547948e-01,7.733354552277038607e-01,8.000000000000000444e-01,-6.812418649826385009e-02,1.656512389081354550e-03,4.028634838087352676e-03,1.323487687630709418e-02,3.025470000000000104e-01
7.500000000000000000e-01,2.874638724397047818e-01,2.870549792049645332e-01,7.739578807408777905e-01,2.874638724397047818e-01,2.870549792049645332e-01,7.739578807408777905e-01,2.818024638751653321e-01,2.789911060392292752e-01,7.700940264136821867e-01,8.000000000000000444e-01,-7.458086865450914982e-02,1.847124592633307347e-03,3.863854327195603844e-03,9.852796423742135601e-03,3.071150000000000269e-01
8.000000000000000444e-01,3.161219293028197930e-01,3.149604253173152735e-01,7.702288373081520589e-01,3.161219293028197930e-01,3.149604253173152735e-01,7.702288373081520589e-01,3.128689300804617379e-01,3.090169943749473958e-01,7.664441599109093062e-01,8.000000000000000444e-01,-8.188137718598326176e-02,2.025328612934253116e-03,3.784677397242752761e-03,6.775424363636423433e-03,3.026070000000000149e-01
8.500000000000000888e-01,3.448889169462561188e-01,3.427535573299254068e-01,7.661347684488530874e-01,3.448889169462561188e-01,3.427535573299254068e-01,7.661347684488530874e-01,3.438582005588191048e-01,3.387379202452914240e-01,7.623765137973599337e-01,8.000000000000000444e-01,-8.993428766022347476e-02,2.192239514354447829e-03,3.758254651493153631e-03,4.145807215346478114e-03,2.998220000000000329e-01
9.000000000000000222e-01,3.737750170650462334e-01,3.704228638602726775e-01,7.616380540658420628e-01,3.737750170650462334e-01,3.704228638602726775e-01,7.616380540658420628e-01,3.747626291714492575e-01,3.681245526846779748e-01,7.578805964862258548e-01,8.000000000000000444e-01,-9.866817052609921923e-02,2.348119173036965473e-03,3.757457579616207966e-03,2.501521923265379553e-03,3.296270000000000588e-01
9.500000000000000666e-01,4.027912531078614022e-01,3.979556588650358662e-01,7.567046455395369797e-01,4.027912531078614022e-01,3.979556588650358662e-01,7.567046455395369797e-01,4.055745907130249850e-01,3.971478906347806204e-01,7.529447150598791438e-01,8.000000000000000444e-01,-1.080282169147827737e-01,2.492630665414419331e-03,3.759930479657835889e-03,2.898181798667474711e-03,3.070550000000000224e-01
1.000000000000000000e+00,4.319493684761762098e-01,4.253381426482848449e-01,7.513032346937977835e-01,4.319493684761762098e-01,4.253381426482848449e-01,7.513032346937977835e-01,4.362864827930850731e-01,4.257792915650726595e-01,7.475559179387234465e-01,8.000000000000000444e-01,-1.179734948570200226e-01,2.625062575340719566e-03,3.747316755074336925e-03,4.359492282906221421e-03,3.032780000000000475e-01
1.050000000000000044e+00,4.612617229578437894e-01,4.525554392719012831e-01,7.454045599509466768e-01,4.612617229578437894e-01,4.525554392719012831e-01,7.454045599509466768e-01,4.668907277118107824e-01,4.539904997395467490e-01,7.416999317587289475e-01,8.000000000000000444e-01,-1.284747223376965786e-01,2.744530145843603487e-03,3.704628192217729321e-03,5.809052682321087964e-03,3.078570000000000473e-01
1.100000000000000089e+00,4.907412034337497175e-01,4.795916137231834853e-01,7.389808238340620505e-01,4.907412034337497175e-01,4.795916137231834853e-01,7.389808238340620505e-01,4.973797743297095897e-01,4.817536741017153235e-01,7.353610923648465914e-01,8.000000000000000444e-01,-1.395124636355165870e-01,2.850159109280602475e-03,3.619731469215459185e-03,6.981771166480801698e-03,3.033990000000000298e-01
1.150000000000000133e+00,5.204011455222855576e-01,5.064296715405082194e-01,7.320052006522863586e-01,5.204011455222855576e-01,5.064296715405082194e-01,7.320052006522863586e-01,5.277460999307458378e-01,5.090414157503713177e-01,7.285222698794653340e-01,8.000000000000000444e-01,-1.510756716768803243e-01,2.941257144691046543e-03,3.482930772821024590e-03,7.795483505217205497e-03,3.012050000000000005e-01
1.200000000000000178e+00,5.502552633140681548e-01,5.330515430550344380e-01,7.244514170684421828e-01,5.502552633140681548e-01,5.330515430550344380e-01,7.244514170684421828e-01,5.579822120784585504e-01,5.358267949789966567e-01,7.211647878806650702e-01,8.000000000000000444e-01,-1.631605123041505456e-01,3.017477194981644725e-03,3.286629187777112548e-03,8.210222923220189192e-03,3.036989999999999967e-01
1.250000000000000000e+00,5.803175847234832707e-01,5.594380539595181778e-01,7.162933914532345625e-01,5.803175847234832707e-01,5.594380539595181778e-01,7.162933914532345625e-01,5.880806504646078903e-01,5.620833778521305835e-01,7.132683368307422000e-01,8.000000000000000444e-01,-1.757604980488012003e-01,3.078976296591900974e-03,3.025054622492362455e-03,8.201397941683404025e-03,3.008230000000000071e-01
1.300000000000000044e+00,6.106023844464548711e-01,5.855688903126681222e-01,7.075053665507944345e-01,6.106023844464548711e-01,5.855688903126681222e-01,7.075053665507944345e-01,6.180339887498947915e-01,5.877852522924731371e-01,7.048108820393794716e-01,8.000000000000000444e-01,-1.871866080137055133e-01,3.126582020996989016e-03,2.694484511414962924e-03,7.755063052511691583e-03,2.980990000000000029e-01
1.350000000000000089e+00,6.411230238273789572e-01,6.114238490673240545e-01,6.981460361501090617e-01,6.411230238273789572e-01,6.114238490673240545e-01,6.981460361501090617e-01,6.478348363962987966e-01,6.129070536529764857e-01,6.957685666376671740e-01,7.876843815651097813e-01,-1.981912142287681755e-01,3.163657323984108045e-03,2.377469512441887645e-03,6.873741615976754898e-03,3.335950000000000304e-01
1.400000000000000133e+00,6.714176641047551186e-01,6.365900722580065674e-01,6.882364754386705030e-01,6.714176641047551186e-01,6.365900722580065674e-01,6.882364754386705030e-01,6.774758404905828479e-01,6.374239897486897455e-01,6.861156102913255062e-01,7.743398190011966387e-01,-2.099148547346763871e-01,3.192863678724424097e-03,2.120865147344996871e-03,6.115302077826414127e-03,3.077570000000000028e-01
1.450000000000000178e+00,7.014499103445190897e-01,6.610247978166328142e-01,6.777407327019364658e-01,7.014499103445190897e-01,6.610247978166328142e-01,6.777407327019364658e-01,7.069496875585143947e-01,6.613118653236519373e-01,6.758242047084683790e-01,7.611341093535832769e-01,-2.223775437047355585e-01,3.216366085568573077e-03,1.916527993468086777e-03,5.507264035541434809e-03,2.995420000000000305e-01
1.500000000000000000e+00,7.312278064769303088e-01,6.847223675626713524e-01,6.666218555166998350e-01,7.312278064769303088e-01,6.847223675626713524e-01,6.666218555166998350e-01,7.362491053693559495e-01,6.845471059286887261e-01,6.648644074170233509e-01,7.480074422744266149e-01,-2.356034254239642300e-01,3.235833522461392317e-03,1.757448099676484077e-03,5.024356596363480955e-03,3.089490000000000292e-01
1.550000000000000044e+00,7.607568511819134960e-01,7.076746479947169099e-01,6.548416842455013764e-01,7.607568511819134960e-01,7.076746479947169099e-01,6.548416842455013764e-01,7.653668647301795636e-01,7.071067811865474617e-01,6.532040358206789854e-01,7.349154305511216290e-01,-2.496214306418366724e-01,3.252627994452173509e-03,1.637648424822391036e-03,4.644857115888200577e-03,3.009740000000000193e-01
1.600000000000000089e+00,7.900404535750588098e-01,7.298716033699432781e-01,6.423606127134093846e-01,7.900404535750588098e-01,7.298716033699432781e-01,6.423606127134093846e-01,7.942957812695612407e-01,7.289686274214115524e-01,6.408085642148111383e-01,7.218266756886441149e-01,-2.644648913692752568e-01,3.267858165398469013e-03,1.552048498598246340e-03,4.350078085646985442e-03,2.972670000000000590e-01
1.650000000000000133e+00,8.190803103584393119e-01,7.513017716440210103e-01,6.291373681449456967e-01,8.190803103584393119e-01,7.513017716440210103e-01,6.291373681449456967e-01,8.230287172102175308e-01,7.501110696304594816e-01,6.276410272841830285e-01,7.087207805199021715e-01,-2.801710829190409702e-01,3.282422728914383830e-03,1.496340860762668257e-03,4.124037821391634932e-03,3.033880000000000465e-01
1.700000000000000178e+00,8.478767186123083999e-01,7.719526602112147806e-01,6.151288139989938841e-01,8.478767186123083999e-01,7.719526602112147806e-01,6.151288139989938841e-01,8.515585831301453190e-01,7.705132427757892533e-01,6.136619346445102430e-01,6.955867311908067174e-01,-2.967806744772947813e-01,3.297045444585180486e-03,1.466879354483641151e-03,3.953232712744531897e-03,2.980389999999999984e-01
1.750000000000000000e+00,8.764288359393167527e-01,7.918110753528724288e-01,6.002897802751290257e-01,8.764288359393167527e-01,7.918110753528724288e-01,6.002897802751290257e-01,8.798783397118303817e-01,7.901550123756904132e-01,5.988292022658208147e-01,6.824215846574352984e-01,-3.143370611882495003e-01,3.312303360935370949e-03,1.460578009308211023e-03,3.826437097480987065e-03,2.953330000000000122e-01
1.800000000000000044e+00,9.047348976490268146e-01,8.108633968047241902e-01,5.845729272157162981e-01,9.047348976490268146e-01,8.108633968047241902e-01,5.845729272157162981e-01,9.079809994790934979e-01,8.090169943749474513e-01,5.830981081633392904e-01,6.692294090339730994e-01,-3.328855429841561242e-01,3.328649440690013492e-03,1.474819052377007722e-03,3.734485108264286052e-03,3.153010000000000534e-01
1.850000000000000089e+00,9.327923990087000350e-01,8.290958067875642268e-01,5.679286500665083892e-01,9.327923990087000350e-01,8.290958067875642268e-01,5.679286500665083892e-01,9.358596285211467913e-01,8.270805742745618305e-01,5.664212815967921699e-01,6.560204331675881795e-01,-3.524723074907302744e-01,3.346430573477698553e-03,1.507368469716219295e-03,3.670021657086824495e-03,2.996420000000000194e-01
1.900000000000000133e+00,9.605982492200583200e-01,8.464944811284075277e-01,5.503050346919717839e-01,9.605982492200583200e-01,8.464944811284075277e-01,5.503050346919717839e-01,9.635073482034306469e-01,8.443279255020150753e-01,5.487487372104546957e-01,6.428103690130707593e-01,-3.731431663441855950e-01,3.365901789526642551e-03,1.556297481517088244e-03,3.627233129716188852e-03,2.972469999999999835e-01
1.950000000000000178e+00,9.881489026532634945e-01,8.630457486612468365e-01,5.316478763747625180e-01,9.881489026532634945e-01,8.630457486612468365e-01,5.316478763747625180e-01,9.909173368648149793e-01,8.607420270039435328e-01,5.300279680891506473e-01,6.296198759695607050e-01,-3.949419864497717425e-01,3.387237363368681906e-03,1.619908285611870724e-03,3.601577634595285512e-03,3.024870000000000059e-01
2.000000000000000000e+00,1.015440471926821298e+00,8.787362238810635384e-01,5.119007770522738809e-01,1.015440471926821298e+00,8.787362238810635384e-01,5.119007770522738809e-01,1.018082831500742635e+00,8.763066800438636950e-01,5.102041145915556797e-01,6.164741404791924673e-01,-4.179087506928075291e-01,3.410539410962210635e-03,1.696662460718201260e-03,3.589533030182267929e-03,3.017050000000000565e-01
2.050000000000000266e+00,1.042468826616611777e+00,8.935529167846019138e-01,4.910053395176334767e-01,1.042468826616611777e+00,8.935529167846019138e-01,4.910053395176334767e-01,1.044997129431897598e+00,8.910065241883677878e-01,4.892202290015981170e-01,6.034025469524930685e-01,-4.420771773862147702e-01,3.435844531306328324e-03,1.785110516035359751e-03,3.588374336651373089e-03,3.057530000000000525e-01
2.100000000000000089e+00,1.069229680659789405e+00,9.074833229283189029e-01,4.689014806483227105e-01,1.069229680659789405e+00,9.074833229283189029e-01,4.689014806483227105e-01,1.071653589957993313e+00,9.048270524660195768e-01,4.670176594031887340e-01,5.904384174887470360e-01,-4.674718258401258097e-01,3.463129020269756480e-03,1.883821245133976419e-03,3.595985129947458069e-03,3.110030000000000294e-01
2.149999999999999911e+00,1.095718670837592335e+00,9.205154959385399849e-01,4.455278893563163756e-01,1.095718670837592335e+00,9.205154959385399849e-01,4.455278893563163756e-01,1.098045635996263591e+00,9.177546256839811400e-01,4.435365795339238915e-01,5.776187978538093182e-01,-4.941046191040907587e-01,3.492313186000108038e-03,1.991309822392484108e-03,3.610702343336787742e-03,3.026770000000000294e-01
2.200000000000000178e+00,1.121931428016685217e+00,9.326381040025545355e-01,4.208226584011116600e-01,1.121931428016685217e+00,9.326381040025545355e-01,4.208226584011116600e-01,1.124166755704261167e+00,9.297764858882513472e-01,4.187166943902145277e-01,5.649842656767881666e-01,-5.219707271689801864e-01,3.523265316816003370e-03,2.105964010897132255e-03,3.631191003369524904e-03,2.984100000000000641e-01
2.250000000000000000e+00,1.147863642034733678e+00,9.438404712478020153e-01,3.947241220426627173e-01,1.147863642034733678e+00,9.438404712478020153e-01,3.947241220426627173e-01,1.150010504086557139e+00,9.408807689542255659e-01,3.924981535591443027e-01,5.525787337552992007e-01,-5.510437786002696514e-01,3.555805886139777432e-03,2.225968483518414587e-03,3.656344395179608828e-03,3.033279999999999865e-01
2.300000000000000266e+00,1.173511120157923582e+00,9.541126043955328040e-01,3.671719331126492847e-01,1.173511120157923582e+00,9.541126043955328040e-01,3.671719331126492847e-01,1.175570504584946274e+00,9.510565162951535312e-01,3.648227049614560791e-01,5.404492167415425596e-01,-5.812704103224963781e-01,3.589712612211823015e-03,2.349228151193205605e-03,3.685205380374800225e-03,3.003030000000000421e-01
2.350000000000000089e+00,1.198869837839618091e+00,9.634452047007915354e-01,3.381084125965245768e-01,1.198869837839618091e+00,9.634452047007915354e-01,3.381084125965245768e-01,1.200840450651768254e+00,9.602936856769431762e-01,3.356351199971938648e-01,5.286455236088635212e-01,-6.125642292173126835e-01,3.624727003438528872e-03,2.473292599330711994e-03,3.716905569568386327e-03,2.977890000000000259e-01
2.400000000000000355e+00,1.223935979007713559e+00,9.718296650478578380e-01,3.074802011356587705e-01,1.223935979007713559e+00,9.718296650478578380e-01,3.074802011356587705e-01,1.225814107305952971e+00,9.685831611286310761e-01,3.048849158476660826e-01,5.172198319931308186e-01,-6.447993504595533887e-01,3.660562984468790360e-03,2.595285287992687984e-03,3.750620428969371825e-03,3.059339999999999837e-01
2.450000000000000178e+00,1.248705961287289501e+00,9.792580522949376753e-01,2.752402336126813509e-01,1.248705961287289501e+00,9.792580522949376753e-01,2.752402336126813509e-01,1.250485312671410165e+00,9.759167619387473236e-01,2.725283905658684169e-01,5.062260954875266172e-01,-6.778037994182424253e-01,3.696918074242407353e-03,2.711843046812933977e-03,3.785539934083745773e-03,3.003129999999999966e-01
2.500000000000000000e+00,1.273176439510272040e+00,9.857230757411196143e-01,2.413500436417690409e-01,1.273176439510272040e+00,9.857230757411196143e-01,2.413500436417690409e-01,1.274847979497379491e+00,9.822872507286887211e-01,2.385309701662947646e-01,4.957192342864510382e-01,-7.113532155136053081e-01,3.733487327420314562e-03,2.819073475474276336e-03,3.820855852364090938e-03,2.972069999999999990e-01
2.550000000000000266e+00,1.297344278843214127e+00,9.912180441424350841e-01,2.057823828660887422e-01,1.297344278843214127e+00,9.912180441424350841e-01,2.057823828660887422e-01,1.298896096660367316e+00,9.876883405951377704e-01,2.028698429353794630e-01,4.857540678760610686e-01,-7.451654704740358071e-01,3.769979806023190591e-03,2.912539930709279190e-03,3.855767844338832753e-03,3.271040000000000614e-01
2.600000000000000089e+00,1.321206487426363152e+00,9.957368162253431576e-01,1.685241093423868186e-01,1.321206487426363152e+00,9.957368162253431576e-01,1.685241093423868186e-01,1.322623730647303875e+00,9.921147013144778759e-01,1.655368238699046479e-01,4.763839717504190774e-01,-7.788969932449427702e-01,3.806136685994203177e-03,2.987285472482170690e-03,3.889510865753564427e-03,3.034290000000000043e-01
2.650000000000000355e+00,1.344760098467246090e+00,9.992737531775682802e-01,1.295792596801397245e-01,1.344760098467246090e+00,9.992737531775682802e-01,1.295792596801397245e-01,1.346025027019546627e+00,9.955619646030799963e-01,1.265413517787048470e-01,4.676592842437780062e-01,-8.121417492326483689e-01,3.841749234363334934e-03,3.037907901434877544e-03,3.921405189995915037e-03,2.996019999999999794e-01
2.700000000000000178e+00,1.368001994506833574e+00,1.001823685833229005e+00,8.897217221850750590e-02,1.368001994506833574e+00,1.001823685833229005e+00,8.897217221850750590e-02,1.369094211857377452e+00,9.980267284282715590e-01,8.591347505124025119e-02,4.596255568248406309e-01,-8.444339081203141584e-01,3.876673907688987092e-03,3.058697167267254713e-03,3.950927014751129916e-03,3.080380000000000340e-01
2.750000000000000000e+00,1.390928673392841874e+00,1.003381913325831931e+00,4.675047681249200338e-02,1.390928673392841874e+00,1.003381913325831931e+00,4.675047681249200338e-02,1.391825593184628840e+00,9.995065603657316000e-01,4.370663352722470307e-02,4.523218250673974317e-01,-8.752551966330498479e-01,3.910840929386789379e-03,3.043843285267300303e-03,3.977791557919742142e-03,2.997020000000000239e-01
2.800000000000000266e+00,1.413535967154103457e+00,1.003944252240019708e+00,2.987716980839660863e-03,1.413535967154103457e+00,1.003944252240019708e+00,2.987716980839660863e-03,1.414213562373094923e+00,1.000000000000000000e+00,0.000000000000000000e+00,4.457791572171564409e-01,-9.040477134645538149e-01,3.944252240019707756e-03,2.987716980839660863e-03,4.002032110528422337e-03,2.999630000000000352e-01
2.850000000000000089e+00,1.435818740828686879e+00,1.003507153546178587e+00,-4.221466869238810204e-02,1.435818740828686879e+00,1.003507153546178587e+00,-4.221466869238810204e-02,1.436252595526377851e+00,9.995065603657316000e-01,-4.509988523380359382e-02,4.400197768458087300e-01,-9.302325422220014683e-01,3.976965102862125775e-03,2.885216541415491776e-03,4.024049663479249868e-03,3.056730000000000280e-01
2.900000000000000355e+00,1.457770615326824837e+00,1.002067896746202225e+00,-8.872629580348823097e-02,1.457770615326824837e+00,1.002067896746202225e+00,-8.872629580348823097e-02,1.457937254842823105e+00,9.980267284282715590e-01,-9.145845919515815936e-02,4.350570139045552009e-01,-9.532338325496646503e-01,4.009059261874101110e-03,2.732163391669928387e-03,4.044602588900262329e-03,3.011440000000000228e-01
2.950000000000000178e+00,1.479383770954123545e+00,9.996248559521242472e-01,-1.363879874309716911e-01,1.479383770954123545e+00,9.996248559521242472e-01,-1.363879874309716911e-01,1.479262189957219364e+00,9.955619646030799963e-01,-1.389137044922978959e-01,4.308961897800409058e-01,-9.725071870542598695e-01,4.040588504786916599e-03,2.525717061326204771e-03,4.064710082274851019e-03,2.967570000000000485e-01
3.000000000000000000e+00,1.500648889314158962e+00,9.961778130787971586e-01,-1.850133467836845291e-01,1.500648889314158962e+00,9.961778130787971586e-01,-1.850133467836845291e-01,1.500222139260918963e+00,9.921147013144778759e-01,-1.872781162552294987e-01,4.275363058865560006e-01,-9.875703175031185221e-01,4.071521413607445856e-03,2.264769471544969548e-03,4.085461151117471268e-03,3.158930000000000349e-01
3.050000000000000266e+00,1.521555275762581871e+00,9.917282742741819757e-01,-2.343918626588403775e-01,1.521555275762581871e+00,9.917282742741819757e-01,-2.343918626588403775e-01,1.520811931200061640e+00,9.876883405951377704e-01,-2.363421338615432354e-01,4.249721563964001803e-01,-9.980331965153378393e-01,4.101680054695646359e-03,1.950271202702857920e-03,4.107751851037747849e-03,3.011340000000000128e-01
3.100000000000000089e+00,1.542091172678424327e+00,9.862797344359955920e-01,-2.842935224846074860e-01,1.542091172678424327e+00,9.862797344359955920e-01,-2.842935224846074860e-01,1.541026485551578507e+00,9.822872507286887211e-01,-2.858789635025540399e-01,4.231963298498863102e-01,-1.003624523374411881e+00,4.130688056688217903e-03,1.585441017946553899e-03,4.132007360978683617e-03,2.969870000000000010e-01
3.150000000000000355e+00,1.562244233152769279e+00,9.798378372560483385e-01,-3.344747486533279357e-01,1.562244233152769279e+00,9.798378372560483385e-01,-3.344747486533279357e-01,1.560860814676659380e+00,9.759167619387474346e-01,-3.356505649802192792e-01,4.222005832959276894e-01,-1.004211397148648155e+00,4.157939729312024220e-03,1.175816326891343522e-03,4.157965647283370578e-03,3.592339999999999978e-01
3.200000000000000178e+00,1.582002088107821169e+00,9.724103960491016219e-01,-3.846853185107601547e-01,1.582002088107821169e+00,9.724103960491016219e-01,-3.846853185107601547e-01,1.580310024751380826e+00,9.685831611286310761e-01,-3.854144357899738083e-01,4.219762708785997907e-01,-9.998097066335972505e-01,4.182599048391494323e-03,7.291172792136535463e-04,4.184591442264984709e-03,3.158119999999999816e-01
3.250000000000000000e+00,1.601352919806195985e+00,9.640072688392395950e-01,-4.346758038424400894e-01,1.601352919806195985e+00,9.640072688392395950e-01,-4.346758038424400894e-01,1.599369316974181165e+00,9.602936856769430651e-01,-4.349307235386512538e-01,4.225138053470470223e-01,-9.905838385465421947e-01,4.203631969314820457e-03,2.549196962111643927e-04,4.210152027952138859e-03,3.041800000000000059e-01
3.300000000000000266e+00,1.620285957332236793e+00,9.546401107089379501e-01,-4.842049957697671658e-01,1.620285957332236793e+00,9.546401107089379501e-01,-4.842049957697671658e-01,1.618033988749894903e+00,9.510565162951536422e-01,-4.839691544534954204e-01,4.238014046469303353e-01,-9.768356797150937743e-01,4.219869064552575315e-03,-2.358413162717454270e-04,4.232435636647182559e-03,3.267820000000000169e-01
3.350000000000000089e+00,1.638791832247905811e+00,9.443220481407447187e-01,-5.330467797555220599e-01,1.638791832247905811e+00,9.443220481407447187e-01,-5.330467797555220599e-01,1.636299434850047030e+00,9.408807689542254549e-01,-5.323152901395142855e-01,4.258235312068772704e-01,-9.589842831945938340e-01,4.230089729042956458e-03,-7.314896160077744014e-04,4.249052509492428839e-03,3.034190000000000498e-01
3.400000000000000355e+00,1.656862765940492865e+00,9.330673287213382405e-01,-5.809959939152515851e-01,1.656862765940492865e+00,9.330673287213382405e-01,-5.809959939152515851e-01,1.654161148549123661e+00,9.297764858882513472e-01,-5.797757117532911231e-01,4.285594402420277449e-01,-9.375387059037200155e-01,4.233115656654242234e-03,-1.220282161960462020e-03,4.257743895706728871e-03,2.984800000000000231e-01
3.450000000000000178e+00,1.674492593207232760e+00,9.208909951198592791e-01,-6.278729292104374693e-01,1.674492593207232760e+00,9.208909951198592791e-01,-6.278729292104374693e-01,1.671614722736540548e+00,9.177546256839811400e-01,-6.261818627476221089e-01,4.319821494274444507e-01,-9.130671712579270238e-01,4.227900625921276329e-03,-1.691066462815360438e-03,4.256636193567964882e-03,3.060039999999999982e-01
3.500000000000000000e+00,1.691676651194479852e+00,9.078086187245933969e-01,-6.735262877733338982e-01,1.691676651194479852e+00,9.078086187245933969e-01,-6.735262877733338982e-01,1.688655851004030151e+00,9.048270524660194658e-01,-6.713924332034157949e-01,4.360579885893473562e-01,-8.861658049358880351e-01,4.213605589742926844e-03,-2.133854569918103294e-03,4.244404686747895762e-03,2.989910000000000068e-01
3.550000000000000266e+00,1.708411575542348126e+00,8.938361112627587479e-01,-7.178345780201285109e-01,1.708411575542348126e+00,8.938361112627587479e-01,-7.178345780201285109e-01,1.705280328708184356e+00,8.910065241883678988e-01,-7.152943146460333246e-01,4.407467421791237960e-01,-8.574297847072376300e-01,4.189651736016830781e-03,-2.540263374095186322e-03,4.220340003840969585e-03,2.964050000000000296e-01
3.600000000000000089e+00,1.724695047344828369e+00,8.789896169158011308e-01,-7.607060672554903924e-01,1.724695047344828369e+00,8.789896169158011308e-01,-7.607060672554903924e-01,1.721484054007887066e+00,8.763066800438636950e-01,-7.578022734857023934e-01,4.460022928197927006e-01,-8.274289894704625059e-01,4.155748436772105370e-03,-2.903793769787998968e-03,4.184331304842254205e-03,3.182860000000000134e-01
3.650000000000000355e+00,1.740525528594793814e+00,8.632854757513133137e-01,-8.020775167290135066e-01,1.740525528594793814e+00,8.632854757513133137e-01,-8.020775167290135066e-01,1.737263028876382398e+00,8.607420270039436438e-01,-7.988575718927242164e-01,4.517736200128484314e-01,-7.966893331908370124e-01,4.111896849755995904e-03,-3.219944836289290180e-03,4.136790536530815000e-03,2.994609999999999772e-01
3.700000000000000178e+00,1.755902013967564512e+00,8.467402426225147938e-01,-8.419119833885551074e-01,1.755902013967564512e+00,8.467402426225147938e-01,-8.419119833885551074e-01,1.752613360087727390e+00,8.443279255020149643e-01,-8.384258043476089384e-01,4.580059966965095986e-01,-7.656801119149310164e-01,4.058372765638702806e-03,-3.486179040946169039e-03,4.078543640961114491e-03,2.991610000000000658e-01
3.750000000000000000e+00,1.770823816269776030e+00,8.293707435150273755e-01,-8.801959889843016249e-01,1.770823816269776030e+00,8.293707435150273755e-01,-8.801959889843016249e-01,1.767531260177386931e+00,8.270805742745617195e-01,-8.764942210668400513e-01,4.646422435686898278e-01,-7.348070050393900043e-01,3.995693894141920041e-03,-3.701767917461573631e-03,4.010710756400118551e-03,3.272130000000000316e-01
3.800000000000000266e+00,1.785290393672554599e+00,8.111941524125271252e-01,-9.169363392362712695e-01,1.785290393672554599e+00,8.111941524125271252e-01,-9.169363392362712695e-01,1.782013048376735576e+00,8.090169943749474513e-01,-9.130687851951857503e-01,4.716239327989483199e-01,-7.044099144702501425e-01,3.924577254169794860e-03,-3.867554041085519145e-03,3.934591377592450666e-03,3.000130000000000297e-01
3.850000000000000089e+00,1.799301219901050297e+00,7.922280747345441521e-01,-9.521568349597835379e-01,1.799301219901050297e+00,7.922280747345441521e-01,-9.521568349597835379e-01,1.796055151521231297e+00,7.901550123756903021e-01,-9.481711696544556922e-01,4.788924681371822811e-01,-6.747645960197112824e-01,3.845891954240391285e-03,-3.985665305327845687e-03,3.851564288721848542e-03,2.981380000000000141e-01
3.900000000000000355e+00,1.812855694008781438e+00,7.724906271084156506e-01,-9.858950647607693796e-01,1.812855694008781438e+00,7.724906271084156506e-01,-9.858950647607693796e-01,1.809654104932039154e+00,7.705132427757892533e-01,-9.818358515025886746e-01,4.863900007099478673e-01,-6.460869960024397951e-01,3.760611750433529629e-03,-4.059213258180704997e-03,3.763006964547348839e-03,3.240379999999999927e-01
3.950000000000000178e+00,1.825953083902268181e+00,7.520005068605088994e-01,-1.018199414560891469e+00,1.825953083902268181e+00,7.520005068605088994e-01,-1.018199414560891469e+00,1.822806553270890584e+00,7.501110696304593706e-01,-1.014107414023698084e+00,4.940601656630856930e-01,-6.185392952882968753e-01,3.669770646862822137e-03,-4.092000537193385412e-03,3.670235423034159776e-03,2.986500000000000266e-01
4.000000000000000000e+00,1.838592496884067451e+00,7.307770476862207598e-01,-1.049126379325306502e+00,1.838592496884067451e+00,7.307770476862207598e-01,-1.049126379325306502e+00,1.835509251367962280e+00,7.289686274214114414e-01,-1.045038124374674471e+00,5.018486433784621337e-01,-5.922368262240741421e-01,3.574423680165077222e-03,-4.088254950632030926e-03,3.574463143851905160e-03,3.005740000000000078e-01
4.049999999999999822e+00,1.850772870623095034e+00,7.088402602986011436e-01,-1.078738220636510370e+00,1.850772870623095034e+00,7.088402602986011436e-01,-1.078738220636510370e+00,1.847759065022573477e+00,7.071067811865475727e-01,-1.074685819931865183e+00,5.097035608270653606e-01,-5.672552184888572935e-01,3.475614042787648125e-03,-4.052400704645187091e-03,3.476776384765224021e-03,3.034580000000000055e-01
4.100000000000000533e+00,1.862492978694661350e+00,6.862108584618547003e-01,-1.107100981560953379e+00,1.862492978694661350e+00,6.862108584618547003e-01,-1.107100981560953379e+00,1.859552971776502694e+00,6.845471059286888371e-01,-1.103112110178118499e+00,5.175757549682536984e-01,-5.436373157998475314e-01,3.374346915834163137e-03,-3.988871382834879853e-03,3.378122728741005804e-03,2.976580000000000337e-01
4.150000000000000355e+00,1.873751445828953255e+00,6.629102717909001186e-01,-1.134282847350945644e+00,1.873751445828953255e+00,6.629102717909001186e-01,-1.134282847350945644e+00,1.870888061659734758e+00,6.613118653236518263e-01,-1.130380882521655472e+00,5.254189223971833522e-01,-5.213995675920255479e-01,3.271569814501310361e-03,-3.901964829290172077e-03,3.279309704049355057e-03,2.967270000000000185e-01
4.200000000000000178e+00,1.884546769047686032e+00,6.389606471843536362e-01,-1.160352825730546877e+00,1.884546769047686032e+00,6.389606471843536362e-01,-1.160352825730546877e+00,1.881761537908451132e+00,6.374239897486895234e-01,-1.156557088678024758e+00,5.331896790034035272e-01,-5.005377301681414037e-01,3.168158878942618252e-03,-3.795737052522341060e-03,3.181010621413507197e-03,3.165030000000000343e-01
4.250000000000000000e+00,1.894877341827634787e+00,6.143848408994989629e-01,-1.185379712238953998e+00,1.894877341827634787e+00,6.143848408994989629e-01,-1.185379712238953998e+00,1.892170717655090595e+00,6.129070536529763746e-01,-1.181705781771627883e+00,5.408475513196838724e-01,-4.810318093891896574e-01,3.064910336063172199e-03,-3.673930467326336213e-03,3.083775211876725771e-03,2.956040000000000334e-01
4.299999999999999822e+00,1.904741479246158775e+00,5.892064031980047689e-01,-1.209431302708413591e+00,1.904741479246158775e+00,5.892064031980047689e-01,-1.209431302708413591e+00,1.902113032590307062e+00,5.877852522924732481e-01,-1.205891371747593865e+00,5.483549183257453441e-01,-4.628502450159213133e-01,2.962536274056204802e-03,-3.539930960819503980e-03,2.988043125349952762e-03,2.975880000000000192e-01
4.350000000000000533e+00,1.914137442720276194e+00,5.634495572868056801e-01,-1.232573814959209590e+00,1.914137442720276194e+00,5.634495572868056801e-01,-1.232573814959209590e+00,1.911586029596660241e+00,5.620833778521308055e-01,-1.229177066822546571e+00,5.556769192911952260e-01,-4.459533805223685476e-01,2.861663874569983675e-03,-3.396748136663241269e-03,2.894158802672768937e-03,3.233260000000000023e-01
4.400000000000000355e+00,1.923063463455020550e+00,5.371391740186182151e-01,-1.254871483985328107e+00,1.923063463455020550e+00,5.371391740186182151e-01,-1.254871483985328107e+00,1.920587371353886352e+00,5.358267949789962126e-01,-1.251624470568528880e+00,5.627813401527430592e-01,-4.302962872069481803e-01,2.762837306113730476e-03,-3.247013416799227059e-03,2.802386632307957322e-03,2.980190000000000339e-01
4.450000000000000178e+00,1.931517764088798383e+00,5.103007435464606001e-01,-1.276386298345675518e+00,1.931517764088798383e+00,5.103007435464606001e-01,-1.276386298345675518e+00,1.929114836915596154e+00,5.090414157503710957e-01,-1.273293307075958225e+00,5.696384881269406231e-01,-4.158310228917717621e-01,2.666521572458913428e-03,-3.092991269717515479e-03,2.712925634387589480e-03,2.954030000000000267e-01
4.500000000000000000e+00,1.939498578287558672e+00,4.829603448733538751e-01,-1.297177849490264157e+00,1.939498578287558672e+00,4.829603448733538751e-01,-1.297177849490264157e+00,1.937166322257262152e+00,4.817536741017152124e-01,-1.294241249945474737e+00,5.762210618546718122e-01,-4.025084077597609888e-01,2.573107713637676989e-03,-2.936599544789419980e-03,2.625923178994680248e-03,3.133680000000000354e-01
4.549999999999999822e+00,1.947004168219580222e+00,4.551446140161523046e-01,-1.317303269878252081e+00,1.947004168219580222e+00,4.551446140161523046e-01,-1.317303269878252081e+00,1.944739840795353114e+00,4.539904997395468600e-01,-1.314523834253633616e+00,5.825040223811502882e-01,-3.902793963183129877e-01,2.482918862656309424e-03,-2.779435624618464828e-03,2.541487447848499431e-03,2.972270000000000190e-01
4.600000000000000533e+00,1.954032839959598089e+00,4.268807113163677336e-01,-1.336817239694167769e+00,1.954032839959598089e+00,4.268807113163677336e-01,-1.336817239694167769e+00,1.951833523877494647e+00,4.257792915650728816e-01,-1.334194433894803744e+00,5.884644686754991749e-01,-3.790961175897478164e-01,2.396216760624790207e-03,-2.622805799363803203e-03,2.459698497284016228e-03,2.962950000000000306e-01
4.650000000000000355e+00,1.960582956942090505e+00,3.981962882807800752e-01,-1.355772045573655049e+00,1.960582956942090505e+00,3.981962882807800752e-01,-1.355772045573655049e+00,1.958445621243531498e+00,3.971478906347806204e-01,-1.353304289689402307e+00,5.940815201448135241e-01,-3.689126471625266968e-01,2.313208422372506953e-03,-2.467755884252742504e-03,2.380617884598852305e-03,3.047009999999999996e-01
4.700000000000000178e+00,1.966652951622461787e+00,3.691194542173646398e-01,-1.374217677931781401e+00,1.966652951622461787e+00,3.691194542173646398e-01,-1.374217677931781401e+00,1.964574501457377442e+00,3.681245526846777527e-01,-1.371902576303441368e+00,5.993362076478152556e-01,-3.596855658518989807e-01,2.234052721842398614e-03,-2.315101628339810702e-03,2.304296888094469441e-03,2.966260000000000563e-01
4.750000000000000000e+00,1.972241335521863093e+00,3.396787428431178868e-01,-1.392201956224376369e+00,1.972241335521863093e+00,3.396787428431178868e-01,-1.392201956224376369e+00,1.970218652309547958e+00,3.387379202452913129e-01,-1.390036498327183789e+00,6.042113738104240017e-01,-3.513743511377813156e-01,2.158866731249375025e-03,-2.165457897192801795e-03,2.230783391089913997e-03,2.952739999999999809e-01
4.800000000000000711e+00,1.977346707834079398e+00,3.099030789747643788e-01,-1.409770673781265415e+00,1.977346707834079398e+00,3.099030789747643788e-01,-1.409770673781265415e+00,1.975376681190275541e+00,3.090169943749475068e-01,-1.407751407822099621e+00,6.086915829405967759e-01,-3.439416396806219689e-01,2.087731700750026804e-03,-2.019265959165572610e-03,2.160127518302962582e-03,3.130870000000000597e-01
4.850000000000000533e+00,1.981967762766671859e+00,2.798217453664641474e-01,-1.426967755765296442e+00,1.981967762766671859e+00,2.798217453664641474e-01,-1.426967755765296442e+00,1.980047315433115074e+00,2.789911060392295528e-01,-1.425090937290525384e+00,6.127630404904579331e-01,-3.373533922436393606e-01,2.020698607330180096e-03,-1.876818474770836076e-03,2.092386114682016820e-03,2.993609999999999882e-01
4.900000000000000355e+00,1.986103295777145172e+00,2.494643497263217546e-01,-1.443835425377478332e+00,1.986103295777145172e+00,2.494643497263217546e-01,-1.443835425377478332e+00,1.984229402628955752e+00,2.486898871648543785e-01,-1.442097143385252966e+00,6.164135217837370950e-01,-3.315789863421502726e-01,1.957793234126262421e-03,-1.738281992225587658e-03,2.027626146493940497e-03,2.961850000000000316e-01
4.950000000000000178e+00,1.989752208850891213e+00,2.188607919222237685e-01,-1.460414374694585904e+00,1.989752208850891213e+00,2.188607919222237685e-01,-1.460414374694585904e+00,1.987921910910359413e+00,2.181432413965423145e-01,-1.458810657793825349e+00,6.196323095861302477e-01,-3.265912568559334317e-01,1.899020765932117822e-03,-1.603716900760332464e-03,1.965927086140449500e-03,3.191780000000000173e-01
5.000000000000000000e+00,1.992913514952664888e+00,1.880412313744454778e-01,-1.476743937537382534e+00,1.992913514952664888e+00,1.880412313744454778e-01,-1.476743937537382534e+00,1.991123929206159993e+00,1.873813145857245732e-01,-1.475270842638946034e+00,6.224101400223100988e-01,-3.223665006062067517e-01,1.844369904525046226e-03,-1.473094898436499989e-03,1.907382319339569763e-03,2.978580000000000116e-01
5.050000000000000711e+00,1.995586341768462946e+00,1.570360546252729250e-01,-1.492862262567692833e+00,1.995586341768462946e+00,1.570360546252729250e-01,-1.492862262567692833e+00,1.993834667466255928e+00,1.564344650402309800e-01,-1.491515948466642039e+00,6.247391563170188178e-01,-3.188844574121691977e-01,1.793816519967915239e-03,-1.346314101050793965e-03,1.852099589612659974e-03,2.971369999999999845e-01
5.100000000000000533e+00,1.997769934840514017e+00,1.258758430728545985e-01,-1.508806485438301204e+00,1.997769934840514017e+00,1.258758430728545985e-01,-1.508806485438301204e+00,1.996053456856543118e+00,1.253332335643040918e-01,-1.507583273474969898e+00,6.266128698456746582e-01,-3.161282772912951677e-01,1.747326862272126097e-03,-1.223211963331305441e-03,1.800200474454504611e-03,3.196690000000000365e-01
5.150000000000000355e+00,1.999463660184970015e+00,9.459134085623124855e-02,-1.524612899302866031e+00,1.999463660184970015e+00,9.459134085623124855e-02,-1.524612899302866031e+00,1.997779749923940029e+00,9.410831331851435277e-02,-1.523509323095280088e+00,6.280261280104781907e-01,-3.140844811604336373e-01,1.704860362653957311e-03,-1.103576207586165481e-03,1.751818874597177922e-03,3.004939999999999833e-01
5.200000000000000178e+00,2.000667006470009834e+00,6.321342288006473464e-02,-1.540317123360887663e+00,2.000667006470009834e+00,6.321342288006473464e-02,-1.540317123360887663e+00,1.999013120731463200e+00,6.279051952931313796e-02,-1.539329969395177633e+00,6.289750885044295137e-01,-3.127429205115303534e-01,1.666372055901372889e-03,-9.871539657098082898e-04,1.707098497522879874e-03,2.984800000000000231e-01
5.250000000000000000e+00,2.001379586821407042e+00,3.177306297020159737e-02,-1.555954269386464084e+00,2.001379586821407042e+00,3.177306297020159737e-02,-1.555954269386464084e+00,1.999753264963321175e+00,3.141075907812823642e-02,-1.555080610045283418e+00,6.294571995814146614e-01,-3.120967400081919307e-01,1.631814655647419047e-03,-8.736593411806659049e-04,1.666189333869164515e-03,3.114040000000000696e-01
5.300000000000000711e+00,2.001601140313174820e+00,3.013021544051308620e-04,-1.571559106386873683e+00,2.001601140313174820e+00,3.013021544051308620e-04,-1.571559106386873683e+00,2.000000000000000000e+00,1.224646799147353207e-16,-1.570796326794896558e+00,6.294711860119657221e-01,-3.121423456837695287e-01,1.601140313174820307e-03,-7.627795919771251931e-04,1.629243165007194811e-03,2.995410000000000017e-01
5.350000000000000533e+00,2.001331533192560297e+00,-3.117078293404547396e-02,-1.587166223671062193e+00,2.001331533192560297e+00,-3.117078293404547396e-02,-1.587166223671062193e+00,1.999753264963321175e+00,-3.141075907812888174e-02,-1.586512043544509476e+00,6.290170404683910199e-01,-3.128793803516667360e-01,1.574302088082010515e-03,-6.541801265527169562e-04,1.596408203798368270e-03,2.965860000000000163e-01
5.400000000000000355e+00,2.000570759881353577e+00,-6.261211152887205533e-02,-1.602810192688645552e+00,2.000570759881353577e+00,-6.261211152887205533e-02,-1.602810192688645552e+00,1.999013120731463200e+00,-6.279051952931377634e-02,-1.602262684194615705e+00,6.280960201481442517e-01,-3.143107069045016910e-01,1.551255156063723224e-03,-5.475084940300689595e-04,1.567823056308597198e-03,3.045610000000000261e-01
5.450000000000000178e+00,1.999318943789038183e+00,-9.399163007532487790e-02,-1.618525728033870736e+00,1.999318943789038183e+00,-9.399163007532487790e-02,-1.618525728033870736e+00,1.997779749923940029e+00,-9.410831331851454706e-02,-1.618083330494513472e+00,6.267106485086119116e-01,-3.164423993133199664e-01,1.531957775366823938e-03,-4.423975393574863801e-04,1.543610292009305572e-03,2.971970000000000445e-01
5.500000000000000000e+00,1.997576337967638560e+00,-1.252783434398527518e-01,-1.634347847999536807e+00,1.997576337967638560e+00,-1.252783434398527518e-01,-1.634347847999536807e+00,1.996053456856543118e+00,-1.253332335643042861e-01,-1.634009380114828769e+00,6.248647220496655885e-01,-3.192837402969787575e-01,1.516372029323578710e-03,-3.384678847080380137e-04,1.523870008988165983e-03,2.954140000000000099e-01
5.550000000000000711e+00,1.995343325633104570e+00,-1.564413459756798241e-01,-1.650312035014385836e+00,1.995343325633104570e+00,-1.564413459756798241e-01,-1.650312035014385836e+00,1.993834667466255928e+00,-1.564344650402307302e-01,-1.650076705123156628e+00,6.225633221415914909e-01,-3.228472237545291779e-01,1.504464357861308790e-03,-2.353298912289858436e-04,1.508673858616155477e-03,3.007240000000000468e-01
5.600000000000000533e+00,1.992620420573553153e+00,-1.874498524331171256e-01,-1.666454396202112331e+00,1.992620420573553153e+00,-1.874498524331171256e-01,-1.666454396202112331e+00,1.991123929206159993e+00,-1.873813145857247675e-01,-1.666321810950852189e+00,6.198128319544170539e-01,-3.271485590914874342e-01,1.496205886031924713e-03,-1.325852512601422006e-04,1.498060028572763356e-03,2.976280000000000037e-01
5.650000000000000355e+00,1.989408267460567759e+00,-2.182732287019550355e-01,-1.682811824156686731e+00,1.989408267460567759e+00,-2.182732287019550355e-01,-1.682811824156686731e+00,1.987921910910359413e+00,-2.181432413965429529e-01,-1.682781995795967767e+00,6.166209586000725995e-01,-3.322066734690719558e-01,1.491572552448087096e-03,-2.982836071918626430e-05,1.492029655843189837e-03,3.033790000000000098e-01
5.700000000000000178e+00,1.985707642075891899e+00,-2.488810223722539572e-01,-1.699422157830140279e+00,1.985707642075891899e+00,-2.488810223722539572e-01,-1.699422157830140279e+00,1.984229402628955752e+00,-2.486898871648545728e-01,-1.699495510204540816e+00,6.129967606504600486e-01,-3.380437067005204743e-01,1.490545035021770010e-03,7.335237440031505685e-05,1.490545044601367108e-03,3.039789999999999992e-01
5.750000000000000000e+00,1.981519451462106396e+00,-2.792429930993101661e-01,-1.716324343165166244e+00,1.981519451462106396e+00,-2.792429930993101661e-01,-1.716324343165166244e+00,1.980047315433115074e+00,-2.789911060392292752e-01,-1.716501716299274394e+00,6.089506812406415559e-01,-3.446849919554922370e-01,1.493108465536623942e-03,1.773731341083717439e-04,1.493529905589618002e-03,2.976280000000000037e-01
5.800000000000000711e+00,1.976844734002106252e+00,-3.093291427584838327e-01,-1.733558592762940886e+00,1.976844734002106252e+00,-3.093291427584838327e-01,-1.733558592762940886e+00,1.975376681190275541e+00,-3.090169943749468962e-01,-1.733841245767686834e+00,6.044945870065611127e-01,-3.521590135316815529e-01,1.499251918313542669e-03,2.826530047457254113e-04,1.500871637305729216e-03,3.018050000000000455e-01
5.850000000000000533e+00,1.971684659428214026e+00,-3.391097453759873148e-01,-1.751166543439524936e+00,1.971684659428214026e+00,-3.391097453759873148e-01,-1.751166543439524936e+00,1.970218652309547736e+00,-3.387379202452919236e-01,-1.751556155262608883e+00,5.996418131377871941e-01,-3.604973306407903144e-01,1.508967651489348527e-03,3.896118230839462626e-04,1.512425469170922132e-03,3.065539999999999932e-01
5.900000000000000355e+00,1.966040528757400985e+00,-3.685553768226204618e-01,-1.769191409971564433e+00,1.966040528757400985e+00,-3.685553768226204618e-01,-1.769191409971564433e+00,1.964574501457377442e+00,-3.681245526846779192e-01,-1.769690077286353080e+00,5.944072148451913229e-01,-3.697344533617274442e-01,1.522250072201468060e-03,4.986673147886477864e-04,1.528020118404287402e-03,2.994519999999999960e-01
5.950000000000000178e+00,1.959913774144095511e+00,-3.976369442588043590e-01,-1.787678132639650919e+00,1.959913774144095511e+00,-3.976369442588043590e-01,-1.787678132639650919e+00,1.958445621243531498e+00,-3.971478906347807869e-01,-1.788288363900390143e+00,5.888072255475171879e-01,-3.799076535344099725e-01,1.539094389250883444e-03,6.102312607394466681e-04,1.547464502534747237e-03,2.954440000000000399e-01
6.000000000000000000e+00,1.953305958636164075e+00,-4.263257153211272299e-01,-1.806673515316371326e+00,1.953305958636164075e+00,-4.263257153211272299e-01,-1.806673515316371326e+00,1.951833523877494869e+00,-4.257792915650726595e-01,-1.807398219694988484e+00,5.828599220630305000e-01,-3.910566893343452310e-01,1.559494908631399532e-03,7.247043786171580848e-04,1.570555010089753640e-03,3.022270000000000234e-01
6.050000000000000711e+00,1.946218775812548651e+00,-4.545933470429102674e-01,-1.826226349783088621e+00,1.946218775812548651e+00,-4.545933470429102674e-01,-1.826226349783088621e+00,1.944739840795353336e+00,-4.539904997395466935e-01,-1.827068819336157723e+00,5.765850970474046822e-01,-4.032234175212829896e-01,1.583442918839834956e-03,8.424695530688808276e-04,1.597082858294847623e-03,2.962250000000000161e-01
6.100000000000000533e+00,1.938654049272307667e+00,-4.824119145040102197e-01,-1.846387520659152681e+00,1.938654049272307667e+00,-4.824119145040102197e-01,-1.846387520659152681e+00,1.937166322257262152e+00,-4.817536741017157675e-01,-1.847351403644325707e+00,5.700043388353172036e-01,-4.164512618418914069e-01,1.610924104322055675e-03,9.638829851730257303e-04,1.626841141141014855e-03,2.962150000000000061e-01
6.150000000000000355e+00,1.930613731933991328e+00,-5.097539392080557841e-01,-1.867210083751247307e+00,1.930613731933991328e+00,-5.097539392080557841e-01,-1.867210083751247307e+00,1.929114836915596154e+00,-5.090414157503712067e-01,-1.868299346513841330e+00,5.631411187115525907e-01,-4.307844998112911328e-01,1.641915417256135110e-03,1.089262762594245260e-03,1.659631270469635357e-03,3.010850000000000470e-01
6.200000000000000178e+00,1.922099905090829841e+00,-5.365924171883955651e-01,-1.888749308741811905e+00,1.922099905090829841e+00,-5.365924171883955651e-01,-1.888749308741811905e+00,1.920587371353886130e+00,-5.358267949789967677e-01,-1.889968183021265347e+00,5.560208854405787049e-01,-4.462673232135128676e-01,1.676381330799016876e-03,1.218874279453441289e-03,1.695268613794758718e-03,2.975780000000000092e-01
6.250000000000000000e+00,1.913114777150455303e+00,-5.629008468468836845e-01,-1.911062674902487490e+00,1.913114777150455303e+00,-5.629008468468836845e-01,-1.911062674902487490e+00,1.911586029596660463e+00,-5.620833778521302504e-01,-1.912415586767242104e+00,5.486711666049262082e-01,-4.629426203899768555e-01,1.714269391962293171e-03,1.352911864754613447e-03,1.733587217481975546e-03,2.965750000000000330e-01
6.300000000000000711e+00,1.903660681967147994e+00,-5.886532565317311727e-01,-1.934209805921986325e+00,1.903660681967147994e+00,-5.886532565317311727e-01,-1.934209805921986325e+00,1.902113032590307284e+00,-5.877852522924730261e-01,-1.935701281842202803e+00,5.411216759186590064e-01,-4.808504211938174344e-01,1.755504990972113575e-03,1.491475920216700501e-03,1.774443561515989852e-03,3.015550000000000175e-01
6.350000000000000533e+00,1.893740076649109261e+00,-6.138242318612282533e-01,-1.958252326981677172e+00,1.893740076649109261e+00,-6.138242318612282533e-01,-1.958252326981677172e+00,1.892170717655090595e+00,-6.129070536529765967e-01,-1.959886871818169674e+00,5.334044251660730040e-01,-5.000259391413721666e-01,1.799985268383487566e-03,1.634544836492501929e-03,1.817719317661282454e-03,2.977480000000000127e-01
6.400000000000000355e+00,1.883355538692344400e+00,-6.383889427980136144e-01,-1.983253623938745713e+00,1.883355538692344400e+00,-6.383889427980136144e-01,-1.983253623938745713e+00,1.881761537908450910e+00,-6.374239897486899675e-01,-1.985035564911772354e+00,5.255538387364501185e-01,-5.204971409771823598e-01,1.847572094187842221e-03,1.781940973026863162e-03,1.863323076240957403e-03,2.955740000000000034e-01
6.450000000000000178e+00,1.872509762255852861e+00,-6.623231704720505819e-01,-2.009278480987604976e+00,1.872509762255852861e+00,-6.623231704720505819e-01,-2.009278480987604976e+00,1.870888061659734536e+00,-6.613118653236520483e-01,-2.011211771068134979e+00,5.176068678465634010e-01,-5.422817733276465990e-01,1.898084078335918884e-03,1.933290080530003507e-03,1.911190970737333510e-03,2.958850000000000091e-01
6.500000000000000000e+00,1.861205553349939867e+00,-6.856033337371598702e-01,-2.036392569653987294e+00,1.861205553349939867e+00,-6.856033337371598702e-01,-2.036392569653987294e+00,1.859552971776502694e+00,-6.845471059286887261e-01,-2.038480543411675505e+00,5.096031004263117392e-01,-5.653837817686163669e-01,1.951287614076474683e-03,2.087973757688210696e-03,1.961286067928857436e-03,3.098810000000000175e-01
6.550000000000000711e+00,1.849445823661296284e+00,-7.082065154226204751e-01,-2.064661758742418307e+00,1.849445823661296284e+00,-7.082065154226204751e-01,-2.064661758742418307e+00,1.847759065022573477e+00,-7.071067811865474617e-01,-2.066906833657927933e+00,5.015848612485479530e-01,-5.897890726953380902e-01,2.006887019675373911e-03,2.245074915509626123e-03,2.013596308920214371e-03,2.983799999999999786e-01
6.600000000000000533e+00,1.837233582687312072e+00,-7.301104882036500987e-01,-2.094151212377185267e+00,1.837233582687312072e+00,-7.301104882036500987e-01,-2.094151212377185267e+00,1.835509251367962280e+00,-7.289686274214115524e-01,-2.096554529215123086e+00,4.935972951767144679e-01,-6.154605969152926459e-01,2.064513936397029820e-03,2.403316837937818917e-03,2.068130688545822844e-03,3.022560000000000247e-01
6.650000000000000355e+00,1.824571927802421056e+00,-7.512937399571147923e-01,-2.124924242222949733e+00,1.824571927802421056e+00,-7.512937399571147923e-01,-2.124924242222949733e+00,1.822806553270890362e+00,-7.501110696304598147e-01,-2.127485239566099473e+00,4.856884243548866276e-01,-6.423327806105980642e-01,2.123716266957356713e-03,2.560997343149740146e-03,2.124913254259432494e-03,2.988000000000000100e-01
6.700000000000000178e+00,1.811464031839378652e+00,-7.717354983850647221e-01,-2.157040881253479814e+00,1.811464031839378652e+00,-7.717354983850647221e-01,-2.157040881253479814e+00,1.809654104932038932e+00,-7.705132427757893643e-01,-2.159756802087212879e+00,4.779091677659156878e-01,-6.703053992433088970e-01,2.183947103566378448e-03,2.715920833733065365e-03,2.183974401021541480e-03,2.960850000000000426e-01
6.750000000000000000e+00,1.797913127751742612e+00,-7.914157545716205000e-01,-2.190556151215645286e+00,1.797913127751742612e+00,-7.914157545716205000e-01,-2.190556151215645286e+00,1.796055151521231297e+00,-7.901550123756904132e-01,-2.193421483935332539e+00,4.703133088539558915e-01,-6.992370874968362182e-01,2.244554299513315358e-03,2.865332719687252450e-03,2.245338851430593065e-03,2.951230000000000242e-01
6.800000000000000711e+00,1.783922489951468737e+00,-8.103152849817506498e-01,-2.225518005590487292e+00,1.783922489951468737e+00,-8.103152849817506498e-01,-2.225518005590487292e+00,1.782013048376735798e+00,-8.090169943749473402e-01,-2.228523868394610030e+00,4.629573939154967843e-01,-7.289388057681598365e-01,2.304771578409600761e-03,3.005862804122738652e-03,2.309009663694007626e-03,2.969370000000000065e-01
6.850000000000000533e+00,1.769495412018123659e+00,-8.284156712096423236e-01,-2.261964945878895072e+00,1.769495412018123659e+00,-8.284156712096423236e-01,-2.261964945878895072e+00,1.767531260177386487e+00,-8.270805742745621636e-01,-2.265098432522955285e+00,4.559005408424443573e-01,-7.591677390677968873e-01,2.363712336464953573e-03,3.133486644060212711e-03,2.374947637218904461e-03,2.950130000000000252e-01
6.900000000000000355e+00,1.754635180696074492e+00,-8.456993165420374492e-01,-2.299923332832285006e+00,1.754635180696074492e+00,-8.456993165420374492e-01,-2.299923332832285006e+00,1.752613360087727390e+00,-8.443279255020148533e-01,-2.303166849242186842e+00,4.492041347817861685e-01,-7.896222783427951919e-01,2.420367547632773855e-03,3.243516409901836539e-03,2.443045631377217027e-03,2.949530000000000207e-01
6.950000000000000178e+00,1.739345046487673407e+00,-8.621494581322426409e-01,-2.339404446749424604e+00,1.739345046487673407e+00,-8.621494581322426409e-01,-2.339404446749424604e+00,1.737263028876382398e+00,-8.607420270039437549e-01,-2.342735081697066235e+00,4.429313847232486112e-01,-8.199389078479997206e-01,2.473609383772500635e-03,3.330634947641630816e-03,2.513097633326368940e-03,3.024170000000000469e-01
7.000000000000000000e+00,1.723628191777598628e+00,-8.777501733175742116e-01,-2.380401392141824779e+00,1.723628191777598628e+00,-8.777501733175742116e-01,-2.380401392141824779e+00,1.721484054007887288e+00,-8.763066800438635839e-01,-2.383790380104093387e+00,4.371467134889263084e-01,-8.496919631539254780e-01,2.522202247668356608e-03,3.388987962268608101e-03,2.584762969161881821e-03,2.955440000000000289e-01
7.050000000000000711e+00,1.707487698349727578e+00,-8.924863784203508343e-01,-2.422885990299521008e+00,1.707487698349727578e+00,-8.924863784203508343e-01,-2.422885990299521008e+00,1.705280328708184578e+00,-8.910065241883677878e-01,-2.426298338943762012e+00,4.319149538868186089e-01,-8.783972875527431556e-01,2.564822804918491690e-03,3.412348644241003370e-03,2.657526910931252203e-03,3.054520000000000013e-01
7.100000000000000533e+00,1.690926517426408093e+00,-9.063438183534172632e-01,-2.466805854677158294e+00,1.690926517426408093e+00,-9.063438183534172632e-01,-2.466805854677158294e+00,1.688655851004029929e+00,-9.048270524660197989e-01,-2.470200220386382650e+00,4.273003270725845293e-01,-9.055207457265012083e-01,2.600090204049132839e-03,3.394365709224356209e-03,2.730660132438358229e-03,3.119139999999999691e-01
7.150000000000000355e+00,1.673947446958134577e+00,-9.193090456541124222e-01,-2.512081891963483304e+00,1.673947446958134577e+00,-9.193090456541124222e-01,-2.512081891963483304e+00,1.671614722736540326e+00,-9.177546256839812511e-01,-2.515410790842171007e+00,4.233651870843387899e-01,-9.304922990815084338e-01,2.626606918790823884e-03,3.328898878687702734e-03,2.803181003352280334e-03,2.950730000000000297e-01
7.200000000000000178e+00,1.656553122696682534e+00,-9.313693883834001097e-01,-2.558606506917558754e+00,1.656553122696682534e+00,-9.313693883834001097e-01,-2.558606506917558754e+00,1.654161148549123439e+00,-9.297764858882514583e-01,-2.561816941836501993e+00,4.201685302501574348e-01,-9.527258713070697604e-01,2.643009501589236709e-03,3.210434918943239069e-03,2.873826487741015009e-03,2.954140000000000099e-01
7.250000000000000000e+00,1.638746031294898042e+00,-9.425129078457897824e-01,-2.606242800482912347e+00,1.638746031294898042e+00,-9.425129078457897824e-01,-2.606242800482912347e+00,1.636299434850046808e+00,-9.408807689542254549e-01,-2.609277363450290377e+00,4.177642922933036407e-01,-9.716445387115280052e-01,2.648027051755871136e-03,3.034562967378029441e-03,2.941039191394009909e-03,3.023359999999999936e-01
7.300000000000000711e+00,1.620528554744022243e+00,-9.527283494458425039e-01,-2.654825027418488581e+00,1.620528554744022243e+00,-9.527283494458425039e-01,-2.654825027418488581e+00,1.618033988749894903e+00,-9.510565162951535312e-01,-2.657623499136287482e+00,4.161994918063464666e-01,-9.867097300481633138e-01,2.640543535504786318e-03,2.798471717798900471e-03,3.002979450945201124e-03,2.962250000000000161e-01
7.350000000000000533e+00,1.601903055069827886e+00,-9.620050931534871452e-01,-2.704160513920896847e+00,1.601903055069827886e+00,-9.620050931534871452e-01,-2.704160513920896847e+00,1.599369316974181388e+00,-9.602936856769429541e-01,-2.706661930051141862e+00,4.155123269015880139e-01,-9.974522450819454100e-01,2.619658533271305122e-03,2.501416130245015523e-03,3.057571632538099837e-03,2.939410000000000633e-01
7.400000000000000355e+00,1.582872005373969548e+00,-9.703331136200827878e-01,-2.754033126174994184e+00,1.582872005373969548e+00,-9.703331136200827878e-01,-2.754033126174994184e+00,1.580310024751380604e+00,-9.685831611286311871e-01,-2.756178217799818864e+00,4.157303884781827219e-01,-1.003502185578148964e+00,2.584739916528597768e-03,2.145091624824679855e-03,3.102592211822059395e-03,3.020059999999999967e-01
7.450000000000000178e+00,1.563438167158861969e+00,-9.777029631058852255e-01,-2.804208235453901743e+00,1.563438167158861969e+00,-9.777029631058852255e-01,-2.804208235453901743e+00,1.560860814676659380e+00,-9.759167619387474346e-01,-2.805942088609573837e+00,4.168692073619738592e-01,-1.004614534396516934e+00,2.535461780160720019e-03,1.733853155672093749e-03,3.135802995565928342e-03,2.947120000000000295e-01
7.500000000000000000e+00,1.543604804198845715e+00,-9.841057916884642376e-01,-2.854438962173727390e+00,1.543604804198845715e+00,-9.841057916884642376e-01,-2.854438962173727390e+00,1.541026485551578507e+00,-9.822872507286887211e-01,-2.855713690087237744e+00,4.189313830810776351e-01,-1.000687273000720134e+00,2.471821988451299891e-03,1.274727913510353972e-03,3.155125713696217086e-03,2.959750000000000436e-01
7.550000000000000711e+00,1.523375911120667059e+00,-9.895334171391102496e-01,-2.904473325823763386e+00,1.523375911120667059e+00,-9.895334171391102496e-01,-2.904473325823763386e+00,1.520811931200062084e+00,-9.876883405951376593e-01,-2.905250519728249881e+00,4.219065230084692031e-01,-9.917696649003658882e-01,2.394136006907761089e-03,7.771939044864950574e-04,3.158844802516156021e-03,3.033680000000000265e-01
7.600000000000000533e+00,1.502756423188530865e+00,-9.939784502201658434e-01,-2.954061809068781574e+00,1.502756423188530865e+00,-9.939784502201658434e-01,-2.954061809068781574e+00,1.500222139260918741e+00,-9.921147013144778759e-01,-2.954314537334560065e+00,4.257721304876670998e-01,-9.780595257792542574e-01,2.303007008031665755e-03,2.527282657784901687e-04,3.145815476026245054e-03,2.953739999999999699e-01
7.650000000000000355e+00,1.481752366882287175e+00,-9.974344701360794430e-01,-3.002964785357744137e+00,1.481752366882287175e+00,-9.974344701360794430e-01,-3.002964785357744137e+00,1.479262189957219142e+00,-9.955619646030799963e-01,-3.002678949097496552e+00,4.304954195603732381e-01,-9.598897448433133528e-01,2.199275919604243117e-03,-2.858362602475850167e-04,3.115647298597006530e-03,2.953640000000000154e-01
7.700000000000000178e+00,1.460370913085011546e+00,-9.998962316607954426e-01,-3.050959272599909955e+00,1.460370913085011546e+00,-9.998962316607954426e-01,-3.050959272599909955e+00,1.457937254842822883e+00,-9.980267284282715590e-01,-3.050134194394631404e+00,4.360358369481332486e-01,-9.377057353439282039e-01,2.083958275370236500e-03,-8.250782052785510245e-04,3.068832803557415122e-03,3.024570000000000314e-01
7.750000000000000000e+00,1.438620308187425367e+00,-1.001359874094829516e+00,-3.097844559367106232e+00,1.438620308187425367e+00,-1.001359874094829516e+00,-3.097844559367106232e+00,1.436252595526377629e+00,-9.995065603657316000e-01,-3.096492768355989078e+00,4.423479038040129541e-01,-9.120365717173424258e-01,1.958176602154219990e-03,-1.351791011117153829e-03,3.006798134851853838e-03,2.965960000000000263e-01
7.800000000000000711e+00,1.416509681137776644e+00,-1.001823097131652851e+00,3.139738919226612524e+00,1.416509681137776644e+00,-1.001823097131652851e+00,3.139738919226612524e+00,1.414213562373095145e+00,-1.000000000000000000e+00,3.141592653589789563e+00,4.493839182104685248e-01,-8.834631280612014192e-01,1.823097131652842576e-03,-1.853734363177039768e-03,2.931867072867278511e-03,2.960949999999999971e-01
7.850000000000000533e+00,1.394048750142108162e+00,-1.001285272669882431e+00,3.095565762823552447e+00,1.394048750142108162e+00,-1.001285272669882431e+00,3.095565762823552447e+00,1.391825593184628174e+00,-9.995065603657314890e-01,3.097886020062567525e+00,4.570961179693404652e-01,-8.525865134043258964e-01,1.679877890772646593e-03,-2.320257239015077744e-03,2.847146697753670866e-03,3.028370000000000228e-01
7.900000000000000355e+00,1.371247473203768941e+00,-9.997474739736773586e-01,3.052936437153336513e+00,1.371247473203768941e+00,-9.997474739736773586e-01,3.052936437153336513e+00,1.369094211857377674e+00,-9.980267284282715590e-01,3.055679178538552421e+00,4.654380696423069397e-01,-8.199995840471850927e-01,1.529632260038786898e-03,-2.742741385215907712e-03,2.756356228410368481e-03,2.957240000000000424e-01
7.950000000000000178e+00,1.348115695644910961e+00,-9.972124204366346056e-01,3.011936457950977086e+00,1.348115695644910961e+00,-9.972124204366346056e-01,3.011936457950977086e+00,1.346025027019546627e+00,-9.955619646030799963e-01,3.015051301811090489e+00,4.743652573983127563e-01,-7.862634789715636785e-01,1.373408762915796734e-03,-3.114843860113403196e-03,2.663625303903916549e-03,2.937310000000000199e-01
8.000000000000000000e+00,1.324662843415171931e+00,-9.936843521460969608e-01,2.972623284002398947e+00,1.324662843415171931e+00,-9.936843521460969608e-01,2.972623284002398947e+00,1.322623730647303653e+00,-9.921147013144778759e-01,2.976055829719888024e+00,4.838350194625911649e-01,-7.518901819226468941e-01,1.212185011112142195e-03,-3.432545717489077219e-03,2.573282847509367026e-03,3.258110000000000173e-01
8.050000000000000711e+00,1.300897696426891237e+00,-9.891688590408163062e-01,2.935028774906266236e+00,1.300897696426891237e+00,-9.891688590408163062e-01,2.935028774906266236e+00,1.298896096660367538e+00,-9.876883405951377704e-01,2.938722810654413209e+00,4.938060740161951401e-01,-7.173312491305539051e-01,1.046871940435139484e-03,-3.694035748146973219e-03,2.489645857013023447e-03,2.971570000000000600e-01
8.099999999999999645e+00,1.276828257174443593e+00,-9.836726928424384120e-01,2.899162212449738263e+00,1.276828257174443593e+00,-9.836726928424384120e-01,2.899162212449738263e+00,1.274847979497379047e+00,-9.822872507286886101e-01,2.903061683423501016e+00,5.042378846244446322e-01,-6.829721770779042522e-01,8.783238791090742462e-04,-3.899470973762753090e-03,2.416805645647094984e-03,3.247079999999999966e-01
8.150000000000000355e+00,1.252461712239932190e+00,-9.772035869268855812e-01,2.865013603595842895e+00,1.252461712239932190e+00,-9.772035869268855812e-01,2.865013603595842895e+00,1.250485312671410165e+00,-9.759167619387473236e-01,2.869064263023924255e+00,5.150900629113570606e-01,-6.491314685608441382e-01,7.073503972380402408e-04,-4.050659428081360147e-03,2.358404928028915142e-03,3.264220000000000454e-01
8.200000000000001066e+00,1.227804471659442065e+00,-9.697701023155138600e-01,2.832557030167800249e+00,1.227804471659442065e+00,-9.697701023155138600e-01,2.832557030167800249e+00,1.225814107305952749e+00,-9.685831611286310761e-01,2.836707737742125701e+00,5.263219287162032023e-01,-6.160632744292918739e-01,5.347269060013639004e-04,-4.150707574325451787e-03,2.317407957343646692e-03,3.130569999999999742e-01
8.250000000000000000e+00,1.202862264675562232e+00,-9.613815097325215664e-01,2.801753866446335728e+00,1.202862264675562232e+00,-9.613815097325215664e-01,2.801753866446335728e+00,1.200840450651768032e+00,-9.602936856769430651e-01,2.805957533592601472e+00,5.378922743461795886e-01,-5.839624922786278427e-01,3.612022035393700663e-04,-4.203667146265743781e-03,2.295886130169819822e-03,3.061640000000000472e-01
8.300000000000000711e+00,1.177640269343989798e+00,-9.520477102786810697e-01,2.772555741832404053e+00,1.177640269343989798e+00,-9.520477102786810697e-01,2.772555741832404053e+00,1.175570504584946496e+00,-9.510565162951536422e-01,2.776769948628340146e+00,5.497593254136042829e-01,-5.529713283047634764e-01,1.875022917097730717e-04,-4.214206795936092931e-03,2.294862015625024221e-03,3.306500000000000550e-01
8.349999999999999645e+00,1.152143256069349420e+00,-9.417791918216865676e-01,2.744907175417165668e+00,1.152143256069349420e+00,-9.417791918216865676e-01,2.744907175417165668e+00,1.150010504086557361e+00,-9.408807689542255659e-01,2.749094500030647481e+00,5.618808596965731983e-01,-5.231865152683723430e-01,1.433064075308427849e-05,-4.187324613481813174e-03,2.314258989154045591e-03,3.221740000000000159e-01
8.400000000000000355e+00,1.126375729604748521e+00,-9.305870149531820790e-01,2.718747849653746940e+00,1.126375729604748521e+00,-9.305870149531820790e-01,2.718747849653746940e+00,1.124166755704261611e+00,-9.297764858882515693e-01,2.722875959199578588e+00,5.742144337837579160e-01,-4.946665824233792974e-01,-1.576343932124764976e-04,-4.128109545831648575e-03,2.352981737738200040e-03,3.005230000000000401e-01
8.450000000000001066e+00,1.100342058936609746e+00,-9.184828210205762122e-01,2.694014520532578061e+00,1.100342058936609746e+00,-9.184828210205762122e-01,2.694014520532578061e+00,1.098045635996263369e+00,-9.177546256839810290e-01,2.698056074055870113e+00,5.867176685974392347e-01,-4.674387624444442113e-01,-3.277440578434887182e-04,-4.041553523292051864e-03,2.409113274461802730e-03,3.092590000000000616e-01
8.500000000000000000e+00,1.074046588896381937e+00,-9.054788547829593082e-01,2.670642582410355459e+00,1.074046588896381937e+00,-9.054788547829593082e-01,2.670642582410355459e+00,1.071653589957992425e+00,-9.048270524660191327e-01,2.674574994186608379e+00,5.993485531784831233e-01,-4.415052796859504358e-01,-4.953846463738625005e-04,-3.932411776252919822e-03,2.480179465180274833e-03,2.982190000000000119e-01
8.550000000000000711e+00,1.047493730867121497e+00,-8.915879951231168166e-01,2.648567318426057859e+00,1.047493730867121497e+00,-8.915879951231168166e-01,2.648567318426057859e+00,1.044997129431897820e+00,-8.910065241883680098e-01,2.652372424588197219e+00,6.120657368748351201e-01,-4.168488881750672115e-01,-6.599830606554853542e-04,-3.805106162139360038e-03,2.563420990457591225e-03,2.970070000000000210e-01
8.599999999999999645e+00,1.020688032487597541e+00,-8.768237885268047593e-01,2.627724874017304479e+00,1.020688032487597541e+00,-8.768237885268047593e-01,2.627724874017304479e+00,1.018082831500742191e+00,-8.763066800438633619e-01,2.631388538998237436e+00,6.248287905389683372e-01,-3.934376181084624502e-01,-8.210118569228132702e-04,-3.663664980932956894e-03,2.656025859257029036e-03,3.236970000000000125e-01
8.650000000000000355e+00,9.936342278911782788e-01,-8.612004814030416178e-01,2.608052993111881435e+00,9.936342278911782788e-01,-8.612004814030416178e-01,2.608052993111881435e+00,9.909173368648155344e-01,-8.607420270039439769e-01,2.611564685500640692e+00,6.375984261356486549e-01,-3.712287507485154681e-01,-9.779933442840180961e-04,-3.511692388759257710e-03,2.755299853950996837e-03,2.950929999999999942e-01
8.700000000000001066e+00,9.663372709269362204e-01,-8.447330485749491302e-01,2.589491555574455539e+00,9.663372709269362204e-01,-8.447330485749491302e-01,2.589491555574455539e+00,9.635073482034304249e-01,-8.443279255020149643e-01,2.592843916379339753e+00,6.503366708422744225e-01,-3.501720791912110720e-01,-1.130502497658813273e-03,-3.352360804884213508e-03,2.858773745023918643e-03,2.946920000000000650e-01
8.750000000000000000e+00,9.388023541882313250e-01,-8.274372163249005263e-01,2.571982951614895541e+00,9.388023541882313250e-01,-8.274372163249005263e-01,2.571982951614895541e+00,9.358596285211460142e-01,-8.270805742745613864e-01,2.575171371993001834e+00,6.630069963663891563e-01,-3.302125324487525382e-01,-1.278168604742038663e-03,-3.188420378106293640e-03,2.964258407054417514e-03,3.066849999999999854e-01
8.800000000000000711e+00,9.110349166922080411e-01,-8.093294792008760563e-01,2.555472324992457800e+00,9.110349166922080411e-01,-8.093294792008760563e-01,2.555472324992457800e+00,9.079809994790937200e-01,-8.090169943749475623e-01,2.558494545426458266e+00,6.755744071301605924e-01,-3.112922479181359781e-01,-1.420675684769948143e-03,-3.022220434000466582e-03,3.069862718590442383e-03,2.957340000000000524e-01
8.849999999999999645e+00,8.830406428510924055e-01,-7.904271103927014153e-01,2.539907712596551015e+00,8.830406428510924055e-01,-7.904271103927014153e-01,2.539907712596551015e+00,8.798783397118298266e-01,-7.901550123756900801e-01,2.542763451323974522e+00,6.880054925696952317e-01,-2.933521768163192545e-01,-1.557761796812169586e-03,-2.855738727423506873e-03,3.173987787539747467e-03,2.950430000000000552e-01
8.900000000000000355e+00,8.548254550559695186e-01,-7.707481658969876914e-01,2.525240103755734822e+00,8.548254550559695186e-01,-7.707481658969876914e-01,2.525240103755734822e+00,8.515585831301457631e-01,-7.705132427757895863e-01,2.527930718945285093e+00,7.002684494422385386e-01,-2.763333017262780134e-01,-1.689217402253951521e-03,-2.690615189550271680e-03,3.275307779829076185e-03,3.201900000000000301e-01
8.950000000000001066e+00,8.263955018273350106e-01,-7.503114829452419698e-01,2.511423438669421415e+00,8.263955018273350106e-01,-7.503114829452419698e-01,2.511423438669421415e+00,8.230287172102174198e-01,-7.501110696304594816e-01,2.513951626305612308e+00,7.123330800381253436e-01,-2.601775373177656614e-01,-1.814882966961729738e-03,-2.528187636190892817e-03,3.372744306169939664e-03,2.977980000000000071e-01
9.000000000000000000e+00,7.977571431201371244e-01,-7.291366733076789508e-01,2.498414561803532941e+00,7.977571431201371244e-01,-7.291366733076789508e-01,2.498414561803532941e+00,7.942957812695612407e-01,-7.289686274214115524e-01,2.500784089374981534e+00,7.241707718011815009e-01,-2.448283761473092068e-01,-1.934645990249796903e-03,-2.369527571448593051e-03,3.465438685147019353e-03,2.956140000000000434e-01
9.050000000000000711e+00,7.689169340315498147e-01,-7.072441121386193741e-01,2.486173142996166874e+00,7.689169340315498147e-01,-7.072441121386193741e-01,2.486173142996166874e+00,7.653668647301797856e-01,-7.071067811865476838e-01,2.488388617769114575e+00,7.357544632506840543e-01,-2.302313322136967932e-01,-2.048437636407817678e-03,-2.215474772947700899e-03,3.552724565024258010e-03,3.027980000000000116e-01
9.099999999999999645e+00,7.398816078610878089e-01,-6.846549230250277285e-01,2.474661576385482675e+00,7.398816078610878089e-01,-6.846549230250277285e-01,2.474661576385482675e+00,7.362491053693555054e-01,-6.845471059286882820e-01,2.476728246172768877e+00,7.470586003931426466e-01,-2.163342262546618655e-01,-2.156229125309100728e-03,-2.066669787286201654e-03,3.634102210822428691e-03,2.944120000000000070e-01
9.150000000000000355e+00,7.106580592201212632e-01,-6.613909598590598238e-01,2.463844865072749357e+00,7.106580592201212632e-01,-6.613909598590598238e-01,2.463844865072749357e+00,7.069496875585148388e-01,-6.613118653236522704e-01,2.465768448881324737e+00,7.580590870969142747e-01,-2.030873489399924736e-01,-2.258028015409715636e-03,-1.923583808575379805e-03,3.709215055255886753e-03,2.943520000000000025e-01
9.200000000000001066e+00,6.812533276808371285e-01,-6.374747860941726296e-01,2.453690497625750311e+00,6.812533276808371285e-01,-6.374747860941726296e-01,2.453690497625750311e+00,6.774758404905826259e-01,-6.374239897486896345e-01,2.455477043298467166e+00,7.687332322258093598e-01,-1.904435312770704214e-01,-2.353874488150567868e-03,-1.786545672716854938e-03,3.777828707240613298e-03,3.038600000000000190e-01
9.250000000000000000e+00,6.516745822896824469e-01,-6.129296518737532562e-01,2.444168321061896521e+00,6.516745822896824469e-01,-6.129296518737532562e-01,2.444168321061896521e+00,6.478348363962989076e-01,-6.129070536529764857e-01,2.445824086952127274e+00,7.790596957190634164e-01,-1.783581457095738954e-01,-2.443837719268344023e-03,-1.655765890230753712e-03,3.839812391945474947e-03,2.940510000000000623e-01
9.300000000000000711e+00,6.219291071422934358e-01,-5.877794694490257044e-01,2.435250413776417489e+00,6.219291071422934358e-01,-5.877794694490257044e-01,2.435250413776417489e+00,6.180339887498950135e-01,-5.877852522924733591e-01,2.436781771550414533e+00,7.890184352758161657e-01,-1.667890565056647512e-01,-2.528012401061162200e-03,-1.531357773997044092e-03,3.895122685112602495e-03,2.937400000000000011e-01
9.349999999999999645e+00,5.920242881200903362e-01,-5.620487872340331759e-01,2.426910960951134122e+00,5.920242881200903362e-01,-5.620487872340331759e-01,2.426910960951134122e+00,5.880806504646083344e-01,-5.620833778521309165e-01,2.428324316759050916e+00,7.985906548555180562e-01,-1.556965339996344011e-01,-2.606515460822106823e-03,-1.413355807916794049e-03,3.943789353983801101e-03,3.088090000000000002e-01
9.400000000000000355e+00,5.619676008177408866e-01,-5.357627627826895278e-01,2.419126134251152749e+00,5.619676008177408866e-01,-5.357627627826895278e-01,2.419126134251152749e+00,5.579822120784591055e-01,-5.358267949789971007e-01,2.420427865709130266e+00,8.000000000000000444e-01,-1.465900367090282874e-01,-2.679483004763751758e-03,-1.301731457977517437e-03,3.985903100347272000e-03,2.942710000000000048e-01
9.450000000000001066e+00,5.320577174573438706e-01,-5.092035513015371606e-01,2.411796632415700969e+00,5.320577174573438706e-01,-5.092035513015371606e-01,2.411796632415700969e+00,5.277460999307456158e-01,-5.090414157503712067e-01,2.413070383710326894e+00,8.000000000000000444e-01,-1.387327092912788440e-01,-2.749556951649521994e-03,-1.273751294625924402e-03,4.314664950215849754e-03,2.936000000000000276e-01
9.500000000000000000e+00,5.023380351429903579e-01,-4.824316617986260103e-01,2.404859996951136836e+00,5.023380351429903579e-01,-4.824316617986260103e-01,2.404859996951136836e+00,4.973797743297087570e-01,-4.817536741017145463e-01,2.406231561224946525e+00,8.000000000000000444e-01,-1.310237558776744249e-01,-2.823486044722853510e-03,-1.371564273809688927e-03,5.004399825122612250e-03,3.097699999999999898e-01
9.550000000000000711e+00,4.727995681465752553e-01,-4.554599498562673099e-01,2.398308809157253307e+00,4.727995681465752553e-01,-4.554599498562673099e-01,2.398308809157253307e+00,4.668907277118110599e-01,-4.539904997395469710e-01,2.399892721831064613e+00,8.000000000000000444e-01,-1.234438828281053530e-01,-2.908214761486285597e-03,-1.583912673811305183e-03,6.088815888909250053e-03,2.942510000000000403e-01
9.600000000000001421e+00,4.434332775140356064e-01,-4.283008649116726296e-01,2.392136615015847845e+00,4.434332775140356064e-01,-4.283008649116726296e-01,2.392136615015847845e+00,4.362864827930846290e-01,-4.257792915650722154e-01,2.394036735651070558e+00,8.000000000000000444e-01,-1.159737137700865839e-01,-3.009534558311072628e-03,-1.900120635222712906e-03,7.578588715961460075e-03,2.988700000000000245e-01
9.650000000000000355e+00,4.142300655706825929e-01,-4.009664922483791583e-01,2.386337929327343232e+00,4.142300655706825929e-01,-4.009664922483791583e-01,2.386337929327343232e+00,4.055745907130255401e-01,-3.971478906347811755e-01,2.388647938529914860e+00,8.000000000000000444e-01,-1.085936688794303245e-01,-3.132179386975951409e-03,-2.310009202571627895e-03,9.460389172486854265e-03,3.038490000000000357e-01
9.700000000000001066e+00,3.851807682471255490e-01,-3.734685942532622316e-01,2.380908245883372132e+00,3.851807682471255490e-01,-3.734685942532622316e-01,2.380908245883372132e+00,3.747626291714491464e-01,-3.681245526846778637e-01,2.383712057103566373e+00,8.000000000000000444e-01,-1.012842487402382252e-01,-3.279910851333133360e-03,-2.803811220194241116e-03,1.170881727959289902e-02,2.957650000000000001e-01
9.750000000000000000e+00,3.562761455512089004e-01,-3.458186509023257749e-01,2.375844033446360193e+00,3.562761455512089004e-01,-3.458186509023257749e-01,2.375844033446360193e+00,3.438582005588182722e-01,-3.387379202452905913e-01,2.379216139792433182e+00,8.000000000000000444e-01,-9.402624263706910179e-02,-3.455594082883069532e-03,-3.372106346072989425e-03,1.429482789233635365e-02,2.945020000000000415e-01
9.800000000000000711e+00,3.275068707334135576e-01,-3.180278992125581405e-01,2.371142721314506652e+00,3.275068707334135576e-01,-3.180278992125581405e-01,2.371142721314506652e+00,3.128689300804619600e-01,-3.090169943749476178e-01,2.375148493678882922e+00,8.000000000000000444e-01,-8.680087585289052166e-02,-3.661265705155808230e-03,-4.005772364376269934e-03,1.718911610734553605e-02,3.027980000000000116e-01
9.850000000000001421e+00,2.988635185996738608e-01,-2.901073715119542595e-01,2.366802677521862464e+00,2.988635185996738608e-01,-2.901073715119542595e-01,2.366802677521862464e+00,2.818024638751648325e-01,-2.789911060392287756e-01,2.371498627176110929e+00,8.000000000000000444e-01,-7.958990804231461103e-02,-3.898195076789956470e-03,-4.695949654248465777e-03,2.036297980092306031e-02,2.944820000000000215e-01
9.900000000000000355e+00,2.703365533452540270e-01,-2.620679324687734124e-01,2.362823182119747401e+00,2.703365533452540270e-01,-2.620679324687734124e-01,2.362823182119747401e+00,2.818024638751648325e-01,-2.789911060392287756e-01,2.371498627176110929e+00,8.000000000000000444e-01,-3.317166001339613701e-02,-4.165620802273927933e-03,-8.675445056363528806e-03,2.044164641059223464e-02,2.985200000000000076e-01
9.950000000000001066e+00,2.418887301049867655e-01,-2.339481709814466015e-01,2.361164599119077501e+00,2.418887301049867655e-01,-2.339481709814466015e-01,2.361164599119077501e+00,2.506664671286081836e-01,-2.486898871648544895e-01,2.368257198362089255e+00,8.000000000000000444e-01,-3.485259652433170263e-02,-4.417470490458679476e-03,-7.092599243011754595e-03,1.715712281497117075e-02,3.044110000000000427e-01
1.000000000000000000e+01,2.134887689630912688e-01,-2.057800719643328446e-01,2.359421969292860410e+00,2.134887689630912688e-01,-2.057800719643328446e-01,2.359421969292860410e+00,2.194686221820904282e-01,-2.181432413965424255e-01,2.365415968833324278e+00,8.000000000000000444e-01,-3.493029920543598565e-02,-4.633099539551703561e-03,-5.993999540463867959e-03,1.373341191875842617e-02,2.945320000000000160e-01
1.005000000000000071e+01,1.851379923182935594e-01,-1.775624700653664068e-01,2.357675454332587961e+00,1.851379923182935594e-01,-1.775624700653664068e-01,2.357675454332587961e+00,1.882166266370287055e-01,-1.873813145857246842e-01,2.362967762925104687e+00,8.000000000000000444e-01,-3.364216618119308944e-02,-4.827710076177025439e-03,-5.292308592516725696e-03,1.029017477905324988e-02,2.925280000000000102e-01
1.010000000000000142e+01,1.568356308121652276e-01,-1.492963073277182584e-01,2.355993346023527835e+00,1.568356308121652276e-01,-1.492963073277182584e-01,2.355993346023527835e+00,1.569181914556901369e-01,-1.564344650402311188e-01,2.360906432145567280e+00,8.000000000000000444e-01,-3.121091624880339283e-02,-5.013063381676470705e-03,-4.913086122039445058e-03,7.138635148861866356e-03,3.006630000000000136e-01
1.015000000000000036e+01,1.285791347156333142e-01,-1.209842939122179883e-01,2.354432800211087695e+00,1.285791347156333142e-01,-1.209842939122179883e-01,2.354432800211087695e+00,1.255810390586262759e-01,-1.253332335643037865e-01,2.359226824677898904e+00,8.000000000000000444e-01,-2.781717733866066744e-02,-5.198011057926290278e-03,-4.794024466811208640e-03,5.282220524178123447e-03,2.944120000000000070e-01
1.020000000000000107e+01,1.003644488866549667e-01,-9.263061257027987994e-02,2.353041941344154786e+00,1.003644488866549667e-01,-9.263061257027987994e-02,2.353041941344154786e+00,9.421290141928502504e-02,-9.410831331851403359e-02,2.357924759817036531e+00,8.000000000000000444e-01,-2.360703337829643880e-02,-5.388966692907106934e-03,-4.882818472881744754e-03,6.326542163349369724e-03,2.955740000000000034e-01
1.025000000000000000e+01,7.218623737059612355e-02,-6.424068108054983850e-02,2.351861589675239728e+00,7.218623737059612355e-02,-6.424068108054983850e-02,2.351861589675239728e+00,6.282151815625647284e-02,-6.279051952931326286e-02,2.356997007222838114e+00,8.000000000000000444e-01,-1.869823546684896629e-02,-5.590298523336824019e-03,-5.135417547598386534e-03,9.476335498920830658e-03,3.193280000000000007e-01
1.030000000000000071e+01,4.403806709198911096e-02,-3.582096268951436013e-02,2.350926677901897577e+00,4.403806709198911096e-02,-3.582096268951436013e-02,2.350926677901897577e+00,3.141463462364142006e-02,-3.141075907812836132e-02,2.356441270890159423e+00,8.000000000000000444e-01,-1.318528917141082238e-02,-5.804657268691112287e-03,-5.514592988261846074e-03,1.337164698819172381e-02,3.007040000000000268e-01
1.035000000000000142e+01,1.591255825777575239e-02,-7.378816236319776095e-03,2.350267413443327236e+00,1.591255825777575239e-02,-7.378816236319776095e-03,2.350267413443327236e+00,2.449293598294706414e-16,-2.449293598294706414e-16,2.356256177756557157e+00,8.000000000000000444e-01,-7.143618029610588303e-03,-6.033250878136645415e-03,-5.988764313229921754e-03,1.754013795146640645e-02,2.962049999999999961e-01
1.040000000000000036e+01,-1.219849236055307873e-02,2.107762092865648682e-02,2.349910232541846611e+00,-1.219849236055307873e-02,2.107762092865648682e-02,2.349910232541846611e+00,-3.141463462364092740e-02,3.141075907812786866e-02,2.356441270890159423e+00,8.000000000000000444e-01,-6.329842612244592284e-04,-6.276075896391482625e-03,-6.531038348312812047e-03,2.181820037242512486e-02,3.046909999999999896e-01
1.045000000000000107e+01,-4.030401023610541422e-02,4.953952291769238292e-02,2.349878583328784742e+00,-4.030401023610541422e-02,4.953952291769238292e-02,2.349878583328784742e+00,-3.141463462364092740e-02,3.141075907812786866e-02,2.356441270890159423e+00,8.000000000000000444e-01,3.110593384299729230e-02,-6.537948543982379131e-03,-6.562687561374680456e-03,2.019091570806486047e-02,2.964260000000000228e-01
1.050000000000000000e+01,-6.843120007244909986e-02,7.798000233319522800e-02,2.351433880020934453e+00,-6.843120007244909986e-02,7.798000233319522800e-02,2.351433880020934453e+00,-6.282151815625776348e-02,6.279051952931455349e-02,2.356997007222839002e+00,8.000000000000000444e-01,3.181556128396224176e-02,-6.785742790392832770e-03,-5.563127201904549679e-03,1.619224873358332539e-02,2.942810000000000148e-01
1.055000000000000071e+01,-9.660309289687990519e-02,1.063762013267027240e-01,2.353024658085132614e+00,-9.660309289687990519e-02,1.063762013267027240e-01,2.353024658085132614e+00,-9.421290141928542750e-02,9.410831331851442216e-02,2.357924759817036531e+00,8.000000000000000444e-01,3.402550630800026121e-02,-7.002509681019125284e-03,-4.900101731903916402e-03,1.249856357670814898e-02,2.994310000000000027e-01
1.060000000000000142e+01,-1.248216880094228931e-01,1.347259897555897479e-01,2.354725933400532156e+00,-1.248216880094228931e-01,1.347259897555897479e-01,2.354725933400532156e+00,-1.255810390586275527e-01,1.253332335643050632e-01,2.359226824677898904e+00,8.000000000000000444e-01,3.753232271991129715e-02,-7.197102452395169429e-03,-4.500891277366747545e-03,9.423400813127126574e-03,2.964360000000000328e-01
1.065000000000000036e+01,-1.530909534344526146e-01,1.630252505722806222e-01,2.356602549536527924e+00,-1.530909534344526146e-01,1.630252505722806222e-01,2.356602549536527924e+00,-1.569181914556887492e-01,1.564344650402297310e-01,2.360906432145567280e+00,8.000000000000000444e-01,4.214622347390249713e-02,-7.375781003486397459e-03,-4.303882609039355600e-03,7.621430626902460717e-03,2.993210000000000037e-01
1.070000000000000107e+01,-1.814165327514306592e-01,1.912681428508115067e-01,2.358709860710223261e+00,-1.814165327514306592e-01,1.912681428508115067e-01,2.358709860710223261e+00,-1.882166266370290941e-01,1.873813145857250728e-01,2.362967762925104687e+00,8.000000000000000444e-01,4.771409176700890098e-02,-7.542669014466945113e-03,-4.257902214881426062e-03,7.832541785093013326e-03,3.026969999999999938e-01
1.075000000000000000e+01,-2.098054869388528421e-01,2.194473288090069696e-01,2.361095565298573895e+00,-2.098054869388528421e-01,2.194473288090069696e-01,2.361095565298573895e+00,-2.194686221820917049e-01,2.181432413965437023e-01,2.365415968833324278e+00,8.000000000000000444e-01,5.411301676947608691e-02,-7.700162802574453055e-03,-4.320403534750383301e-03,9.750734675319092798e-03,2.978780000000000316e-01
1.080000000000000071e+01,-2.382660822558507752e-01,2.475541525023677025e-01,2.363801216137048300e+00,-2.382660822558507752e-01,2.475541525023677025e-01,2.363801216137048300e+00,-2.506664671286085722e-01,2.486898871648548781e-01,2.368257198362089255e+00,8.000000000000000444e-01,6.124498725748323685e-02,-7.849275853425798088e-03,-4.455982225040955313e-03,1.245228646538840481e-02,3.084280000000000355e-01
1.085000000000000142e+01,-2.668076153357688551e-01,2.755787780865261438e-01,2.366863465499922548e+00,-2.668076153357688551e-01,2.755787780865261438e-01,2.366863465499922548e+00,-2.818024638751652211e-01,2.789911060392291642e-01,2.371498627176110041e+00,8.000000000000000444e-01,6.903255885672897330e-02,-7.989931330395324410e-03,-4.635161676187493640e-03,1.537821396574503771e-02,3.008840000000000403e-01
1.090000000000000036e+01,-2.954402683355095705e-01,3.035102942233032786e-01,2.370315093442759036e+00,-2.954402683355095705e-01,3.035102942233032786e-01,2.370315093442759036e+00,-3.128689300804614604e-01,3.090169943749471737e-01,2.375148493678883810e+00,8.000000000000000444e-01,7.741532070124113041e-02,-8.121212774706954018e-03,-4.833400236124774096e-03,1.827791007692248018e-02,2.961050000000000071e-01
1.095000000000000107e+01,-3.241749883139706245e-01,3.313367900510184594e-01,2.374185859477821126e+00,-3.241749883139706245e-01,3.313367900510184594e-01,2.374185859477821126e+00,-3.438582005588195489e-01,3.387379202452918125e-01,2.379216139792434070e+00,8.000000000000000444e-01,8.634701855258108960e-02,-8.241581476891107760e-03,-5.030280314612944892e-03,2.102868451492758903e-02,2.936300000000000021e-01
1.100000000000000000e+01,-3.530233860645202171e-01,3.590454071575869821e-01,2.378503210405449764e+00,-3.530233860645202171e-01,3.590454071575869821e-01,2.378503210405449764e+00,-3.438582005588195489e-01,3.387379202452918125e-01,2.379216139792434070e+00,7.931907185805424643e-01,9.955749509297937005e-02,-8.356445423849917509e-03,-7.129293869843067455e-04,2.227991584470069911e-02,3.008240000000000358e-01
1.105000000000000071e+01,-3.817536038272570931e-01,3.863849413438066871e-01,2.383481085160099155e+00,-3.817536038272570931e-01,3.863849413438066871e-01,2.383481085160099155e+00,-3.747626291714495350e-01,3.681245526846781968e-01,2.383712057103567261e+00,7.955244311817705194e-01,1.060595084245024022e-01,-8.456937684588520729e-03,-2.309719434681056782e-04,1.955289033929695150e-02,2.961950000000000416e-01
1.110000000000000142e+01,-4.107089161213066664e-01,4.136564279877603667e-01,2.388784060581324198e+00,-4.107089161213066664e-01,4.136564279877603667e-01,2.388784060581324198e+00,-4.055745907130259287e-01,3.971478906347815085e-01,2.388647938529913972e+00,7.940643762254214755e-01,1.135344974350399050e-01,-8.535121725428113093e-03,1.361220514102257084e-04,1.728852518096368404e-02,2.957140000000000324e-01
1.115000000000000036e+01,-4.397600860211118290e-01,4.407187796642376698e-01,2.394460785453076390e+00,-4.397600860211118290e-01,4.407187796642376698e-01,2.394460785453076390e+00,-4.362864827930859057e-01,4.257792915650733812e-01,2.394036735651070558e+00,7.898445739909408791e-01,1.217921810715179576e-01,-8.594389719567881863e-03,4.240498020058325324e-04,1.533799934968128539e-02,2.941520000000000246e-01
1.120000000000000107e+01,-4.688147321045469385e-01,4.674668421907089422e-01,2.400550394506652196e+00,-4.688147321045469385e-01,4.674668421907089422e-01,2.400550394506652196e+00,-4.668907277118105603e-01,4.539904997395465824e-01,2.399892721831065501e+00,7.851314464103897883e-01,1.305442394425268826e-01,-8.636647326152595283e-03,6.576726755866957319e-04,1.361299374730884013e-02,3.612470000000000403e-01
1.125000000000000000e+01,-4.978631529169722514e-01,4.938725659501929655e-01,2.407077606478778442e+00,-4.978631529169722514e-01,4.938725659501929655e-01,2.407077606478778442e+00,-4.973797743297091456e-01,4.817536741017148794e-01,2.406231561224947413e+00,7.799791477617180613e-01,1.397667632511701286e-01,-8.662954635423460864e-03,8.460452538310292425e-04,1.212852812561083550e-02,2.992210000000000147e-01
1.130000000000000071e+01,-5.268975532604391887e-01,5.199093876517917323e-01,2.414065944641336614e+00,-5.268975532604391887e-01,5.199093876517917323e-01,2.414065944641336614e+00,-5.277460999307469480e-01,5.090414157503723169e-01,2.413070383710326894e+00,7.754440603853111069e-01,1.493210536603900851e-01,-8.674170498899484369e-03,9.955609310097202069e-04,1.090104787172922751e-02,3.094500000000000028e-01
1.135000000000000142e+01,-5.559494521043255588e-01,5.455855228272519231e-01,2.421531997324356311e+00,-5.559494521043255588e-01,5.455855228272519231e-01,2.421531997324356311e+00,-5.579822120784585504e-01,5.358267949789966567e-01,2.420427865709129378e+00,7.714825004736194369e-01,1.591961052013750599e-01,-8.671317340106579619e-03,1.104131615226933150e-03,9.968193533873126455e-03,3.006030000000000091e-01
1.140000000000000036e+01,-5.850490872517066787e-01,5.709067885813421395e-01,2.429491802584425209e+00,-5.850490872517066787e-01,5.709067885813421395e-01,2.429491802584425209e+00,-5.880806504646077792e-01,5.620833778521304724e-01,2.428324316759052692e+00,7.669784526188763163e-01,1.695876266761972562e-01,-8.656083796987876916e-03,1.167485825372516217e-03,9.329681259838559781e-03,2.984600000000000031e-01
1.145000000000000107e+01,-6.141847591510855020e-01,5.958415770980787229e-01,2.437971183918234530e+00,-6.141847591510855020e-01,5.958415770980787229e-01,2.437971183918234530e+00,-6.180339887498937923e-01,5.877852522924721379e-01,2.436781771550414533e+00,7.612637646004205561e-01,1.806430895681066517e-01,-8.630653800041018092e-03,1.189412367819997485e-03,8.928658235019067482e-03,3.286760000000000237e-01
1.150000000000000000e+01,-6.433189172609919959e-01,6.203364190049390769e-01,2.447003338396640082e+00,-6.433189172609919959e-01,6.203364190049390769e-01,2.447003338396640082e+00,-6.478348363962992407e-01,6.129070536529768187e-01,2.445824086952123722e+00,7.544960031061741512e-01,1.923567140439553513e-01,-8.597087053923263208e-03,1.179251444516360436e-03,8.694193186809884635e-03,3.029580000000000606e-01
1.155000000000000071e+01,-6.724191795557072915e-01,6.443431745259775578e-01,2.456621174098837734e+00,-6.724191795557072915e-01,6.443431745259775578e-01,2.456621174098837734e+00,-6.774758404905838471e-01,6.374239897486906337e-01,2.455477043298466278e+00,7.468101530803159527e-01,2.047345374169112775e-01,-8.557041085121640245e-03,1.144130800371456758e-03,8.570002204932373330e-03,2.966659999999999853e-01
1.160000000000000142e+01,-7.014574612634082440e-01,6.678182577304432321e-01,2.466857900969683826e+00,-7.014574612634082440e-01,6.678182577304432321e-01,2.466857900969683826e+00,-7.069496875585135065e-01,6.613118653236512712e-01,2.465768448881324737e+00,7.383227347867207246e-01,2.177923869173964966e-01,-8.511843329311600398e-03,1.089452088359088577e-03,8.514557641346129704e-03,3.261510000000000242e-01
1.165000000000000036e+01,-7.304092563479261946e-01,6.907219964212188978e-01,2.477747520315553231e+00,-7.304092563479261946e-01,6.907219964212188978e-01,2.477747520315553231e+00,-7.362491053693558385e-01,6.845471059286886151e-01,2.476728246172770653e+00,7.291351985615015519e-01,2.315542505106988336e-01,-8.462550601879373705e-03,1.019274142782577997e-03,8.499006364736624505e-03,3.021460000000000257e-01
1.170000000000000107e+01,-7.592530445366335590e-01,7.130181032802656027e-01,2.489325232841087754e+00,-7.592530445366335590e-01,7.130181032802656027e-01,2.489325232841087754e+00,-7.653668647301793415e-01,7.071067811865473507e-01,2.488388617769112798e+00,7.193367554095367877e-01,2.460509421690198206e-01,-8.409997582575372277e-03,9.366150719749555265e-04,8.504265180172224797e-03,2.972670000000000590e-01
1.175000000000000000e+01,-7.879698025385613036e-01,7.346732392337121942e-01,2.501627779949538777e+00,-7.879698025385613036e-01,7.346732392337121942e-01,2.501627779949538777e+00,-7.942957812695615738e-01,7.289686274214117745e-01,2.500784089374982422e+00,7.090067417156475926e-01,2.613189743135984067e-01,-8.354835961437238542e-03,8.436905745563549885e-04,8.518251160543768505e-03,3.004629999999999801e-01
1.180000000000000071e+01,-8.165426017659169755e-01,7.556566532787633017e-01,2.514693728665218231e+00,-8.165426017659169755e-01,7.556566532787633017e-01,2.514693728665218231e+00,-8.230287172102177529e-01,7.501110696304597036e-01,2.513951626305612308e+00,6.982165992435965807e-01,2.773995611255991589e-01,-8.297565795646770492e-03,7.421023596059228566e-04,8.533650541071465673e-03,2.975979999999999737e-01
1.185000000000000142e+01,-8.449562779410997315e-01,7.759398856767576458e-01,2.528563706721498328e+00,-8.449562779410997315e-01,7.759398856767576458e-01,2.528563706721498328e+00,-8.515585831301453190e-01,7.705132427757892533e-01,2.527930718945283317e+00,6.870315375434351557e-01,2.943376834949754106e-01,-8.238560474098034075e-03,6.329877762150104559e-04,8.546279130939320526e-03,2.960050000000000181e-01
1.190000000000000036e+01,-8.731971605313582074e-01,7.954965235876709784e-01,2.543280590896246807e+00,-8.731971605313582074e-01,7.954965235876709784e-01,2.543280590896246807e+00,-8.798783397118309368e-01,7.901550123756908572e-01,2.542763451323974522e+00,6.755119342384314773e-01,3.121811502526236626e-01,-8.178086518902052612e-03,5.171395722722849086e-04,8.553940452755769835e-03,3.030590000000000228e-01
1.195000000000000107e+01,-9.012528520825069389e-01,8.143019999950433796e-01,2.558889648408877449e+00,-9.012528520825069389e-01,8.143019999950433796e-01,2.558889648408877449e+00,-9.079809994790933869e-01,8.090169943749472292e-01,2.558494545426455602e+00,6.637145189096238518e-01,3.309795915374562636e-01,-8.116319294054244807e-03,3.951029824218466047e-04,8.555656128821500367e-03,2.967270000000000185e-01
1.200000000000000000e+01,-9.291120492869665570e-01,8.323334282177915489e-01,2.575438627985750628e+00,-9.291120492869665570e-01,8.323334282177915489e-01,2.575438627985750628e+00,-9.358596285211463472e-01,8.270805742745616085e-01,2.575171371992997393e+00,6.516933780187380565e-01,3.507833191619824653e-01,-8.053355553634743841e-03,2.672559927532347501e-04,8.551157820461546127e-03,2.945520000000000360e-01
1.205000000000000071e+01,-9.567643990728778025e-01,8.495694654810063140e-01,2.592977793943849640e+00,-9.567643990728778025e-01,8.495694654810063140e-01,2.592977793943849640e+00,-9.635073482034315351e-01,8.443279255020157414e-01,2.592843916379345082e+00,6.395008111464663969e-01,3.716419861814916348e-01,-7.989223651263699377e-03,1.338775645045586771e-04,8.540556441391383008e-03,2.983790000000000608e-01
1.210000000000000142e+01,-9.842003841809321418e-01,8.659901999638166536e-01,2.611559893252923814e+00,-9.842003841809321418e-01,8.659901999638166536e-01,2.611559893252923814e+00,-9.909173368648150904e-01,8.607420270039436438e-01,2.611564685500641581e+00,6.271880624458654463e-01,3.936029741888340538e-01,-7.923892151308226453e-03,-4.792247717766429105e-06,8.524128857206733287e-03,2.971970000000000445e-01
1.215000000000000036e+01,-1.011411233632240725e+00,8.815770564920115682e-01,2.631240041962366050e+00,-1.011411233632240725e+00,8.815770564920115682e-01,2.631240041962366050e+00,-1.018082831500742413e+00,8.763066800438635839e-01,2.631388538998241877e+00,6.148059453078184022e-01,4.167094330150861170e-01,-7.857277530220321826e-03,-1.484970358758275211e-04,8.502181250960793094e-03,2.998119999999999674e-01
1.220000000000000107e+01,-1.038388854199424838e+00,8.963127166239025501e-01,2.652075513613119995e+00,-1.038388854199424838e+00,8.963127166239025501e-01,2.652075513613119995e+00,-1.044997129431898264e+00,8.910065241883681209e-01,2.652372424588198996e+00,6.024053724997614490e-01,4.409978947539711092e-01,-7.789251631143443572e-03,-2.969109750790011049e-04,8.474961929769627214e-03,2.961750000000000216e-01
1.225000000000000000e+01,-1.065125779475528667e+00,9.101810493146067493e-01,2.674125408350818134e+00,-1.065125779475528667e+00,9.101810493146067493e-01,2.674125408350818134e+00,-1.071653589957993535e+00,9.048270524660196878e-01,2.674574994186603938e+00,5.900377981588701415e-01,4.664953840559459275e-01,-7.719649532200514863e-03,-4.495858357858040222e-04,8.442605755906076176e-03,2.959249999999999936e-01
1.230000000000000071e+01,-1.091615133377638491e+00,9.231670486624747873e-01,2.697450177553615269e+00,-1.091615133377638491e+00,9.231670486624747873e-01,2.697450177553615269e+00,-1.098045635996263591e+00,9.177546256839812511e-01,2.698056074055866560e+00,5.777555716829332333e-01,4.932159518261994280e-01,-7.648278501576231611e-03,-6.058965022512907694e-04,8.405098835008967956e-03,2.945320000000000160e-01
1.235000000000000142e+01,-1.117850604894552013e+00,9.352567754737439731e-01,2.722110975144925504e+00,-1.117850604894552013e+00,9.352567754737439731e-01,2.722110975144925504e+00,-1.124166755704260501e+00,9.297764858882511252e-01,2.722875959199579476e+00,5.656121964914616607e-01,5.211565729653460100e-01,-7.574928729273625733e-03,-7.649840546539721231e-04,8.362256572949824940e-03,2.930090000000000194e-01
1.240000000000000036e+01,-1.143826430546348361e+00,9.464372995731891169e-01,2.748168803793192616e+00,-1.143826430546348361e+00,9.464372995731891169e-01,2.748168803793192616e+00,-1.150010504086557805e+00,9.408807689542257879e-01,2.749094500030645705e+00,5.536624786442106982e-01,5.502923745717678283e-01,-7.499386529065558971e-03,-9.256962374530885995e-04,8.313711449779548346e-03,2.965060000000000473e-01
1.245000000000000107e+01,-1.169537380314840114e+00,9.566966400078400490e-01,2.775683422521781019e+00,-1.169537380314840114e+00,9.566966400078400490e-01,2.775683422521781019e+00,-1.175570504584946052e+00,9.510565162951535312e-01,2.776769948628337481e+00,5.419625414572495359e-01,5.805712037995018893e-01,-7.421450669185156515e-03,-1.086526106556462423e-03,8.258909368248936594e-03,2.947130000000000027e-01
1.250000000000000000e+01,-1.194978741678832224e+00,9.660237006407966787e-01,2.804711982711756590e+00,-1.194978741678832224e+00,9.660237006407966787e-01,2.804711982711756590e+00,-1.200840450651767810e+00,9.602936856769429541e-01,2.805957533592601472e+00,5.305696730662469163e-01,6.119076095491533529e-01,-7.340952381130289202e-03,-1.245550880844881192e-03,8.197115563988418077e-03,2.947130000000000027e-01
1.255000000000000071e+01,-1.220146294831005340e+00,9.744081992627200428e-01,2.835307363189214058e+00,-1.220146294831005340e+00,9.744081992627200428e-01,2.835307363189214058e+00,-1.225814107305953193e+00,9.685831611286311871e-01,2.836707737742125701e+00,5.195419656799185049e-01,6.441764045663124216e-01,-7.257779365831502905e-03,-1.400374552911642922e-03,8.127433021241324551e-03,3.017549999999999955e-01
1.260000000000000142e+01,-1.245036270231308917e+00,9.818405894635559017e-01,2.867516183417530229e+00,-1.245036270231308917e+00,9.818405894635559017e-01,2.867516183417530229e+00,-1.250485312671410387e+00,9.759167619387474346e-01,2.869064263023926920e+00,5.089377006352573396e-01,6.772060976166427437e-01,-7.171903709044271519e-03,-1.548079606396690622e-03,8.048838180613733170e-03,2.996610000000000107e-01
1.265000000000000036e+01,-1.269645277593558275e+00,9.883119763556669213e-01,2.901376488298362588e+00,-1.269645277593558275e+00,9.883119763556669213e-01,2.901376488298362588e+00,-1.274847979497379935e+00,9.822872507286888322e-01,2.903061683423496575e+00,4.988144365906642674e-01,7.107726380337586747e-01,-7.083412974467312266e-03,-1.685195125133986949e-03,7.960240321773963748e-03,2.949330000000000562e-01
1.270000000000000107e+01,-1.293970193701044158e+00,9.938140300742478450e-01,2.936915120200050744e+00,-1.293970193701044158e+00,9.938140300742478450e-01,2.936915120200050744e+00,-1.298896096660366428e+00,9.876883405951375483e-01,2.938722810654413209e+00,4.892277753738739632e-01,7.445940895846954177e-01,-6.992542819415848571e-03,-1.807690454362465005e-03,7.860571961323328458e-03,3.078870000000000218e-01
1.275000000000000000e+01,-1.318007995969942892e+00,9.983389049568073270e-01,2.974144824679285648e+00,-1.318007995969942892e+00,9.983389049568073270e-01,2.974144824679285648e+00,-1.322623730647304097e+00,9.921147013144778759e-01,2.976055829719888024e+00,4.802298182571824725e-01,7.783270300382539864e-01,-6.899708273165403548e-03,-1.911005040602375971e-03,7.748917188419421689e-03,3.003030000000000421e-01
1.280000000000000071e+01,-1.341755530715946998e+00,1.001879177295940115e+00,3.013061176181198064e+00,-1.341755530715946998e+00,1.001879177295940115e+00,3.013061176181198064e+00,-1.346025027019547515e+00,9.955619646030801073e-01,3.015051301811087825e+00,4.718673903609911235e-01,8.115656261321404497e-01,-6.805529417041291523e-03,-1.990125629889760717e-03,7.624681953582724409e-03,3.034789999999999988e-01
1.285000000000000142e+01,-1.365209211219190477e+00,1.004427819904230912e+00,3.053639457487804520e+00,-1.365209211219190477e+00,1.004427819904230912e+00,3.053639457487804520e+00,-1.369094211857377452e+00,9.980267284282715590e-01,3.055679178538551533e+00,4.641802016132491882e-01,8.438444155119003698e-01,-6.710845826761293979e-03,-2.039721050747012043e-03,7.487803552598898404e-03,3.452970000000000206e-01
1.290000000000000036e+01,-1.388364652362214624e+00,1.005978235958839173e+00,3.095831678263399667e+00,-1.388364652362214624e+00,1.005978235958839173e+00,3.095831678263399667e+00,-1.391825593184628618e+00,9.995065603657316000e-01,3.097886020062568413e+00,4.571992150332738758e-01,8.746457818495914083e-01,-6.616713170726944496e-03,-2.054341799168746263e-03,7.338984695356430207e-03,3.017650000000000055e-01
1.295000000000000107e+01,-1.411216266227163452e+00,1.006524375350936307e+00,3.139563967355879726e+00,-1.411216266227163452e+00,1.006524375350936307e+00,3.139563967355879726e+00,-1.414213562373094923e+00,1.000000000000000000e+00,-3.141592653589789119e+00,4.509455740117645495e-01,9.034128808053815129e-01,-6.524375350936294574e-03,-2.028686233916943138e-03,7.179920466573491873e-03,2.947620000000000240e-01
1.300000000000000000e+01,-1.433756864705799217e+00,1.006060951198572306e+00,-3.098450695783437681e+00,-1.433756864705799217e+00,1.006060951198572306e+00,-3.098450695783437681e+00,-1.436252595526377851e+00,9.995065603657314890e-01,-3.096492768355988634e+00,4.454304499744101142e-01,9.295683247686722384e-01,-6.435207127708098516e-03,-1.957927427449046576e-03,7.013466440955845073e-03,3.075570000000000248e-01
1.305000000000000071e+01,-1.455977335749298440e+00,1.004583760058142206e+00,-3.051972279545004163e+00,-1.455977335749298440e+00,1.004583760058142206e+00,-3.051972279545004163e+00,-1.457937254842823105e+00,9.980267284282715590e-01,-3.050134194394636289e+00,4.406560609491002034e-01,9.525382658858440044e-01,-6.350625714404580999e-03,-1.838085150367874121e-03,6.843679320971041494e-03,2.996010000000000062e-01
1.310000000000000142e+01,-1.477866471156146444e+00,1.002090086833411942e+00,-3.004345366250711802e+00,-1.477866471156146444e+00,1.002090086833411942e+00,-3.004345366250711802e+00,-1.479262189957220031e+00,9.955619646030798853e-01,-3.002678949097498329e+00,4.366178633294030553e-01,9.717806919890842332e-01,-6.271975304139479172e-03,-1.666417153213473057e-03,6.675658081854243114e-03,2.976180000000000492e-01
1.315000000000000036e+01,-1.499411016913471562e+00,9.985791485734928363e-01,-2.955756331651257618e+00,-1.499411016913471562e+00,9.985791485734928363e-01,-2.955756331651257618e+00,-1.500222139260919629e+00,9.921147013144777649e-01,-2.954314537334558732e+00,4.333075819373711779e-01,9.868158955874039018e-01,-6.200395072812404582e-03,-1.441794316698885581e-03,6.515136055917568683e-03,3.032680000000000375e-01
1.320000000000000107e+01,-1.520595987085483269e+00,9.940525085195429655e-01,-2.906415536871887362e+00,-1.520595987085483269e+00,9.940525085195429655e-01,-2.906415536871887362e+00,-1.520811931200061196e+00,9.876883405951378814e-01,-2.905250519728246772e+00,4.307164352468756952e-01,9.972563663284009783e-01,-6.136687272933271514e-03,-1.165017143640589836e-03,6.367830496381586547e-03,2.972369999999999735e-01
1.325000000000000000e+01,-1.541405232529814207e+00,9.885143827357645296e-01,-2.856552718555467330e+00,-1.541405232529814207e+00,9.885143827357645296e-01,-2.856552718555467330e+00,-1.541026485551578729e+00,9.822872507286886101e-01,-2.855713690087236412e+00,4.288377757329359108e-01,1.002832974904890317e+00,-6.081205561529134940e-03,-8.390284682309179232e-04,6.238639459615524276e-03,2.962750000000000106e-01
1.330000000000000071e+01,-1.561822199425405566e+00,9.819717731705799313e-01,-2.806411069810222703e+00,-1.561822199425405566e+00,9.819717731705799313e-01,-2.806411069810222703e+00,-1.560860814676660713e+00,9.759167619387469905e-01,-2.805942088609573837e+00,4.276684867592631112e-01,1.003414402220685231e+00,-6.033783015791866974e-03,-4.689812006488658369e-04,6.130858149781502620e-03,3.179560000000000164e-01
1.335000000000000142e+01,-1.581830768150222610e+00,9.744343923369456206e-01,-2.756240349699188297e+00,-1.581830768150222610e+00,9.744343923369456206e-01,-2.756240349699188297e+00,-1.580310024751380826e+00,9.685831611286310761e-01,-2.756178217799814423e+00,4.272088271489321576e-01,9.990173751806213920e-01,-5.993713875831301920e-03,-6.213189937387397777e-05,6.045623800591213085e-03,2.978380000000000472e-01
1.340000000000000036e+01,-1.601416045859696657e+00,9.659143870138073851e-01,-2.706289480940157421e+00,-1.601416045859696657e+00,9.659143870138073851e-01,-2.706289480940157421e+00,-1.599369316974180943e+00,9.602936856769430651e-01,-2.706661930051134313e+00,4.274608533952488076e-01,9.898063368657654681e-01,-5.959793990472393894e-03,3.724491109768912622e-04,5.981754144816781547e-03,3.331339999999999857e-01
1.345000000000000107e+01,-1.620565001147388440e+00,9.564259079900347960e-01,-2.656799164096869337e+00,-1.620565001147388440e+00,9.564259079900347960e-01,-2.656799164096869337e+00,-1.618033988749894680e+00,9.510565162951536422e-01,-2.657623499136292367e+00,4.284259059541337678e-01,9.760825218902892120e-01,-5.930414590458348185e-03,8.243350394230297695e-04,5.936024842377752436e-03,3.274130000000000096e-01
1.350000000000000000e+01,-1.639266869168204188e+00,9.459845981134897830e-01,-2.607995038002354882e+00,-1.639266869168204188e+00,9.459845981134897830e-01,-2.607995038002354882e+00,-1.636299434850047696e+00,9.408807689542250108e-01,-2.609277363450283271e+00,4.301018066457019118e-01,9.582637768851450799e-01,-5.903695129294025609e-03,1.282325447928389650e-03,5.903790182546652179e-03,3.016050000000000120e-01
1.355000000000000071e+01,-1.657513305662543290e+00,9.346070764551410726e-01,-2.560081849158097445e+00,-1.657513305662543290e+00,9.346070764551410726e-01,-2.560081849158097445e+00,-1.654161148549124327e+00,9.297764858882510142e-01,-2.561816941836498884e+00,4.324803664003435966e-01,9.368575922515498533e-01,-5.877635636085796859e-03,1.735092678401439770e-03,5.879758714264776351e-03,3.078170000000000073e-01
1.360000000000000142e+01,-1.675298313232554293e+00,9.223104843333378433e-01,-2.513238969545519730e+00,-1.675298313232554293e+00,9.223104843333378433e-01,-2.513238969545519730e+00,-1.671614722736540104e+00,9.177546256839814731e-01,-2.515410790842174560e+00,4.355456143950035552e-01,9.124304594693102288e-01,-5.850268139598934457e-03,2.171821296654830036e-03,5.858727419435154349e-03,3.016849999999999810e-01
1.365000000000000036e+01,-1.692617993161182666e+00,9.091121362246806781e-01,-2.467617446572054174e+00,-1.692617993161182666e+00,9.091121362246806781e-01,-2.467617446572054174e+00,-1.688655851004029707e+00,9.048270524660200209e-01,-2.470200220386371548e+00,4.392729260552949433e-01,8.855767737930503314e-01,-5.819789732666963249e-03,2.582773814317373962e-03,5.836138560060585845e-03,2.969770000000000465e-01
1.370000000000000107e+01,-1.709470188317517181e+00,8.950292932786039213e-01,-2.423338607882401519e+00,-1.709470188317517181e+00,8.950292932786039213e-01,-2.423338607882401519e+00,-1.705280328708184800e+00,8.910065241883675657e-01,-2.426298338943760680e+00,4.436290248366017708e-01,8.568901086285610758e-01,-5.784665342598662580e-03,2.959731061359160975e-03,5.808407242891627624e-03,3.007740000000000413e-01
1.375000000000000000e+01,-1.725854080093659482e+00,8.800790554951342104e-01,-2.380494102450973593e+00,-1.725854080093659482e+00,8.800790554951342104e-01,-2.380494102450973593e+00,-1.721484054007887510e+00,8.763066800438633619e-01,-2.383790380104096940e+00,4.485726991063215818e-01,8.269389439213528092e-01,-5.743694578878964438e-03,3.296277653123347307e-03,5.773035989466758673e-03,3.007340000000000568e-01
1.380000000000000071e+01,-1.741769790332746703e+00,8.642783538673713961e-01,-2.339147155254905908e+00,-1.741769790332746703e+00,8.642783538673713961e-01,-2.339147155254905908e+00,-1.737263028876382620e+00,8.607420270039435328e-01,-2.342735081697068900e+00,4.540560147797993995e-01,7.962480392977395738e-01,-5.696042734143634025e-03,3.587926442162991947e-03,5.728569324846340995e-03,2.975780000000000092e-01
1.385000000000000142e+01,-1.757218023383287919e+00,8.476440164469689620e-01,-2.299334753290018796e+00,-1.757218023383287919e+00,8.476440164469689620e-01,-2.299334753290018796e+00,-1.752613360087727168e+00,8.443279255020150753e-01,-2.303166849242192615e+00,4.600258008577876589e-01,7.652857890427543497e-01,-5.641240254877864096e-03,3.832095952173819597e-03,5.674450036848466272e-03,2.965659999999999963e-01
1.390000000000000036e+01,-1.772199767939558246e+00,8.301928811048995271e-01,-2.261070463837881128e+00,-1.772199767939558246e+00,8.301928811048995271e-01,-2.261070463837881128e+00,-1.767531260177386709e+00,8.270805742745619416e-01,-2.265098432522958838e+00,4.664252168018049316e-01,7.344572097768071739e-01,-5.579157483590745092e-03,4.027968685077709665e-03,5.610830467196623213e-03,3.001019999999999799e-01
1.395000000000000107e+01,-1.786716065625525651e+00,8.119419307280868470e-01,-2.224347603349040803e+00,-1.786716065625525651e+00,8.119419307280868470e-01,-2.224347603349040803e+00,-1.782013048376735576e+00,8.090169943749476733e-01,-2.228523868394608698e+00,4.731952582084466563e-01,7.041017531125377538e-01,-5.509962349973565078e-03,4.176265045567895129e-03,5.538377371787883176e-03,2.972270000000000190e-01
1.400000000000000000e+01,-1.800767844254075323e+00,7.929084317216652522e-01,-2.189142515693414115e+00,-1.800767844254075323e+00,7.929084317216652522e-01,-2.189142515693414115e+00,-1.796055151521231075e+00,7.901550123756906352e-01,-2.193421483935332983e+00,4.802761066309748639e-01,6.744949044294809015e-01,-5.434068344181284399e-03,4.278968241918867932e-03,5.458094071101218803e-03,2.990510000000000113e-01
1.405000000000000071e+01,-1.814355808221422617e+00,7.731100624007835043e-01,-2.155417770471939942e+00,-1.814355808221422617e+00,7.731100624007835043e-01,-2.155417770471939942e+00,-1.809654104932039598e+00,7.705132427757885871e-01,-2.159756802087212879e+00,4.876082726051572669e-01,6.458524855377556495e-01,-5.352079000841215156e-03,4.339031615272936904e-03,5.371171751690113905e-03,3.112630000000000674e-01
1.410000000000000142e+01,-1.827480375918326461e+00,7.525650231231981735e-01,-2.123125146195051993e+00,-1.827480375918326461e+00,7.525650231231981735e-01,-2.123125146195051993e+00,-1.822806553270890140e+00,7.501110696304601477e-01,-2.127485239566102138e+00,4.951335145002361826e-01,6.183366665623766245e-01,-5.264733671182617036e-03,4.360093371050144384e-03,5.278873543115975703e-03,2.985689999999999733e-01
1.415000000000000036e+01,-1.840141653524349330e+00,7.312921242990680915e-01,-2.092208312866933095e+00,-1.840141653524349330e+00,7.312921242990680915e-01,-2.092208312866933095e+00,-1.835509251367962502e+00,7.289686274214109973e-01,-2.096554529215124418e+00,5.027955392671555890e-01,5.920628541838183212e-01,-5.172857872650636103e-03,4.346216348191322965e-03,5.182449949491031368e-03,2.963850000000000096e-01
1.420000000000000107e+01,-1.852339435321102235e+00,7.093108515534722880e-01,-2.062605170157742140e+00,-1.852339435321102235e+00,7.093108515534722880e-01,-2.062605170157742140e+00,-1.847759065022573699e+00,7.071067811865471286e-01,-2.066906833657933262e+00,5.105405056843970169e-01,5.671068130552636699e-01,-5.077320175681307793e-03,4.301663500191121869e-03,5.083081570661638314e-03,3.032780000000000475e-01
1.425000000000000000e+01,-1.864073222094943638e+00,6.866414093799911855e-01,-2.034249829504978901e+00,-1.864073222094943638e+00,6.866414093799911855e-01,-2.034249829504978901e+00,-1.859552971776502917e+00,6.845471059286883930e-01,-2.038480543411676393e+00,5.183173581866018509e-01,5.435115624294696302e-01,-4.978996512299748052e-03,4.230713906697491922e-03,4.981844024806700993e-03,2.996220000000000550e-01
1.430000000000000071e+01,-1.875342250861346649e+00,6.633047457981172679e-01,-2.007074251383505370e+00,-1.875342250861346649e+00,6.633047457981172679e-01,-2.007074251383505370e+00,-1.870888061659734758e+00,6.613118653236517153e-01,-2.011211771068128762e+00,5.260780217721666707e-01,5.212937518613530719e-01,-4.878741995324058223e-03,4.137519684623391925e-03,4.879689952165201274e-03,2.989400000000000390e-01
1.435000000000000142e+01,-1.886145530758227773e+00,6.393225610376765955e-01,-1.981009563790437689e+00,-1.886145530758227773e+00,6.393225610376765955e-01,-1.981009563790437689e+00,-1.881761537908450910e+00,6.374239897486897455e-01,-1.985035564911764361e+00,5.337774875698205745e-01,5.004493500215643209e-01,-4.777369799949842538e-03,4.026001121326672205e-03,4.777443484360631605e-03,3.013950000000000240e-01
1.440000000000000036e+01,-1.896481881377029444e+00,6.147173033314532464e-01,-1.955987096289359517e+00,-1.896481881377029444e+00,6.147173033314532464e-01,-1.955987096289359517e+00,-1.892170717655091261e+00,6.129070536529752644e-01,-1.959886871818177001e+00,5.413738157823838604e-01,4.809585781526890536e-01,-4.675636338505466220e-03,3.899775528817706061e-03,4.675803303795565170e-03,2.994510000000000227e-01
1.445000000000000107e+01,-1.906349970969158036e+00,5.895121546781851851e-01,-1.931939167381724998e+00,-1.906349970969158036e+00,5.895121546781851851e-01,-1.931939167381724998e+00,-1.902113032590307062e+00,5.877852522924733591e-01,-1.935701281842189481e+00,5.488280789346282607e-01,4.627900877323083417e-01,-4.574231804298225026e-03,3.762114460464260901e-03,4.575351207935574212e-03,2.976880000000000082e-01
1.450000000000000000e+01,-1.915748352877082006e+00,5.637310090740438318e-01,-1.908799662995109614e+00,-1.915748352877082006e+00,5.637310090740438318e-01,-1.908799662995109614e+00,-1.911586029596660019e+00,5.620833778521310276e-01,-1.912415586767248543e+00,5.561042643153430998e-01,4.459044256676075735e-01,-4.473775124110977719e-03,3.615923772138707193e-03,4.476563831128149186e-03,3.051820000000000088e-01
1.455000000000000071e+01,-1.924675499219185237e+00,5.373984452931468425e-01,-1.886504441711729152e+00,-1.924675499219185237e+00,5.373984452931468425e-01,-1.886504441711729152e+00,-1.920587371353885908e+00,5.358267949789972118e-01,-1.889968183021274895e+00,5.631691506458857965e-01,4.302568553976041099e-01,-4.374812400558576383e-03,3.463741309545742553e-03,4.379825813089315012e-03,2.975080000000000502e-01
1.460000000000000142e+01,-1.933129831343324501e+00,5.105396958847208122e-01,-1.864991598941848849e+00,-1.933129831343324501e+00,5.105396958847208122e-01,-1.864991598941848849e+00,-1.929114836915596376e+00,5.090414157503705406e-01,-1.868299346513839110e+00,5.699921705605883737e-01,4.157996138130569119e-01,-4.277818013299514339e-03,3.307747571990482527e-03,4.285443222780644518e-03,2.962250000000000161e-01
1.465000000000000036e+01,-1.941109746896316324e+00,4.831806136791930717e-01,-1.844201618251195995e+00,-1.941109746896316324e+00,4.831806136791930717e-01,-1.844201618251195995e+00,-1.937166322257262374e+00,4.817536741017146573e-01,-1.847351403644320378e+00,5.765452675471500754e-01,4.024836862409150728e-01,-4.183197658601249536e-03,3.149785393124382438e-03,4.193656452509199849e-03,3.012750000000000705e-01
1.470000000000000107e+01,-1.948613643572427279e+00,4.553476367732492980e-01,-1.824077433939150339e+00,-1.948613643572427279e+00,4.553476367732492980e-01,-1.824077433939150339e+00,-1.944739840795352892e+00,4.539904997395479147e-01,-1.827068819336153060e+00,5.828027535837686512e-01,3.902601782225879057e-01,-4.091292723809345638e-03,2.991385397002943591e-03,4.104652102665098945e-03,2.971870000000000345e-01
1.475000000000000000e+01,-1.955639939734810318e+00,4.270677526988030381e-01,-1.804564425028020835e+00,-1.955639939734810318e+00,4.270677526988030381e-01,-1.804564425028020835e+00,-1.951833523877494869e+00,4.257792915650723264e-01,-1.807398219694992703e+00,5.887411717899159180e-01,3.790813559910044539e-01,-4.002385506462567862e-03,2.833794666972089260e-03,4.018573599171368881e-03,2.957750000000000101e-01
1.480000000000000071e+01,-1.962187092174872971e+00,3.983684622702566847e-01,-1.785610357228470724e+00,-1.962187092174872971e+00,3.983684622702566847e-01,-1.785610357228470724e+00,-1.958445621243531498e+00,3.971478906347804538e-01,-1.788288363900391698e+00,5.943391669220577933e-01,3.689014191245237884e-01,-3.916704891085254214e-03,2.678006671921195903e-03,3.935530440411095197e-03,3.023160000000000291e-01
1.485000000000000142e+01,-1.968253611305028850e+00,3.692777434421672944e-01,-1.767165286272244451e+00,-1.968253611305028850e+00,3.692777434421672944e-01,-1.767165286272244451e+00,-1.964574501457377442e+00,3.681245526846779748e-01,-1.769690077286353080e+00,5.995773654231809635e-01,3.596770600094848502e-01,-3.834432187053372389e-03,2.524791014108629383e-03,3.855606073530379839e-03,2.965659999999999963e-01
1.490000000000000036e+01,-1.973838074084386385e+00,3.398240153880832670e-01,-1.749181433271770114e+00,-1.973838074084386385e+00,3.398240153880832670e-01,-1.749181433271770114e+00,-1.970218652309547736e+00,3.387379202452915350e-01,-1.751556155262603776e+00,6.044382659130446145e-01,3.513678561932358502e-01,-3.755706907474032699e-03,2.374721990833883467e-03,3.778864464805790045e-03,2.971970000000000445e-01
1.495000000000000107e+01,-1.978939134964844637e+00,3.100361029231094578e-01,-1.731613040462108399e+00,-1.978939134964844637e+00,3.100361029231094578e-01,-1.731613040462108399e+00,-1.975376681190275319e+00,3.090169943749477843e-01,-1.733841245767693495e+00,6.089061404208554462e-01,3.439365338618782242e-01,-3.680632332048021545e-03,2.228205305585095886e-03,3.705355465927578223e-03,3.147900000000000142e-01
1.500000000000000000e+01,-1.983555535123863622e+00,2.799432013307587286e-01,-1.714416213769014430e+00,-1.983555535123863622e+00,2.799432013307587286e-01,-1.714416213769014430e+00,-1.980047315433115074e+00,2.789911060392297748e-01,-1.716501716299272839e+00,6.129669462608444697e-01,3.373491337280913327e-01,-3.609280747572346775e-03,2.085502530258409593e-03,3.635119096083021771e-03,2.977280000000000482e-01
1.505000000000000071e+01,-1.987686110224573532e+00,2.495748416127720748e-01,-1.697548757082609772e+00,-1.987686110224573532e+00,2.495748416127720748e-01,-1.697548757082609772e+00,-1.984229402628955752e+00,2.486898871648537679e-01,-1.699495510204537041e+00,6.166082481908820023e-01,3.315751046163379345e-01,-3.541698299484272259e-03,1.946753121927269348e-03,3.568188865025512073e-03,2.963260000000000338e-01
1.510000000000000142e+01,-1.991329796916975647e+00,2.189608561537520481e-01,-1.680970001851792794e+00,-1.991329796916975647e+00,2.189608561537520481e-01,-1.680970001851792794e+00,-1.987921910910359413e+00,2.181432413965416761e-01,-1.682781995795973540e+00,6.198191503381810241e-01,3.265873449654882466e-01,-3.477909418300858310e-03,1.811993944180745331e-03,3.504594259725213757e-03,3.086390000000000522e-01
1.515000000000000036e+01,-1.994485638267629701e+00,1.881313447766567171e-01,-1.664640634603518299e+00,-1.994485638267629701e+00,1.881313447766567171e-01,-1.664640634603518299e+00,-1.991123929206159993e+00,1.873813145857239348e-01,-1.666321810950855298e+00,6.225902372968681320e-01,3.223622082347601947e-01,-3.417920807473952358e-03,1.681176347337220989e-03,3.444362510142945973e-03,2.972069999999999990e-01
1.520000000000000107e+01,-1.997152788280521118e+00,1.571166411571930377e-01,-1.648522524191780247e+00,-1.997152788280521118e+00,1.571166411571930377e-01,-1.648522524191780247e+00,-1.993834667466255928e+00,1.564344650402320902e-01,-1.650076705123150855e+00,6.249135237763975281e-01,3.188794847218503481e-01,-3.361724995493746860e-03,1.554180931370829910e-03,3.387519740549390333e-03,3.006940000000000168e-01
1.525000000000000000e+01,-1.999330515649300422e+00,1.259472795625896646e-01,-1.632578549955687741e+00,-1.999330515649300422e+00,1.259472795625896646e-01,-1.632578549955687741e+00,-1.996053456856543118e+00,1.253332335643038975e-01,-1.634009380114820775e+00,6.267824121934465476e-01,3.161223694596625444e-01,-3.309303466310270329e-03,1.430830159133034130e-03,3.334091603300473345e-03,3.287760000000000127e-01
1.530000000000000071e+01,-2.001018206860983195e+00,9.465396188119321041e-02,-1.616772431482704553e+00,-2.001018206860983195e+00,9.465396188119321041e-02,-1.616772431482704553e+00,-1.997779749923940029e+00,9.410831331851238213e-02,-1.618083330494513472e+00,6.281916576378431261e-01,3.140774235458872465e-01,-3.260629389332518613e-03,1.310899011809141257e-03,3.284103482997857443e-03,2.999820000000000264e-01
1.535000000000000142e+01,-2.002215368753494040e+00,6.326752491255902000e-02,-1.601068560305410227e+00,-2.002215368753494040e+00,6.326752491255902000e-02,-1.601068560305410227e+00,-1.999013120731463200e+00,6.279051952931338776e-02,-1.602262684194616593e+00,6.291373396982024024e-01,3.127345343827177548e-01,-3.215669974353897037e-03,1.194123889206366584e-03,3.237580351164390854e-03,2.959840000000000249e-01
1.540000000000000036e+01,-2.002921630613979875e+00,3.181890789218003168e-02,-1.585431833586274264e+00,-2.002921630613979875e+00,3.181890789218003168e-02,-1.585431833586274264e+00,-1.999753264963321175e+00,3.141075907812847928e-02,-1.586512043544509698e+00,6.296168406969883113e-01,3.120868787792743237e-01,-3.174388478408624991e-03,1.080209958235656131e-03,3.194546345052081890e-03,3.100209999999999910e-01
1.545000000000000107e+01,-2.003136745891437975e+00,3.391202301156540089e-04,-1.569827489647310559e+00,-2.003136745891437975e+00,3.391202301156540089e-04,-1.569827489647310559e+00,-2.000000000000000000e+00,3.673940397442059375e-16,-1.570796326794896558e+00,6.296288299557288859e-01,3.121308916011359402e-01,-3.136745891437975331e-03,9.688371475862211923e-04,3.155024139040217036e-03,2.981590000000000629e-01
1.550000000000000000e+01,-2.002860593585636728e+00,-3.114079055203697322e-02,-1.554220945067253723e+00,-2.002860593585636728e+00,-3.114079055203697322e-02,-1.554220945067253723e+00,-1.999753264963321175e+00,-3.141075907812952012e-02,-1.555080610045277867e+00,6.291732537833388816e-01,3.128662415822829335e-01,-3.102702326129807772e-03,8.596649780239218330e-04,3.119034172967980346e-03,2.969060000000000032e-01
1.555000000000000071e+01,-2.002093179364339726e+00,-6.258977069635340840e-02,-1.538577632988139543e+00,-2.002093179364339726e+00,-6.258977069635340840e-02,-1.538577632988139543e+00,-1.999013120731462978e+00,-6.279051952931442859e-02,-1.539329969395176523e+00,6.282513309524673240e-01,3.142958149828387615e-01,-3.072218134762043362e-03,7.523364070367577483e-04,3.086593798330741246e-03,3.056430000000000535e-01
1.560000000000000142e+01,-2.000834636452262671e+00,-9.397679190183258480e-02,-1.522862842238997594e+00,-2.000834636452262671e+00,-9.397679190183258480e-02,-1.522862842238997594e+00,-1.997779749923940029e+00,-9.410831331851342296e-02,-1.523509323095284085e+00,6.268655535005749346e-01,3.164257069079156603e-01,-3.045254772617653725e-03,6.464808562864909902e-04,3.057716400187057790e-03,2.980389999999999984e-01
1.565000000000000036e+01,-1.999085226327727893e+00,-1.252708828373821359e-01,-1.507041556893601753e+00,-1.999085226327727893e+00,-1.252708828373821359e-01,-1.507041556893601753e+00,-1.996053456856543118e+00,-1.253332335643031759e-01,-1.507583273474971675e+00,6.250196927614150022e-01,3.192652192620539231e-01,-3.021775423658599937e-03,5.417165813699220678e-04,3.032410549308189353e-03,2.955940000000000234e-01
1.570000000000000107e+01,-1.996845339256487550e+00,-1.564411604726186900e-01,-1.491078295930499120e+00,-1.996845339256487550e+00,-1.564411604726186900e-01,-1.491078295930499120e+00,-1.993834667466255928e+00,-1.564344650402313686e-01,-1.491515948466644481e+00,6.227188105991723344e-01,3.228268634383212321e-01,-3.001745399829916679e-03,4.376525361453609264e-04,3.010679235207785586e-03,3.041499999999999759e-01
1.575000000000000000e+01,-1.994115494686453660e+00,-1.874568612215405383e-01,-1.474936952758583164e+00,-1.994115494686453660e+00,-1.874568612215405383e-01,-1.474936952758583164e+00,-1.991123929206159993e+00,-1.873813145857249618e-01,-1.475270842638938706e+00,6.199692758809906001e-01,3.271263648748795605e-01,-2.985132320692908143e-03,3.338898803555423456e-04,2.992519225847635640e-03,2.961050000000000071e-01
1.580000000000000071e+01,-1.990896341521880775e+00,-2.182873718916964467e-01,-1.458580634514839103e+00,-1.990896341521880775e+00,-2.182873718916964467e-01,-1.458580634514839103e+00,-1.987921910910359413e+00,-2.181432413965427031e-01,-1.458810657793819576e+00,6.167787862824584133e-01,3.321826655134897388e-01,-2.971906075016631215e-03,2.300232789806955225e-04,2.977920593701014786e-03,2.947620000000000240e-01
1.585000000000000142e+01,-1.987188658290794718e+00,-2.489022604296010077e-01,-1.441971501239164510e+00,-1.987188658290794718e+00,-2.489022604296010077e-01,-1.441971501239164510e+00,-1.984229402628955752e+00,-2.486898871648547671e-01,-1.442097143385252300e+00,6.131563955760778173e-01,3.380179188869604778e-01,-2.962038560623582884e-03,1.256421460880119412e-04,2.966866440489857558e-03,3.103620000000000267e-01
1.590000000000000036e+01,-1.982993353214897558e+00,-2.792713064518587140e-01,-1.425070605294816550e+00,-1.982993353214897558e+00,-2.792713064518587140e-01,-1.425070605294816550e+00,-1.980047315433115074e+00,-2.789911060392290532e-01,-1.425090937290524495e+00,6.091125466031217517e-01,3.446574709976933937e-01,-2.955503193067845515e-03,2.033199570794508304e-05,2.959332844228187639e-03,2.974569999999999714e-01
1.595000000000000107e+01,-1.978311464186670143e+00,-3.093645315507569937e-01,-1.407837731744931986e+00,-1.978311464186670143e+00,-3.093645315507569937e-01,-1.407837731744931986e+00,-1.975376681190275541e+00,-3.090169943749470627e-01,-1.407751407822099843e+00,6.046591101707031735e-01,3.521298182504142282e-01,-2.952274167695192759e-03,-8.632392283214329609e-05,2.955289042462145611e-03,2.952530000000000432e-01
1.600000000000000000e+01,-1.973144158653717950e+00,-3.391522293628645990e-01,-1.390231240832411341e+00,-1.973144158653717950e+00,-3.391522293628645990e-01,-1.390231240832411341e+00,-1.970218652309547958e+00,-3.387379202452908689e-01,-1.390036498327185344e+00,5.998094301507936876e-01,3.604665313895596968e-01,-2.952325453243291858e-03,-1.947425052257756306e-04,2.954697855057873083e-03,3.103409999999999780e-01
1.605000000000000071e+01,-1.967492733405355354e+00,-3.686049953895308429e-01,-1.372207914262933315e+00,-1.967492733405355354e+00,-3.686049953895308429e-01,-1.372207914262933315e+00,-1.964574501457377220e+00,-3.681245526846789184e-01,-1.371902576303445809e+00,5.945783750793272038e-01,3.697021315937288333e-01,-2.955629488417119231e-03,-3.053379594875060832e-04,2.957516338897502386e-03,2.970870000000000455e-01
1.610000000000000142e+01,-1.961358614250744425e+00,-3.976937565590085710e-01,-1.353722807683246820e+00,-1.961358614250744425e+00,-3.976937565590085710e-01,-1.353722807683246820e+00,-1.958445621243531720e+00,-3.971478906347797877e-01,-1.353304289689401418e+00,5.889823965597651423e-01,3.798739015001267871e-01,-2.962155545895951442e-03,-4.185179938454020032e-04,2.963696655750089250e-03,2.955539999999999834e-01
1.615000000000000213e+01,-1.954743355571305630e+00,-4.263898005212431452e-01,-1.334729112608240564e+00,-1.954743355571305630e+00,-4.263898005212431452e-01,-1.334729112608240564e+00,-1.951833523877494647e+00,-4.257792915650732701e-01,-1.334194433894804410e+00,5.830395947601128004e-01,3.910216099056540440e-01,-2.971867721087967981e-03,-5.346787134361541405e-04,2.973187123588174382e-03,3.033290000000000153e-01
1.619999999999999929e+01,-1.947648639722256547e+00,-4.546648046680925037e-01,-1.315178032112957807e+00,-1.947648639722256547e+00,-4.546648046680925037e-01,-1.315178032112957807e+00,-1.944739840795353114e+00,-4.539904997395472486e-01,-1.314523834253639389e+00,5.767697912486928757e-01,4.031871241334491485e-01,-2.984722495905229190e-03,-6.541978593181951851e-04,2.985933410813942836e-03,2.961550000000000571e-01
1.625000000000000000e+01,-1.940076276248605458e+00,-4.824908648737942785e-01,-1.295018675906285388e+00,-1.940076276248605458e+00,-4.824908648737942785e-01,-1.295018675906285388e+00,-1.937166322257262152e+00,-4.817536741017155455e-01,-1.294241249945475625e+00,5.701946093335686916e-01,4.164138785448451840e-01,-3.000665821236152449e-03,-7.774259608099853835e-04,3.001879822073641197e-03,2.949730000000000407e-01
1.630000000000000071e+01,-1.932028200869243317e+00,-5.098405239527731281e-01,-1.274197981979043215e+00,-1.932028200869243317e+00,-5.098405239527731281e-01,-1.274197981979043215e+00,-1.929114836915596154e+00,-5.090414157503714288e-01,-1.273293307075952230e+00,5.633375619385586619e-01,4.307461614228837998e-01,-3.019629656249658151e-03,-9.046749030909850831e-04,3.020970613156689910e-03,3.032790000000000208e-01
1.635000000000000142e+01,-1.923506474168407143e+00,-5.366867998340161261e-01,-1.252660673907898925e+00,-1.923506474168407143e+00,-5.366867998340161261e-01,-1.252660673907898925e+00,-1.920587371353886130e+00,-5.358267949789965456e-01,-1.251624470568524217e+00,5.562241468553885682e-01,4.462281755638539682e-01,-3.041527899014145712e-03,-1.036203339374708321e-03,3.043151260190946929e-03,2.954240000000000199e-01
1.640000000000000213e+01,-1.914513279916056465e+00,-5.630032134530361665e-01,-1.230349265129706327e+00,-1.914513279916056465e+00,-5.630032134530361665e-01,-1.230349265129706327e+00,-1.911586029596659797e+00,-5.620833778521319157e-01,-1.229177066822550568e+00,5.488819489328308210e-01,4.629028206439519955e-01,-3.066251642387022355e-03,-1.172198307155980501e-03,3.068369593953567363e-03,2.963449999999999696e-01
1.644999999999999929e+01,-1.905050922916968537e+00,-5.887638163631713217e-01,-1.207204124097508657e+00,-1.905050922916968537e+00,-5.887638163631713217e-01,-1.207204124097508657e+00,-1.902113032590307284e+00,-5.877852522924728040e-01,-1.205891371747590091e+00,5.413407483803236442e-01,4.808101382319757700e-01,-3.093663693445979860e-03,-1.312752349918788752e-03,3.096576692405956111e-03,3.028070000000000483e-01
1.650000000000000000e+01,-1.895121826261892295e+00,-6.139432180668262795e-01,-1.183163617185909899e+00,-1.895121826261892295e+00,-6.139432180668262795e-01,-1.183163617185909899e+00,-1.892170717655090817e+00,-6.129070536529760416e-01,-1.181705781771621444e+00,5.336326338465424701e-01,4.999853539751104026e-01,-3.123592306151533066e-03,-1.457835414288233267e-03,3.127727402071249409e-03,2.965960000000000263e-01
1.655000000000000071e+01,-1.884728527822291166e+00,-6.385166130629744696e-01,-1.158164349487154299e+00,-1.884728527822291166e+00,-6.385166130629744696e-01,-1.158164349487154299e+00,-1.881761537908451132e+00,-6.374239897486890793e-01,-1.156557088678022094e+00,5.257921182513538572e-01,5.204564471645838353e-01,-3.155824098444316717e-03,-1.607260809132426971e-03,3.161780330090705089e-03,3.051820000000000088e-01
1.660000000000000142e+01,-1.873873675792683269e+00,-6.624598075979890588e-01,-1.132141527128925240e+00,-1.873873675792683269e+00,-6.624598075979890588e-01,-1.132141527128925240e+00,-1.870888061659734314e+00,-6.613118653236524924e-01,-1.130380882521658137e+00,5.178562544654385924e-01,5.422411773418679415e-01,-3.190096160315129565e-03,-1.760644607267103368e-03,3.198697112274550679e-03,3.092799999999999994e-01
1.665000000000000213e+01,-1.862560023041473389e+00,-6.857492460901588593e-01,-1.105029468261832015e+00,-1.862560023041473389e+00,-6.857492460901588593e-01,-1.105029468261832015e+00,-1.859552971776503139e+00,-6.845471059286878379e-01,-1.103112110178119831e+00,5.098647468047672326e-01,5.653435032549095629e-01,-3.226087413020005661e-03,-1.917358083712183969e-03,3.238440717070602531e-03,2.984899999999999776e-01
1.669999999999999929e+01,-1.850790419983562529e+00,-7.083620371706215169e-01,-1.076762293099086776e+00,-1.850790419983562529e+00,-7.083620371706215169e-01,-1.076762293099086776e+00,-1.847759065022573921e+00,-7.071067811865465735e-01,-1.074685819931865627e+00,5.018600528970025287e-01,5.897493445296517756e-01,-3.263409356586052020e-03,-2.076473167221148941e-03,3.280972490751210124e-03,3.012549999999999950e-01
1.675000000000000000e+01,-1.838567805638588126e+00,-7.302759792405062456e-01,-1.047274825872603898e+00,-1.838567805638588126e+00,-7.302759792405062456e-01,-1.047274825872603898e+00,-1.835509251367962058e+00,-7.289686274214117745e-01,-1.045038124374672694e+00,4.938874687421931919e-01,6.154216649468481348e-01,-3.301596448277535276e-03,-2.236701497931203875e-03,3.326247586283165303e-03,3.041000000000000369e-01
1.680000000000000071e+01,-1.825895196492656414e+00,-7.514695853802018100e-01,-1.016503742625261442e+00,-1.825895196492656414e+00,-7.514695853802018100e-01,-1.016503742625261442e+00,-1.822806553270890362e+00,-7.501110696304595926e-01,-1.014107414023694531e+00,4.859951877020234901e-01,6.422949029313922420e-01,-3.340096493243953791e-03,-2.396328601566910521e-03,3.374208350659312419e-03,2.964960000000000373e-01
1.685000000000000142e+01,-1.812775672748014433e+00,-7.719221073553718115e-01,-9.843889974786916852e-01,-1.812775672748014433e+00,-7.719221073553718115e-01,-9.843889974786916852e-01,-1.809654104932038265e+00,-7.705132427757903635e-01,-9.818358515025762401e-01,4.782343216910859285e-01,6.702688447783069492e-01,-3.378261602593852879e-03,-2.553145976115445137e-03,3.424775179969836904e-03,2.956040000000000334e-01
1.690000000000000213e+01,-1.799212361539207938e+00,-7.916135583385036645e-01,-9.508755552397762933e-01,-1.799212361539207938e+00,-7.916135583385036645e-01,-9.508755552397762933e-01,-1.796055151521231297e+00,-7.901550123756901911e-01,-9.481711696544552481e-01,4.706588700273606762e-01,6.992021336475334747e-01,-3.415340481862034865e-03,-2.704385585321045227e-03,3.477834300718127443e-03,3.049120000000000164e-01
1.694999999999999929e+01,-1.785208416738601311e+00,-8.105247337982162126e-01,-9.159154485573997029e-01,-1.785208416738601311e+00,-8.105247337982162126e-01,-9.159154485573997029e-01,-1.782013048376736020e+00,-8.090169943749472292e-01,-9.130687851951906353e-01,4.633256182826929748e-01,7.289057347689790189e-01,-3.450473045408189270e-03,-2.846663362209067571e-03,3.533221920073683058e-03,2.956340000000000079e-01
1.700000000000000000e+01,-1.770766995101767494e+00,-8.286372297980136858e-01,-8.794701618189506576e-01,-1.770766995101767494e+00,-8.286372297980136858e-01,-8.794701618189506576e-01,-1.767531260177387153e+00,-8.270805742745614975e-01,-8.764942210668307254e-01,4.562939461819583431e-01,7.591368326303238323e-01,-3.482688590267119313e-03,-2.975940752119932142e-03,3.590704237270016686e-03,2.963950000000000196e-01
1.705000000000000071e+01,-1.755891228759453471e+00,-8.459334576953402296e-01,-8.415133201874342994e-01,-1.755891228759453471e+00,-8.459334576953402296e-01,-8.415133201874342994e-01,-1.752613360087726724e+00,-8.443279255020156304e-01,-8.384258043476058297e-01,4.496255203564364367e-01,7.895938100813646443e-01,-3.510908972491332339e-03,-3.087515839828469666e-03,3.649952965846185726e-03,3.017660000000000342e-01
1.710000000000000142e+01,-1.740584194505401694e+00,-8.623966539574108303e-01,-8.020336296833661116e-01,-1.740584194505401694e+00,-8.623966539574108303e-01,-8.020336296833661116e-01,-1.737263028876382176e+00,-8.607420270039440879e-01,-7.988575718927242164e-01,4.433838449209725474e-01,8.199131329043681804e-01,-3.533958359118693354e-03,-3.176057790641895195e-03,3.710516337454834983e-03,2.984990000000000143e-01
1.715000000000000213e+01,-1.724848881025342617e+00,-8.780108835503332987e-01,-7.610379730381477970e-01,-1.724848881025342617e+00,-8.780108835503332987e-01,-7.610379730381477970e-01,-1.721484054007887954e+00,-8.763066800438630288e-01,-7.578022734856992848e-01,4.376336409799683191e-01,8.496691043989504921e-01,-3.550581111092555864e-03,-3.235699552448512151e-03,3.771786108577527673e-03,2.947120000000000295e-01
1.719999999999999929e+01,-1.708688156227806676e+00,-8.927610351822724555e-01,-7.185545178182000114e-01,-1.708688156227806676e+00,-8.927610351822724555e-01,-7.185545178182000114e-01,-1.705280328708185023e+00,-8.910065241883672327e-01,-7.152943146460319923e-01,4.324400261239406129e-01,8.783775177903675457e-01,-3.559469105895954333e-03,-3.260203172168019137e-03,3.832961939704719167e-03,3.025769999999999849e-01
1.725000000000000000e+01,-1.692104738214652793e+00,-9.066328067017959125e-01,-6.746356419286816397e-01,-1.692104738214652793e+00,-9.066328067017959125e-01,-6.746356419286816397e-01,-1.688655851004029929e+00,-9.048270524660196878e-01,-6.713924332034144626e-01,4.278674680152323440e-01,9.055041654998832179e-01,-3.559299252651344000e-03,-3.243208725267177073e-03,3.893015714278808079e-03,2.955840000000000134e-01
1.730000000000000071e+01,-1.675101175148969945e+00,-9.196126793290394508e-01,-6.293604336536873234e-01,-1.675101175148969945e+00,-9.196126793290394508e-01,-6.293604336536873234e-01,-1.671614722736539438e+00,-9.177546256839819172e-01,-6.261818627476207766e-01,4.239784940823670412e-01,9.304789100864964135e-01,-3.548781028874354281e-03,-3.178570906066546797e-03,3.950659916020878536e-03,2.960850000000000426e-01
1.735000000000000142e+01,-1.657679841200155879e+00,-9.316878803306312129e-01,-5.828364881493626193e-01,-1.657679841200155879e+00,-9.316878803306312129e-01,-5.828364881493626193e-01,-1.654161148549122773e+00,-9.297764858882520134e-01,-5.797757117532884585e-01,4.208321545797275576e-01,9.527155461320485630e-01,-3.526712572748123657e-03,-3.060776396074160743e-03,4.004325996568271033e-03,3.008540000000000103e-01
1.740000000000000213e+01,-1.639842957534728196e+00,-9.428463354469068802e-01,-5.352007108427603299e-01,-1.639842957534728196e+00,-9.428463354469068802e-01,-5.352007108427603299e-01,-1.636299434850047918e+00,-9.408807689542247887e-01,-5.323152901395076242e-01,4.184822617336323436e-01,9.716369887248696990e-01,-3.492042282417059246e-03,-2.885420703252705721e-03,4.052160492132352194e-03,2.971469999999999945e-01
1.744999999999999929e+01,-1.621592648374094114e+00,-9.530766149796833231e-01,-4.866188614065167783e-01,-1.621592648374094114e+00,-9.530766149796833231e-01,-4.866188614065167783e-01,-1.618033988749895125e+00,-9.510565162951534202e-01,-4.839691544535007495e-01,4.169754660675378810e-01,9.867044747442670349e-01,-3.443931205619118422e-03,-2.649706953016028876e-03,4.092048022218647101e-03,2.949229999999999907e-01
1.750000000000000000e+01,-1.602931041565916592e+00,-9.623678808891213965e-01,-4.372836376693034488e-01,-1.602931041565916592e+00,-9.623678808891213965e-01,-4.372836376693034488e-01,-1.599369316974180277e+00,-9.602936856769433982e-01,-4.349307235386516979e-01,4.163492830287364166e-01,9.974485879360044382e-01,-3.381810070687336911e-03,-2.352914130651750924e-03,4.121670516380627515e-03,3.003030000000000421e-01
1.755000000000000071e+01,-1.583860419840505518e+00,-9.707098460962041431e-01,-3.874112082725034156e-01,-1.583860419840505518e+00,-9.707098460962041431e-01,-3.874112082725034156e-01,-1.580310024751380160e+00,-9.685831611286314091e-01,-3.854144357899755846e-01,4.166302446461409015e-01,1.003499203095420844e+00,-3.305424018736441601e-03,-1.996772482527831016e-03,4.138610182197074300e-03,2.982389999999999763e-01
1.760000000000000142e+01,-1.564383422017464831e+00,-9.780927604848411727e-01,-3.372362481177324511e-01,-1.564383422017464831e+00,-9.780927604848411727e-01,-3.372362481177324511e-01,-1.560860814676658936e+00,-9.759167619387475456e-01,-3.356505649802157265e-01,4.178324097100766799e-01,1.004611085905442458e+00,-3.214858347750620959e-03,-1.585683137516724628e-03,4.140499021869362833e-03,2.968859999999999832e-01
1.765000000000000213e+01,-1.544503282690833146e+00,-9.845074393511691335e-01,-2.870056938224605503e-01,-1.544503282690833146e+00,-9.845074393511691335e-01,-2.870056938224605503e-01,-1.541026485551579173e+00,-9.822872507286884991e-01,-2.858789635025598130e-01,4.199564992909383676e-01,1.000682037633559007e+00,-3.110540139889414468e-03,-1.126730319900737243e-03,4.125209796715443092e-03,3.012950000000000350e-01
1.769999999999999929e+01,-1.524224085610881074e+00,-9.899453475334422103e-01,-2.369715919407826554e-01,-1.524224085610881074e+00,-9.899453475334422103e-01,-2.369715919407826554e-01,-1.520811931200061640e+00,-9.876883405951377704e-01,-2.363421338615432354e-01,4.229899033970753175e-01,9.917612092174639127e-01,-2.993213508704461144e-03,-6.294580792394199875e-04,4.091072969628983293e-03,2.990300000000000180e-01
1.775000000000000000e+01,-1.503550993280635462e+00,-9.943987449333847595e-01,-1.873835314799094931e-01,-1.503550993280635462e+00,-9.943987449333847595e-01,-1.873835314799094931e-01,-1.500222139260918963e+00,-9.921147013144778759e-01,-1.872781162552326073e-01,4.269077055628640593e-01,9.780464002821308567e-01,-2.863889989411247915e-03,-1.054152246768857992e-04,4.037093550767921132e-03,3.022870000000000279e-01
1.780000000000000071e+01,-1.482490407976910562e+00,-9.978608868441921631e-01,-1.384812114658027227e-01,-1.482490407976910562e+00,-9.978608868441921631e-01,-1.384812114658027227e-01,-1.479262189957219364e+00,-9.955619646030799963e-01,-1.389137044922952313e-01,4.316746956232053178e-01,9.598706004583251739e-01,-2.723779560167393764e-03,4.324930264925086476e-04,3.963134498517448777e-03,3.314509999999999956e-01
1.785000000000000142e+01,-1.461050022277341709e+00,-1.000326257906136274e+00,-9.048768144288654725e-02,-1.461050022277341709e+00,-1.000326257906136274e+00,-9.048768144288654725e-02,-1.457937254842823105e+00,-9.980267284282715590e-01,-9.145845919515682709e-02,4.372481256617579137e-01,9.376794445301724901e-01,-2.574210992661183240e-03,9.707777522702798478e-04,3.870033193781197839e-03,3.031780000000000030e-01
1.790000000000000213e+01,-1.439238732493747230e+00,-1.001790806096136910e+00,-4.360370921637812813e-02,-1.439238732493747230e+00,-1.001790806096136910e+00,-4.360370921637812813e-02,-1.436252595526377851e+00,-9.995065603657316000e-01,-4.509988523380714653e-02,4.435807816674891546e-01,9.120023354512259983e-01,-2.416551831172504376e-03,1.496176017429018401e-03,3.759626649650850763e-03,2.972970000000000335e-01
1.794999999999999929e+01,-1.417066413827416937e+00,-1.002252137827228884e+00,1.996407556183132925e-03,-1.417066413827416937e+00,-1.002252137827228884e+00,1.996407556183132925e-03,-1.414213562373095368e+00,-1.000000000000000000e+00,0.000000000000000000e+00,4.506238682000383577e-01,8.834205511648314246e-01,-2.252137827228883893e-03,1.996407556183132925e-03,3.634678281947376598e-03,3.056530000000000080e-01
1.800000000000000000e+01,-1.394543584557134785e+00,-1.001709639948557884e+00,4.616743511442455983e-02,-1.394543584557134785e+00,-1.001709639948557884e+00,4.616743511442455983e-02,-1.391825593184629062e+00,-9.995065603657316000e-01,4.370663352722781170e-02,4.583292715326991451e-01,8.525356365351124399e-01,-2.082219244616061084e-03,2.460801587196748130e-03,3.498719301298916767e-03,3.024170000000000469e-01
1.805000000000000071e+01,-1.371681009116893390e+00,-1.000164508424920662e+00,8.879421694118017072e-02,-1.371681009116893390e+00,-1.000164508424920662e+00,8.879421694118017072e-02,-1.369094211857376564e+00,-9.980267284282714479e-01,8.591347505124380390e-02,4.666509528242627214e-01,8.199408693429376394e-01,-1.907927792498397435e-03,2.880741889936366817e-03,3.355834229504979071e-03,2.982290000000000219e-01
1.810000000000000142e+01,-1.348489299555546417e+00,-9.976196823276567427e-01,1.297912604083268917e-01,-1.348489299555546417e+00,-9.976196823276567427e-01,1.297912604083268917e-01,-1.346025027019546183e+00,-9.955619646030798853e-01,1.265413517787061792e-01,4.755454527081690030e-01,7.861977550480715449e-01,-1.730264044183589317e-03,3.249908629620712475e-03,3.210426975609752438e-03,3.026469999999999994e-01
1.815000000000000213e+01,-1.324978569735797640e+00,-9.940796994820549903e-01,1.691011481607302969e-01,-1.324978569735797640e+00,-9.940796994820549903e-01,1.691011481607302969e-01,-1.322623730647304541e+00,-9.921147013144779869e-01,1.655368238699050920e-01,4.849716799901312991e-01,7.518185601891003156e-01,-1.550102000148539634e-03,3.564324290825204855e-03,3.066999336693112567e-03,2.982489999999999863e-01
1.819999999999999929e+01,-1.301158180203339843e+00,-9.895505017963855954e-01,2.066920761701851461e-01,-1.301158180203339843e+00,-9.895505017963855954e-01,2.066920761701851461e-01,-1.298896096660366872e+00,-9.876883405951376593e-01,2.028698429353830157e-01,4.948902587481470716e-01,7.172550259902727987e-01,-1.368205546552363639e-03,3.822233234802130397e-03,2.929960118298933699e-03,2.975979999999999737e-01
1.825000000000000000e+01,-1.277036590427219842e+00,-9.840392219240098326e-01,2.425548274696986972e-01,-1.277036590427219842e+00,-9.840392219240098326e-01,2.425548274696986972e-01,-1.274847979497379269e+00,-9.822872507286886101e-01,2.385309701662974291e-01,5.052627145342175607e-01,6.828927357240643925e-01,-1.185251067623346172e-03,4.023857303401268126e-03,2.803465867716761067e-03,3.015349999999999975e-01
1.830000000000000071e+01,-1.252621315450083372e+00,-9.775539794229142210e-01,2.766994642559019724e-01,-1.252621315450083372e+00,-9.775539794229142210e-01,2.766994642559019724e-01,-1.250485312671410165e+00,-9.759167619387473236e-01,2.725283905658661965e-01,5.160507200712503018e-01,6.490501909175659945e-01,-1.001851126478638327e-03,4.171073690035775883e-03,2.691280171398260056e-03,2.978580000000000116e-01
1.835000000000000142e+01,-1.227918969972478846e+00,-9.701037067028812633e-01,3.091519738017804997e-01,-1.227918969972478846e+00,-9.701037067028812633e-01,3.091519738017804997e-01,-1.225814107305952971e+00,-9.685831611286311871e-01,3.048849158476665266e-01,5.272155333478708572e-01,6.159814697157901531e-01,-8.185754682119340559e-04,4.267057954113973040e-03,2.596633529843191124e-03,2.964350000000000041e-01
1.840000000000000213e+01,-1.202935375775537219e+00,-9.616980158247622201e-01,3.399510472875699740e-01,-1.202935375775537219e+00,-9.616980158247622201e-01,3.399510472875699740e-01,-1.200840450651768254e+00,-9.602936856769431762e-01,3.356351199971934207e-01,5.387176784239345873e-01,5.838813448303828979e-01,-6.359671470174685978e-04,4.315927290376553316e-03,2.522073440301029253e-03,3.181160000000000099e-01
1.844999999999999929e+01,-1.177675707260319671e+00,-9.523471089510224807e-01,3.691451145290889357e-01,-1.177675707260319671e+00,-9.523471089510224807e-01,3.691451145290889357e-01,-1.175570504584946718e+00,-9.510565162951537532e-01,3.648227049614569673e-01,5.505168587613419318e-01,5.528918643088321927e-01,-4.545529787913914644e-04,4.322409567631968486e-03,2.469313205686903597e-03,3.030980000000000341e-01
1.850000000000000000e+01,-1.152144652820685344e+00,-9.420617291663764270e-01,3.967897077445305953e-01,-1.152144652820685344e+00,-9.420617291663764270e-01,3.967897077445305953e-01,-1.150010504086557583e+00,-9.408807689542256769e-01,3.924981535591460791e-01,5.625720582954492066e-01,5.231095861548434867e-01,-2.748485759366900037e-04,4.291554185384516273e-03,2.439110051240466273e-03,2.978080000000000171e-01
1.855000000000000071e+01,-1.126346574751962981e+00,-9.308531447647191426e-01,4.229451870522726864e-01,-1.126346574751962981e+00,-9.308531447647191426e-01,4.229451870522726864e-01,-1.124166755704261833e+00,-9.297764858882516803e-01,4.187166943902131955e-01,5.748417725281460555e-01,4.945928617044242359e-01,-9.735887835965884984e-05,4.228492662059490925e-03,2.431214802726595382e-03,3.404980000000000229e-01
1.860000000000000142e+01,-1.100285655849128741e+00,-9.187331586041003195e-01,4.476748301374939842e-01,-1.100285655849128741e+00,-9.187331586041003195e-01,4.476748301374939842e-01,-1.098045635996262925e+00,-9.177546256839808070e-01,4.435365795339243355e-01,5.872843135194177888e-01,4.673687525627379658e-01,7.742460441024015538e-05,4.138250603569648689e-03,2.444425416532607087e-03,3.290870000000000184e-01
1.865000000000000213e+01,-1.073966025774833577e+00,-9.057141341781463906e-01,4.710432677656308798e-01,-1.073966025774833577e+00,-9.057141341781463906e-01,4.710432677656308798e-01,-1.071653589957994201e+00,-9.048270524660200209e-01,4.670176594031847372e-01,5.998581420161783750e-01,4.414393256702072721e-01,2.490285925911859622e-04,4.025608362446142507e-03,2.476746529419318870e-03,3.034789999999999988e-01
1.869999999999999929e+01,-1.047391864208239820e+00,-8.918090310364411577e-01,4.931152340491413710e-01,-1.047391864208239820e+00,-8.918090310364411577e-01,4.931152340491413710e-01,-1.044997129431898930e+00,-8.910065241883684539e-01,4.892202290015954524e-01,6.125221920810701715e-01,4.167871953815636688e-01,4.170037686533659919e-04,3.895005047545918586e-03,2.525623069703798566e-03,3.108020000000000227e-01
1.875000000000000000e+01,-1.020567480613019162e+00,-8.770314436125500324e-01,5.139545938182195073e-01,-1.020567480613019162e+00,-8.770314436125500324e-01,5.139545938182195073e-01,-1.018082831500742413e+00,-8.763066800438634729e-01,5.102041145915525711e-01,6.252361653895389670e-01,3.933802718963551603e-01,5.809305606233413797e-04,3.750479226666936228e-03,2.588196947999304130e-03,2.986900000000000110e-01
1.880000000000000071e+01,-9.934973722897451065e-01,-8.613956390383200601e-01,5.336236074130371598e-01,-9.934973722897451065e-01,-8.613956390383200601e-01,5.336236074130371598e-01,-9.909173368648149793e-01,-8.607420270039436438e-01,5.300279680891510914e-01,6.379607823191956184e-01,3.711757364907026235e-01,7.404243441622848773e-04,3.595639323886068439e-03,2.661539307501592858e-03,2.980289999999999884e-01
1.885000000000000142e+01,-9.661862633994132699e-01,-8.449165909250313522e-01,5.521823942375725380e-01,-9.661862633994132699e-01,-8.449165909250313522e-01,5.521823942375725380e-01,-9.635073482034290926e-01,-8.443279255020141871e-01,5.487487372104515870e-01,6.506579845535183093e-01,3.501233015102196422e-01,8.951396659339728784e-04,3.433657027120951000e-03,2.742829489328660504e-03,3.052720000000000433e-01
1.890000000000000213e+01,-9.386391280742737431e-01,-8.276100072703903576e-01,5.696885593130835979e-01,-9.386391280742737431e-01,-8.276100072703903576e-01,5.696885593130835979e-01,-9.358596285211470134e-01,-8.270805742745619416e-01,5.664212815967912817e-01,6.632910892471679531e-01,3.301678329655461375e-01,1.044773288151958166e-03,3.267277716292316114e-03,2.829472930229858397e-03,2.999620000000000064e-01
1.894999999999999929e+01,-9.108612007610357164e-01,-8.094923515720408025e-01,5.861969509613609297e-01,-9.108612007610357164e-01,-8.094923515720408025e-01,5.861969509613609297e-01,-9.079809994790939420e-01,-8.090169943749476733e-01,5.830981081633348495e-01,6.758248982010583994e-01,3.112514211118816987e-01,1.189066006430608557e-03,3.098842798026080203e-03,2.919164930134519886e-03,2.999120000000000119e-01
1.900000000000000000e+01,-8.828579767239445042e-01,-7.905808569037313660e-01,6.017595220169549286e-01,-8.828579767239445042e-01,-7.905808569037313660e-01,6.017595220169549286e-01,-8.798783397118308258e-01,-7.901550123756907462e-01,5.988292022658203706e-01,6.882257674048217755e-01,2.933149838219132888e-01,1.327803300799824298e-03,2.930319751134558004e-03,3.009913667535975626e-03,3.191579999999999973e-01
1.905000000000000071e+01,-8.546352052857009163e-01,-7.708935331723467677e-01,6.164252712080506846e-01,-8.546352052857009163e-01,-7.708935331723467677e-01,6.164252712080506846e-01,-8.515585831301444308e-01,-7.705132427757885871e-01,6.136619346445093548e-01,7.004616431371798457e-01,2.762994820565907172e-01,1.460814948429189084e-03,2.763336563541329838e-03,3.100036237493912581e-03,3.022070000000000034e-01
1.910000000000000142e+01,-8.261988779819493534e-01,-7.504491680637020989e-01,6.302402453108801872e-01,-8.261988779819493534e-01,-7.504491680637020989e-01,6.302402453108801872e-01,-8.230287172102168647e-01,-7.501110696304590375e-01,6.276410272841834725e-01,7.125020709158395027e-01,2.601468186040881148e-01,1.587973763754885626e-03,2.599218026696714645e-03,3.188138935051755291e-03,2.985689999999999733e-01
1.915000000000000213e+01,-7.975552134014337602e-01,-7.292673223433241425e-01,6.432475862410846901e-01,-7.975552134014337602e-01,-7.292673223433241425e-01,6.432475862410846901e-01,-7.942957812695623510e-01,-7.289686274214123296e-01,6.408085642148115824e-01,7.243181832316218927e-01,2.448004820563279837e-01,1.709193645100808836e-03,2.439022026273107713e-03,3.273089744973654673e-03,3.114839999999999831e-01
1.920000000000000284e+01,-7.687106401092161923e-01,-7.073683202418056259e-01,6.554876103439011281e-01,-7.687106401092161923e-01,-7.073683202418056259e-01,6.554876103439011281e-01,-7.653668647301807848e-01,-7.071067811865484609e-01,6.532040358206785413e-01,7.358826713870285641e-01,2.302059887335434485e-01,1.824427103644717801e-03,2.283574523222586805e-03,3.353988142923017626e-03,2.995019999999999905e-01
1.925000000000000000e+01,-7.396717787201686489e-01,-6.847732356528785091e-01,6.669979097805782686e-01,-7.396717787201686489e-01,-6.847732356528785091e-01,6.669979097805782686e-01,-7.362491053693557275e-01,-6.845471059286885041e-01,6.648644074170242391e-01,7.471697460270435576e-01,2.163111665554967866e-01,1.933662436619259899e-03,2.133502363554029557e-03,3.430135204117645050e-03,2.973779999999999757e-01
1.930000000000000071e+01,-7.104454239100784774e-01,-6.615038748297344950e-01,6.778134681083529678e-01,-7.104454239100784774e-01,-6.615038748297344950e-01,6.778134681083529678e-01,-7.069496875585125073e-01,-6.613118653236504940e-01,6.758242047084688231e-01,7.581550901930225184e-01,2.030663170135500739e-01,2.036920686597739824e-03,1.989263399884144690e-03,3.501005611261767507e-03,3.091090000000000226e-01
1.935000000000000142e+01,-6.810385269219071391e-01,-6.375827561990008441e-01,6.879667839590304368e-01,-6.810385269219071391e-01,-6.375827561990008441e-01,6.879667839590304368e-01,-6.774758404905811826e-01,-6.374239897486884132e-01,6.861156102913268384e-01,7.688158080077235335e-01,1.904242845478420210e-01,2.134252506049381330e-03,1.851173667703598369e-03,3.566222286075124929e-03,2.990610000000000213e-01
1.940000000000000213e+01,-6.514581789411245660e-01,-6.130330878347854950e-01,6.974879981864225975e-01,-6.514581789411245660e-01,-6.130330878347854950e-01,6.974879981864225975e-01,-6.478348363963007950e-01,-6.129070536529781510e-01,6.957685666376676181e-01,7.791303714427886273e-01,1.783404567950138686e-01,2.225735023419466406e-03,1.719431548754979389e-03,3.625533865807054751e-03,2.967060000000000253e-01
1.945000000000000284e+01,-6.217115955711586262e-01,-5.878787430559658800e-01,7.064050210261734186e-01,-6.217115955711586262e-01,-5.878787430559658800e-01,7.064050210261734186e-01,-6.180339887498952356e-01,-5.877852522924734702e-01,7.048108820393776952e-01,7.890785670464054435e-01,1.667727142832655662e-01,2.311468785385313758e-03,1.594138986795723412e-03,3.678794973175511518e-03,3.077470000000000483e-01
1.950000000000000000e+01,-5.918061025316154744e-01,-5.621442345339131563e-01,7.147436567403366858e-01,-5.918061025316154744e-01,-5.621442345339131563e-01,7.147436567403366858e-01,-5.880806504646067800e-01,-5.620833778521296953e-01,7.132683368307413119e-01,7.986414440218237987e-01,1.556813441189855429e-01,2.391574830533555168e-03,1.475319909595373957e-03,3.725949092418876039e-03,2.991810000000000302e-01
1.955000000000000071e+01,-5.617491226220913125e-01,-5.358546872283769247e-01,7.225277239462859491e-01,-5.617491226220913125e-01,-5.358546872283769247e-01,7.225277239462859491e-01,-5.579822120784575512e-01,-5.358267949789957685e-01,7.211647878806655143e-01,8.000000000000000444e-01,1.465806245357537119e-01,2.466191932974463267e-03,1.362936065620434789e-03,3.767013806891970819e-03,2.960650000000000226e-01
1.960000000000000142e+01,-5.318408586053077203e-01,-5.092936522042037506e-01,7.298567551730736902e-01,-5.318408586053077203e-01,-5.092936522042037506e-01,7.298567551730736902e-01,-5.277460999307450606e-01,-5.090414157503706516e-01,7.285222698794653340e-01,8.000000000000000444e-01,1.387236695195333269e-01,2.537949720502439242e-03,1.334485293608356216e-03,4.102520180516903633e-03,3.166039999999999965e-01
1.965000000000000213e+01,-5.021227962512100351e-01,-4.825199644646311903e-01,7.367929386490503774e-01,-5.021227962512100351e-01,-4.825199644646311903e-01,7.367929386490503774e-01,-4.973797743297089791e-01,-4.817536741017147683e-01,7.353610923648465914e-01,8.000000000000000444e-01,1.310149010820246818e-01,2.613607714967151018e-03,1.431846284203786013e-03,4.804524728642589962e-03,3.036889999999999867e-01
1.970000000000000284e+01,-4.725859492392258110e-01,-4.555464784651531707e-01,7.433436837031517364e-01,-4.725859492392258110e-01,-4.555464784651531707e-01,7.433436837031517364e-01,-4.668907277118103938e-01,-4.539904997395464159e-01,7.416999317587280594e-01,8.000000000000000444e-01,1.234350659220839613e-01,2.700106775177818497e-03,1.643751944423677003e-03,5.903949359613174658e-03,2.975870000000000459e-01
1.975000000000000000e+01,-4.432212778455740798e-01,-4.283856427782531950e-01,7.495154369992560461e-01,-4.432212778455740798e-01,-4.283856427782531950e-01,7.495154369992560461e-01,-4.362864827930848510e-01,-4.257792915650724375e-01,7.475559179387234465e-01,8.000000000000000444e-01,1.159648186398432174e-01,2.803234844822481871e-03,1.959519060532599610e-03,7.408403948657085215e-03,3.106520000000000392e-01
1.980000000000000071e+01,-4.140196834871978093e-01,-4.010495420263011090e-01,7.553136779312481508e-01,-4.140196834871978093e-01,-4.010495420263011090e-01,7.553136779312481508e-01,-4.055745907130249295e-01,-3.971478906347805649e-01,7.529447150598800320e-01,8.000000000000000444e-01,1.085846048312857082e-01,2.927722499747306261e-03,2.368962871368118783e-03,9.302820838076007737e-03,3.013549999999999840e-01
1.985000000000000142e+01,-3.849720010786918389e-01,-3.735499380929174218e-01,7.607429081728125375e-01,-3.849720010786918389e-01,-3.735499380929174218e-01,7.607429081728125375e-01,-3.747626291714493685e-01,-3.681245526846780858e-01,7.578805964862267430e-01,8.000000000000000444e-01,1.012749459187968909e-01,3.077328124971915463e-03,2.862311686585794490e-03,1.156140482676426551e-02,2.970170000000000310e-01
1.990000000000000213e+01,-3.560689895301892838e-01,-3.458983105719478091e-01,7.658066554687525951e-01,-3.560689895301892838e-01,-3.458983105719478091e-01,7.658066554687525951e-01,-3.438582005588176616e-01,-3.387379202452899807e-01,7.623765137973599337e-01,8.000000000000000444e-01,9.401664824241121043e-02,3.254913804562343735e-03,3.430141671392661351e-03,1.415537201678097358e-02,3.094200000000000284e-01
1.995000000000000284e+01,-3.273013209344654006e-01,-3.181058961897442749e-01,7.705074878808733096e-01,-3.273013209344654006e-01,-3.181058961897442749e-01,7.705074878808733096e-01,-3.128689300804622375e-01,-3.090169943749478954e-01,7.664441599109093062e-01,8.000000000000000444e-01,8.679095101725978201e-02,3.462513295638384829e-03,4.063327969964003472e-03,1.705585066661065297e-02,2.989900000000000335e-01
2.000000000000000000e+01,-2.986595688978330720e-01,-2.901837270515142397e-01,7.748470354317360531e-01,-2.986595688978330720e-01,-2.901837270515142397e-01,7.748470354317360531e-01,-2.818024638751659983e-01,-2.789911060392298858e-01,7.700940264136826308e-01,8.000000000000000444e-01,7.957962525139450349e-02,3.701393277498297649e-03,4.753009018053422352e-03,2.023454360418976139e-02,2.959840000000000249e-01
