time_s,x_m,y_m,yaw_rad,measured_x_m,measured_y_m,measured_yaw_rad,reference_x_m,reference_y_m,reference_yaw_rad,linear_mps,angular_radps,cross_track_error_m,heading_error_rad,position_error_m,compute_ms
0.000000000000000000e+00,0.000000000000000000e+00,0.000000000000000000e+00,7.855214548437161604e-01,0.000000000000000000e+00,0.000000000000000000e+00,7.855214548437161604e-01,0.000000000000000000e+00,0.000000000000000000e+00,7.855214548437161604e-01,7.500000000000001110e-02,-3.856525922729654027e-02,0.000000000000000000e+00,0.000000000000000000e+00,0.000000000000000000e+00,4.320100000000000329e-02
5.000000000000000278e-02,2.653878694499047387e-03,2.649419468038545066e-03,7.835931918823515474e-01,2.653878694499047387e-03,2.649419468038545066e-03,7.835931918823515474e-01,0.000000000000000000e+00,0.000000000000000000e+00,7.855214548437161604e-01,1.500000000000000222e-01,-3.303115829640939499e-02,-3.615491932366368330e-06,-1.928262961364612949e-03,3.749999419031637034e-03,8.236000000000000265e-03
1.000000000000000056e-01,7.971112242572972809e-03,7.938749728988789625e-03,7.819416339675311356e-01,7.971112242572972809e-03,7.938749728988789625e-03,7.819416339675311356e-01,0.000000000000000000e+00,0.000000000000000000e+00,7.855214548437161604e-01,2.250000000000000333e-01,-2.863484073044625378e-02,-2.427077786472733867e-05,-3.579820876185024758e-03,1.124999456191940958e-02,6.893000000000000689e-03
1.500000000000000222e-01,1.595918475118515006e-02,1.586043995123736366e-02,7.805098919310089478e-01,1.595918475118515006e-02,1.586043995123736366e-02,7.805098919310089478e-01,3.141463462364135067e-02,3.141075907812829193e-02,7.851513826996336931e-01,3.000000000000000444e-01,-3.242194891887051345e-02,-7.249320718305529709e-05,-4.641490768624745300e-03,2.192449214253676393e-02,7.604000000000000516e-03
2.000000000000000111e-01,2.662605785735904299e-02,2.640642349297535676e-02,7.788887944850655387e-01,2.662605785735904299e-02,2.640642349297535676e-02,7.788887944850655387e-01,3.141463462364135067e-02,3.141075907812829193e-02,7.851513826996336931e-01,3.750000000000000555e-01,-2.915588973289306995e-02,-1.542733854523249161e-04,-6.262588214568154399e-03,6.926315188858119844e-03,6.252000000000000612e-03
2.500000000000000000e-01,3.997992742700373636e-02,3.956836123998798416e-02,7.774309999984208019e-01,3.997992742700373636e-02,3.956836123998798416e-02,7.774309999984208019e-01,3.141463462364135067e-02,3.141075907812829193e-02,7.851513826996336931e-01,4.500000000000000666e-01,-2.652874764929978590e-02,-2.853626582141272419e-04,-7.720382701212891163e-03,1.182838593547358777e-02,6.452000000000000270e-03
3.000000000000000444e-01,5.602654315215462727e-02,5.534036331782143936e-02,7.761045626159557287e-01,5.602654315215462727e-02,5.534036331782143936e-02,7.761045626159557287e-01,6.282151815625658386e-02,6.279051952931337388e-02,7.845956463669550018e-01,5.250000000000001332e-01,-2.909444993089324236e-02,-4.713665413214346983e-04,-8.491083750999273150e-03,1.008347722177236998e-02,8.736000000000000709e-03
3.500000000000000333e-01,7.477316404531308969e-02,7.371498123414910175e-02,7.746498401194110706e-01,7.477316404531308969e-02,7.371498123414910175e-02,7.746498401194110706e-01,6.282151815625658386e-02,6.279051952931337388e-02,7.845956463669550018e-01,6.000000000000000888e-01,-2.721612177286657219e-02,-7.133472739382301989e-04,-9.945806247543931278e-03,1.619214942488561570e-02,6.081000000000000467e-03
4.000000000000000222e-01,9.622741506978212123e-02,9.468436305848089429e-02,7.732890340307676524e-01,9.622741506978212123e-02,9.468436305848089429e-02,7.732890340307676524e-01,9.421290141928533035e-02,9.410831331851432502e-02,7.836678937727570293e-01,6.750000000000000444e-01,-3.130285377162556754e-02,-1.013976548178038535e-03,-1.037885974198937689e-02,2.095256201745614340e-03,5.951000000000000560e-03
4.500000000000000111e-01,1.203979334058959128e-01,1.182395813940436968e-01,7.717238913421864410e-01,1.203979334058959128e-01,1.182395813940436968e-01,7.717238913421864410e-01,1.255810390586267478e-01,1.253332335643042583e-01,7.823658289118942122e-01,7.500000000000000000e-01,-3.596835717899143220e-02,-1.377277778008831072e-03,-1.064193756970777116e-02,8.785470125156234419e-03,6.162000000000000810e-03
5.000000000000000000e-01,1.472980423455850785e-01,1.443668422533940510e-01,7.699254734832368108e-01,1.472980423455850785e-01,1.443668422533940510e-01,7.699254734832368108e-01,1.569181914556898871e-01,1.564344650402308690e-01,7.806862214442258363e-01,8.000000000000000444e-01,-4.131690122849297070e-02,-1.802866072601448481e-03,-1.076074796098902553e-02,1.543291251274475293e-02,6.291999999999999850e-03
5.500000000000000444e-01,1.760452837745832833e-01,1.721804278042380065e-01,7.678596284218119905e-01,1.760452837745832833e-01,1.721804278042380065e-01,7.678596284218119905e-01,1.882166266370286500e-01,1.873813145857246287e-01,7.786248906646879853e-01,8.000000000000000444e-01,-4.728902339069502442e-02,-2.273258205403503457e-03,-1.076526224287599476e-02,1.947327774204369796e-02,5.860999999999999890e-03
6.000000000000000888e-01,2.048540642472136963e-01,1.999302642409227226e-01,7.654951772522773368e-01,2.048540642472136963e-01,1.999302642409227226e-01,7.654951772522773368e-01,1.882166266370286500e-01,1.873813145857246287e-01,7.786248906646879853e-01,8.000000000000000444e-01,-4.635099810099623657e-02,-2.751146237843246287e-03,-1.312971341241064849e-02,2.083939700858679356e-02,6.072000000000000140e-03
6.500000000000000222e-01,2.337277283665940841e-01,2.276125835834736377e-01,7.631776273472272720e-01,2.337277283665940841e-01,2.276125835834736377e-01,7.631776273472272720e-01,2.194686221820905392e-01,2.181432413965425365e-01,7.761766847564688376e-01,8.000000000000000444e-01,-5.359611603573077865e-02,-3.232009783747989348e-03,-1.299905740924156561e-02,1.711696674747428468e-02,6.643000000000000467e-03
7.000000000000000666e-01,2.626704692943781505e-01,2.552226685176567367e-01,7.604978215454405444e-01,2.626704692943781505e-01,2.552226685176567367e-01,7.604978215454405444e-01,2.506664671286085166e-01,2.486898871648547948e-01,7.733354552277038607e-01,8.000000000000000444e-01,-6.109426783795905702e-02,-3.710347937793826226e-03,-1.283763368226331636e-02,1.366650285183882915e-02,5.981000000000000205e-03
7.500000000000000000e-01,2.916922538232977757e-01,2.827496512543743457e-01,7.574431081535424326e-01,2.916922538232977757e-01,2.827496512543743457e-01,7.574431081535424326e-01,2.818024638751653321e-01,2.789911060392292752e-01,7.700940264136821867e-01,8.000000000000000444e-01,-7.648710592040219858e-02,-4.187245156990307068e-03,-1.265091826013975407e-02,1.057991528096853019e-02,6.563000000000000257e-03
8.000000000000000444e-01,3.208085400755231187e-01,3.101766438854837715e-01,7.536187528575224448e-01,3.208085400755231187e-01,3.101766438854837715e-01,7.536187528575224448e-01,3.128689300804617379e-01,3.090169943749473958e-01,7.664441599109093062e-01,8.000000000000000444e-01,-8.378230616116567886e-02,-4.671349336463715383e-03,-1.282540705338686138e-02,8.023851560252459256e-03,8.556000000000001104e-03
8.500000000000000888e-01,3.500344814587824094e-01,3.374867520954260569e-01,7.494296375494640117e-01,3.500344814587824094e-01,3.374867520954260569e-01,7.494296375494640117e-01,3.438582005588191048e-01,3.387379202452914240e-01,7.623765137973599337e-01,8.000000000000000444e-01,-9.146539948462659164e-02,-5.170440212256114700e-03,-1.294687624789592206e-02,6.301735276452753200e-03,6.121000000000000572e-03
9.000000000000000222e-01,3.793797886952470222e-01,3.646685503170247755e-01,7.448563675752328805e-01,3.793797886952470222e-01,3.646685503170247755e-01,7.448563675752328805e-01,3.747626291714492575e-01,3.681245526846779748e-01,7.578805964862258548e-01,8.000000000000000444e-01,-9.956081264907773454e-02,-5.683835557161389870e-03,-1.302422891099297431e-02,5.767331656270594832e-03,5.912000000000000588e-03
9.500000000000000666e-01,4.088545669522380410e-01,3.917098916777161932e-01,7.398783269427791076e-01,4.088545669522380410e-01,3.917098916777161932e-01,7.398783269427791076e-01,4.055745907130249850e-01,3.971478906347806204e-01,7.529447150598791438e-01,8.000000000000000444e-01,-1.080983807353739917e-01,-6.210807064848016326e-03,-1.306638811710003623e-02,6.350596569365434159e-03,5.841000000000000705e-03
1.000000000000000000e+00,4.384693264945217495e-01,4.185978466421585442e-01,7.344734079060106779e-01,4.384693264945217495e-01,4.185978466421585442e-01,7.344734079060106779e-01,4.362864827930850731e-01,4.257792915650726595e-01,7.475559179387234465e-01,8.000000000000000444e-01,-1.266548962845909510e-01,-6.750534595413920300e-03,-1.308251003271276858e-02,7.505861563188512275e-03,6.312000000000000770e-03
1.050000000000000044e+00,4.682413624978470357e-01,4.453115233840368448e-01,7.281406630917812706e-01,4.682413624978470357e-01,4.453115233840368448e-01,7.281406630917812706e-01,4.668907277118107824e-01,4.539904997395467490e-01,7.416999317587289475e-01,8.000000000000000444e-01,-1.353631910704645169e-01,-7.311604591879808379e-03,-1.355926866694767696e-02,8.783441518263280720e-03,5.791000000000000140e-03
1.100000000000000089e+00,4.981877380609740502e-01,4.718296018006627457e-01,7.213725035382578810e-01,4.981877380609740502e-01,4.718296018006627457e-01,7.213725035382578810e-01,4.973797743297095897e-01,4.817536741017153235e-01,7.353610923648465914e-01,8.000000000000000444e-01,-1.447162887878212789e-01,-7.901604992272699343e-03,-1.398858882658871039e-02,9.956907975248029119e-03,5.570000000000000298e-03
1.150000000000000133e+00,5.283190490252001048e-01,4.981373405604753168e-01,7.141366890988667393e-01,5.283190490252001048e-01,4.981373405604753168e-01,7.141366890988667393e-01,5.277460999307458378e-01,5.090414157503713177e-01,7.285222698794653340e-01,8.000000000000000444e-01,-1.657307665401982488e-01,-8.517625318633504153e-03,-1.438558078059859469e-02,1.091911747403339662e-02,6.742000000000000597e-03
1.200000000000000178e+00,5.586536088377134224e-01,5.242104171997921114e-01,7.058501507718570878e-01,5.586536088377134224e-01,5.242104171997921114e-01,7.058501507718570878e-01,5.579822120784585504e-01,5.358267949789966567e-01,7.211647878806650702e-01,8.000000000000000444e-01,-1.756964062852424402e-01,-9.167627932781469494e-03,-1.531463710880798246e-02,1.163576410544383058e-02,5.821000000000000653e-03
1.250000000000000000e+00,5.892096014906200718e-01,5.500236119513057798e-01,6.970653304575948894e-01,5.892096014906200718e-01,5.500236119513057798e-01,6.970653304575948894e-01,5.880806504646078903e-01,5.620833778521305835e-01,7.132683368307422000e-01,7.915733627711156739e-01,-1.865575531204911319e-01,-9.858608284314751904e-03,-1.620300637314731063e-02,1.211249288965036454e-02,5.520000000000000601e-03
1.300000000000000044e+00,6.196737942060371873e-01,5.752900437477431739e-01,6.877374528015702815e-01,6.196737942060371873e-01,5.752900437477431739e-01,6.877374528015702815e-01,6.180339887498947915e-01,5.877852522924731371e-01,7.048108820393794716e-01,7.810357527874222106e-01,-2.109730735578182470e-01,-1.058043954939095511e-02,-1.707342923780919008e-02,1.260234892828662571e-02,5.991000000000000665e-03
1.350000000000000089e+00,6.499786830645113422e-01,5.999201409396980322e-01,6.771887991236793525e-01,6.499786830645113422e-01,5.999201409396980322e-01,6.771887991236793525e-01,6.478348363962987966e-01,6.129070536529764857e-01,6.957685666376671740e-01,7.707190783179879157e-01,-2.223020944064441895e-01,-1.134240485368404223e-02,-1.857976751398782156e-02,1.316267375418533891e-02,6.251000000000000480e-03
1.400000000000000133e+00,6.801447669975484445e-01,6.238995453412004011e-01,6.660736944033569529e-01,6.801447669975484445e-01,6.238995453412004011e-01,6.660736944033569529e-01,6.774758404905828479e-01,6.374239897486897455e-01,6.861156102913255062e-01,7.591599394720580651e-01,-2.486522134351090429e-01,-1.215489759661211172e-02,-2.004191588796855328e-02,1.378527349133318314e-02,5.720999999999999523e-03
1.450000000000000178e+00,7.101344152181737757e-01,6.471678064524728491e-01,6.536410837316015687e-01,7.101344152181737757e-01,6.471678064524728491e-01,6.536410837316015687e-01,7.069496875585143947e-01,6.613118653236519373e-01,6.758242047084683790e-01,7.480740639537253323e-01,-2.606108885218670901e-01,-1.302725287042490188e-02,-2.218312097686681028e-02,1.449816856080723623e-02,5.601000000000000076e-03
1.500000000000000000e+00,7.399756238792563057e-01,6.697181830093580368e-01,6.406105393055083752e-01,7.399756238792563057e-01,6.697181830093580368e-01,6.406105393055083752e-01,7.362491053693559495e-01,6.845471059286887261e-01,6.648644074170233509e-01,7.355011167294166485e-01,-2.892980798896198080e-01,-1.396945359801646247e-02,-2.425386811151497568e-02,1.528999330124382328e-02,6.623000000000000415e-03
1.550000000000000044e+00,7.696172637176105225e-01,6.914840815421834375e-01,6.261456353110275153e-01,7.696172637176105225e-01,6.914840815421834375e-01,6.261456353110275153e-01,7.653668647301795636e-01,7.071067811865474617e-01,6.532040358206789854e-01,7.237128636352739841e-01,-3.020173328557411718e-01,-1.498973314387825641e-02,-2.705840050965147014e-02,1.619057243368392934e-02,6.151000000000000217e-03
1.600000000000000089e+00,7.990972060305906455e-01,7.124676201219516392e-01,6.110447686682403123e-01,7.990972060305906455e-01,7.124676201219516392e-01,6.110447686682403123e-01,7.942957812695612407e-01,7.289686274214115524e-01,6.408085642148111383e-01,7.101282948244795890e-01,-3.332958946911596665e-01,-1.609791776060347235e-02,-2.976379554657082593e-02,1.718536940634840179e-02,5.860999999999999890e-03
1.650000000000000133e+00,8.283470896915146042e-01,7.325952284603998166e-01,5.943799739336821375e-01,8.283470896915146042e-01,7.325952284603998166e-01,5.943799739336821375e-01,8.230287172102175308e-01,7.501110696304594816e-01,6.276410272841830285e-01,6.977112731645728205e-01,-3.468113925636241435e-01,-1.730073032798649241e-02,-3.326105335050089096e-02,1.830545759451467774e-02,5.720000000000000258e-03
1.700000000000000178e+00,8.574175628869773469e-01,7.518794096632752666e-01,5.770394043055011579e-01,8.574175628869773469e-01,7.518794096632752666e-01,5.770394043055011579e-01,8.515585831301453190e-01,7.705132427757892533e-01,6.136619346445102430e-01,6.831130854306463052e-01,-3.806873818598359160e-01,-1.860797396473253332e-02,-3.662253033900908505e-02,1.953323783339542055e-02,6.823000000000000939e-03
1.750000000000000000e+00,8.862183875929305898e-01,7.702393114287150455e-01,5.580050352125094371e-01,8.862183875929305898e-01,7.702393114287150455e-01,5.580050352125094371e-01,8.798783397118303817e-01,7.901550123756904132e-01,5.988292022658208147e-01,6.678984328019748062e-01,-4.147293775851873532e-01,-2.002402340246080617e-02,-4.082416705331137763e-02,2.090051079146150459e-02,6.160999999999999810e-03
1.800000000000000044e+00,9.147290367197168370e-01,7.876267700154653273e-01,5.372685663332501527e-01,9.147290367197168370e-01,7.876267700154653273e-01,5.372685663332501527e-01,9.079809994790934979e-01,8.090169943749474513e-01,5.830981081633392904e-01,6.546903550548364148e-01,-4.285394131144694696e-01,-2.157127618947502976e-02,-4.582954183008913773e-02,2.242939376688148079e-02,6.572000000000000584e-03
1.850000000000000089e+00,9.430289088697516586e-01,8.040774506218202333e-01,5.158415956775268540e-01,9.430289088697516586e-01,8.040774506218202333e-01,5.158415956775268540e-01,9.358596285211467913e-01,8.270805742745618305e-01,5.664212815967921699e-01,6.384489832868974757e-01,-4.644252854346795356e-01,-2.325779975401584196e-02,-5.057968591926531587e-02,2.409444497182310768e-02,5.791000000000000140e-03
1.900000000000000133e+00,9.709778625596241497e-01,8.194999328417483797e-01,4.926203314057930882e-01,9.709778625596241497e-01,8.194999328417483797e-01,4.926203314057930882e-01,9.635073482034306469e-01,8.443279255020150753e-01,5.487487372104546957e-01,6.248353673596335200e-01,-4.783622532894967749e-01,-2.507946433789979071e-02,-5.612840580466160745e-02,2.592754913763254537e-02,5.981000000000000205e-03
1.950000000000000178e+00,9.986789460325445900e-01,8.339447081921080862e-01,4.687022187413183438e-01,9.986789460325445900e-01,8.339447081921080862e-01,4.687022187413183438e-01,9.909173368648149793e-01,8.607420270039435328e-01,5.300279680891506473e-01,6.075907431873320830e-01,-5.146828318312057782e-01,-2.704447676072398166e-02,-6.132574934783230347e-02,2.789872528227291953e-02,5.901000000000000863e-03
2.000000000000000000e+00,1.025955788343537289e+00,8.473177863547864952e-01,4.429680771497581659e-01,1.025955788343537289e+00,8.473177863547864952e-01,4.429680771497581659e-01,1.018082831500742635e+00,8.763066800438636950e-01,5.102041145915556797e-01,5.936935744695670536e-01,-5.279252497324684601e-01,-2.914180945458017674e-02,-6.723603744179751374e-02,3.003896480848045406e-02,5.891000000000000403e-03
2.050000000000000266e+00,1.052940207302488052e+00,8.596858953896842070e-01,4.165718146631345320e-01,1.052940207302488052e+00,8.596858953896842070e-01,4.165718146631345320e-01,1.044997129431897598e+00,8.910065241883677878e-01,4.892202290015981170e-01,5.755153402839018328e-01,-5.625042482920649123e-01,-3.137945756056407381e-02,-7.264841433846358498e-02,3.231213818989995407e-02,5.540999999999999918e-03
2.100000000000000089e+00,1.079415370119571893e+00,8.709578046622870051e-01,3.884466022485311143e-01,1.079415370119571893e+00,8.709578046622870051e-01,3.884466022485311143e-01,1.071653589957993313e+00,9.048270524660195768e-01,4.670176594031887340e-01,5.614854550127560406e-01,-5.739315351265301679e-01,-3.373690872403005414e-02,-7.857105715465761975e-02,3.474724705739029584e-02,5.781000000000000548e-03
2.149999999999999911e+00,1.105547059504320417e+00,8.812167283133292006e-01,3.597500254922048057e-01,1.105547059504320417e+00,8.812167283133292006e-01,3.597500254922048057e-01,1.098045635996263591e+00,9.177546256839811400e-01,4.435365795339238915e-01,5.425204822636433555e-01,-6.039362568899441230e-01,-3.622161203635665405e-02,-8.378655404171908572e-02,3.729999060208355477e-02,5.389999999999999826e-03
2.200000000000000178e+00,1.131076919399280900e+00,8.903814174282292937e-01,3.295532126477076496e-01,1.131076919399280900e+00,8.903814174282292937e-01,3.295532126477076496e-01,1.124166755704261167e+00,9.297764858882513472e-01,4.187166943902145277e-01,5.285456536410503281e-01,-6.122727658713491561e-01,-3.880137841335375148e-02,-8.916348174250687819e-02,3.999652211457632722e-02,5.540000000000000653e-03
2.250000000000000000e+00,1.156209065744691955e+00,8.985497677448152087e-01,2.989395743541400918e-01,1.156209065744691955e+00,8.985497677448152087e-01,2.989395743541400918e-01,1.150010504086557139e+00,9.408807689542255659e-01,3.924981535591443027e-01,5.146510218059611175e-01,-6.200780802527543489e-01,-4.148293587159568307e-02,-9.355857920500421088e-02,4.278242431210274588e-02,6.011000000000000718e-03
2.300000000000000266e+00,1.180913892250879282e+00,9.057457869875014111e-01,2.679356703415023411e-01,1.180913892250879282e+00,9.057457869875014111e-01,2.679356703415023411e-01,1.175570504584946274e+00,9.510565162951535312e-01,3.648227049614560791e-01,5.008943253207253088e-01,-6.271467268451037524e-01,-4.423512920123445769e-02,-9.688703461995373800e-02,4.562470802251527430e-02,6.352000000000000007e-03
2.350000000000000089e+00,1.205164988795108805e+00,9.119964457475019382e-01,2.365783339992471035e-01,1.205164988795108805e+00,9.119964457475019382e-01,2.365783339992471035e-01,1.200840450651768254e+00,9.602936856769431762e-01,3.356351199971938648e-01,4.814600637510358938e-01,-6.450393580742987965e-01,-4.702668571985144097e-02,-9.905678599794676131e-02,4.849046313405575709e-02,5.461000000000000576e-03
2.400000000000000355e+00,1.228654374315508502e+00,9.172602864347054741e-01,2.043263660955321193e-01,1.228654374315508502e+00,9.172602864347054741e-01,2.043263660955321193e-01,1.200840450651768254e+00,9.602936856769431762e-01,3.356351199971938648e-01,4.848547867019880608e-01,-6.412180304433600098e-01,-4.979323391973557861e-02,-1.313087539016617455e-01,5.123951404838061191e-02,5.591000000000000483e-03
2.450000000000000178e+00,1.252467594589737665e+00,9.217979741721281650e-01,1.722654645733641132e-01,1.252467594589737665e+00,9.217979741721281650e-01,1.722654645733641132e-01,1.225814107305952971e+00,9.685831611286310761e-01,3.048849158476660826e-01,4.714560978536603830e-01,-6.453444860578534392e-01,-5.262845900628625173e-02,-1.326194512743019693e-01,5.384479643328408255e-02,7.794000000000000580e-03
2.500000000000000000e+00,1.275752653524566238e+00,9.254633458512118160e-01,1.399982402704713635e-01,1.275752653524566238e+00,9.254633458512118160e-01,1.399982402704713635e-01,1.250485312671410165e+00,9.759167619387473236e-01,2.725283905658684169e-01,4.584015168310220378e-01,-6.480535979555844817e-01,-5.539249651484631776e-02,-1.325301502953970534e-01,5.642681728302205435e-02,5.791000000000000140e-03
2.550000000000000266e+00,1.298496325767495962e+00,9.282934143374915736e-01,1.075955603726921339e-01,1.298496325767495962e+00,9.282934143374915736e-01,1.075955603726921339e-01,1.274847979497379491e+00,9.822872507286887211e-01,2.385309701662947646e-01,4.457589888273385537e-01,-6.493190899919240033e-01,-5.805258488824851376e-02,-1.309354097936026307e-01,5.894555665655128174e-02,5.520000000000000601e-03
2.600000000000000089e+00,1.320690345030361312e+00,9.303267779959316641e-01,7.512960587309613913e-02,1.320690345030361312e+00,9.303267779959316641e-01,7.512960587309613913e-02,1.298896096660367316e+00,9.876883405951377704e-01,2.028698429353794630e-01,4.335966477116112716e-01,-6.491743421523352708e-01,-6.057634434985293553e-02,-1.277402370622833239e-01,6.136235104553627168e-02,6.132000000000001165e-03
2.650000000000000355e+00,1.342331631972188299e+00,9.316029312508145033e-01,4.267088876547919796e-02,1.342331631972188299e+00,9.316029312508145033e-01,4.267088876547919796e-02,1.322623730647303875e+00,9.921147013144778759e-01,1.655368238699046479e-01,4.219818220260743713e-01,-6.477109936348836028e-01,-6.293208075253646505e-02,-1.228659351044254500e-01,6.364020498764164091e-02,6.522000000000000020e-03
2.700000000000000178e+00,1.363422405603310628e+00,9.321615057009624561e-01,1.028533908373496786e-02,1.363422405603310628e+00,9.321615057009624561e-01,1.028533908373496786e-02,1.346025027019546627e+00,9.955619646030799963e-01,1.265413517787048470e-01,4.109799873806883053e-01,-6.450734087609941714e-01,-6.508914639525817392e-02,-1.162560126949698791e-01,6.574410217339579643e-02,6.191000000000000322e-03
2.750000000000000000e+00,1.383970163689710819e+00,9.320414746862329958e-01,-2.196833135431486284e-02,1.383970163689710819e+00,9.320414746862329958e-01,-2.196833135431486284e-02,1.369094211857377452e+00,9.980267284282715590e-01,8.591347505124025119e-02,4.006537041273993127e-01,-6.414494077408132711e-01,-6.701835384710598531e-02,-1.078818064055551140e-01,6.764131617819922615e-02,5.258999999999999786e-03
2.800000000000000266e+00,1.403987525589439178e+00,9.312803570491683391e-01,-5.404080174135561521e-02,1.403987525589439178e+00,9.312803570491683391e-01,-5.404080174135561521e-02,1.391825593184628840e+00,9.995065603657316000e-01,4.370663352722470307e-02,3.969053371456855439e-01,-6.410169998365268240e-01,-6.869243636363997485e-02,-9.774743526858031828e-02,6.930171295727259595e-02,5.279999999999999971e-03
2.850000000000000089e+00,1.423783252095323970e+00,9.298910709799808050e-01,-8.609165173318178432e-02,1.423783252095323970e+00,9.298910709799808050e-01,-8.609165173318178432e-02,1.436252595526377851e+00,9.995065603657316000e-01,-4.509988523380359382e-02,3.765756053336914988e-01,-6.383515087782618558e-01,-7.010687777994108194e-02,-4.099176649937819050e-02,7.072341117352265449e-02,5.460000000000000443e-03
2.900000000000000355e+00,1.442513278151368095e+00,9.279730005137832860e-01,-1.180092271720947217e-01,1.442513278151368095e+00,9.279730005137832860e-01,-1.180092271720947217e-01,1.457937254842823105e+00,9.980267284282715590e-01,-9.145845919515815936e-02,3.694570041113138803e-01,-6.340247861186117939e-01,-7.116963199848504174e-02,-2.655076797693656232e-02,7.173160985016090174e-02,5.610000000000000403e-03
2.950000000000000178e+00,1.460820106240850125e+00,9.255077089485470587e-01,-1.497104664780253280e-01,1.460820106240850125e+00,9.255077089485470587e-01,-1.497104664780253280e-01,1.479262189957219364e+00,9.955619646030799963e-01,-1.389137044922978959e-01,3.632421198611603397e-01,-6.297236486787298748e-01,-7.193304954279776398e-02,-1.079676198572743218e-02,7.244107389535464625e-02,5.771000000000000088e-03
3.000000000000000000e+00,1.478733446106101468e+00,9.225165388886230611e-01,-1.811966489119618551e-01,1.478733446106101468e+00,9.225165388886230611e-01,-1.811966489119618551e-01,1.500222139260918963e+00,9.921147013144778759e-01,-1.872781162552294987e-01,3.632127849842856082e-01,-6.357823329642894317e-01,-7.238209283540864014e-02,6.081467343267643599e-03,7.284001748048643532e-02,5.410000000000000746e-03
3.050000000000000266e+00,1.496541751306314838e+00,9.189605143100646467e-01,-2.129857655601763433e-01,1.496541751306314838e+00,9.189605143100646467e-01,-2.129857655601763433e-01,1.520811931200061640e+00,9.876883405951377704e-01,-2.363421338615432354e-01,3.587910650800303358e-01,-6.329489596149285857e-01,-7.250007319198559230e-02,2.335636830136689213e-02,7.288728104371859640e-02,5.300000000000000024e-03
3.100000000000000089e+00,1.514013018912062414e+00,9.148916668970277222e-01,-2.446332135409226005e-01,1.514013018912062414e+00,9.148916668970277222e-01,-2.446332135409226005e-01,1.541026485551578507e+00,9.822872507286887211e-01,-2.858789635025540399e-01,3.553397257950055566e-01,-6.303109796951877897e-01,-7.227809765987432133e-02,4.124574996163143936e-02,7.260779641260774186e-02,5.479999999999999628e-03
3.150000000000000355e+00,1.531180358752042059e+00,9.103175967059404794e-01,-2.761487625256817680e-01,1.531180358752042059e+00,9.103175967059404794e-01,-2.761487625256817680e-01,1.560860814676659380e+00,9.759167619387474346e-01,-3.356505649802192792e-01,3.528615665647401589e-01,-6.279549038296566854e-01,-7.171473658581022093e-02,5.950180245453751127e-02,7.200124959425538429e-02,5.350000000000000588e-03
3.200000000000000178e+00,1.548076686141518277e+00,9.052414995337346726e-01,-3.075465077171646300e-01,1.548076686141518277e+00,9.052414995337346726e-01,-3.075465077171646300e-01,1.580310024751380826e+00,9.685831611286310761e-01,-3.854144357899738083e-01,3.559796444346132738e-01,-6.386830402932183182e-01,-7.081299338353658213e-02,7.786792807280917827e-02,7.107147255784440620e-02,5.300000000000000024e-03
3.250000000000000000e+00,1.564951616734265416e+00,8.995834465332157581e-01,-3.394806597318256181e-01,1.564951616734265416e+00,8.995834465332157581e-01,-3.394806597318256181e-01,1.599369316974181165e+00,9.602936856769430651e-01,-4.349307235386512538e-01,3.553656698367672617e-01,-6.373194649495000919e-01,-6.955988392613002280e-02,9.545006380682563574e-02,6.978761513831273355e-02,5.309999999999999616e-03
3.300000000000000266e+00,1.581608724439510727e+00,8.934007330109015044e-01,-3.713466329793004839e-01,1.581608724439510727e+00,8.934007330109015044e-01,-3.713466329793004839e-01,1.618033988749894903e+00,9.510565162951536422e-01,-4.839691544534954204e-01,3.556910932482861831e-01,-6.361282867058848378e-01,-6.798284395933362756e-02,1.126225214741949365e-01,6.819816145763751836e-02,5.630999999999999721e-03
3.350000000000000089e+00,1.598075658964212442e+00,8.866847976140742604e-01,-4.031530473145945592e-01,1.598075658964212442e+00,8.866847976140742604e-01,-4.031530473145945592e-01,1.636299434850047030e+00,9.408807689542254549e-01,-5.323152901395142855e-01,3.569264732723218536e-01,-6.350913520447062366e-01,-6.609680692416097791e-02,1.291622428249197263e-01,6.631938142408295989e-02,5.581000000000000023e-03
3.400000000000000355e+00,1.614377303440756029e+00,8.794238821110169635e-01,-4.349076149168298322e-01,1.614377303440756029e+00,8.794238821110169635e-01,-4.349076149168298322e-01,1.654161148549123661e+00,9.297764858882513472e-01,-5.797757117532911231e-01,3.630732902401372919e-01,-6.484528985681018431e-01,-6.391929550458766429e-02,1.448680968364612909e-01,6.417272815420695109e-02,5.500000000000000548e-03
3.450000000000000178e+00,1.630714156847464791e+00,8.715097247229816046e-01,-4.673302598452346857e-01,1.630714156847464791e+00,8.715097247229816046e-01,-4.673302598452346857e-01,1.671614722736540548e+00,9.177546256839811400e-01,-6.261818627476221089e-01,3.659903114685801317e-01,-6.474354621307105706e-01,-6.144089826477390492e-02,1.588516029023874232e-01,6.173691889736062505e-02,5.551000000000000378e-03
3.500000000000000000e+00,1.646915213936529510e+00,8.630027407195246525e-01,-4.997020329517702919e-01,1.646915213936529510e+00,8.630027407195246525e-01,-4.997020329517702919e-01,1.688655851004030151e+00,9.048270524660194658e-01,-6.713924332034157949e-01,3.696998474070365415e-01,-6.463183459914486617e-01,-5.871248733295029998e-02,1.716904002516455030e-01,5.908937159818838936e-02,5.300000000000000024e-03
3.550000000000000266e+00,1.662994032860785731e+00,8.538848029352134050e-01,-5.320179502513426861e-01,1.662994032860785731e+00,8.538848029352134050e-01,-5.320179502513426861e-01,1.705280328708184356e+00,8.910065241883678988e-01,-7.152943146460333246e-01,3.777732775866355919e-01,-6.600117232401803147e-01,-5.575622501978856616e-02,1.832763643946906384e-01,5.626857920092370735e-02,5.479999999999999628e-03
3.600000000000000089e+00,1.679110962149822806e+00,8.440362580918675528e-01,-5.650185364133517574e-01,1.679110962149822806e+00,8.440362580918675528e-01,-5.650185364133517574e-01,1.721484054007887066e+00,8.763066800438636950e-01,-7.578022734857023934e-01,3.829046872018879166e-01,-6.581163443014659276e-01,-5.256372803499849422e-02,1.927837370723506361e-01,5.326217275489074365e-02,5.260000000000000786e-03
3.650000000000000355e+00,1.695109058016191605e+00,8.335211330502444449e-01,-5.979243536284251093e-01,1.695109058016191605e+00,8.335211330502444449e-01,-5.979243536284251093e-01,1.737263028876382398e+00,8.607420270039436438e-01,-7.988575718927242164e-01,3.886719748795102736e-01,-6.558894047045064069e-01,-4.919311145660030388e-02,2.009332182642991071e-01,5.017902277765432656e-02,5.550000000000000246e-03
3.700000000000000178e+00,1.710988796781713672e+00,8.223200254887135241e-01,-6.307188238636505240e-01,1.710988796781713672e+00,8.223200254887135241e-01,-6.307188238636505240e-01,1.737263028876382398e+00,8.607420270039436438e-01,-7.988575718927242164e-01,3.925995274566282944e-01,-6.464738646650907139e-01,-4.562739215330968712e-02,1.681387480290736924e-01,4.654659464021902032e-02,5.389999999999999826e-03
3.750000000000000000e+00,1.726652201930360508e+00,8.104895495000608019e-01,-6.630425170969052040e-01,1.726652201930360508e+00,8.104895495000608019e-01,-6.630425170969052040e-01,1.752613360087727390e+00,8.443279255020149643e-01,-8.384258043476089384e-01,3.989201309783061977e-01,-6.439150135889570858e-01,-4.192999191804192005e-02,1.753832872507037344e-01,4.264994048438337793e-02,8.777000000000000079e-03
3.800000000000000266e+00,1.742171777544979427e+00,7.979615175207621647e-01,-6.952382677763528918e-01,1.742171777544979427e+00,7.979615175207621647e-01,-6.952382677763528918e-01,1.767531260177386931e+00,8.270805742745617195e-01,-8.764942210668400513e-01,4.086799864693108630e-01,-6.566461393006346459e-01,-3.812058047401627181e-02,1.812559532904871595e-01,3.861376471692934409e-02,7.925000000000001488e-03
3.850000000000000089e+00,1.757645391207736996e+00,7.846169267988533091e-01,-7.280705747413844797e-01,1.757645391207736996e+00,7.846169267988533091e-01,-7.280705747413844797e-01,1.782013048376735576e+00,8.090169943749474513e-01,-9.130687851951857503e-01,4.159884808003532775e-01,-6.524073538612014111e-01,-3.420041159233160044e-02,1.849982104538012706e-01,3.448399648567156139e-02,5.710999999999999931e-03
3.900000000000000355e+00,1.772942847184652893e+00,7.705255989486231583e-01,-7.606909424344445725e-01,1.772942847184652893e+00,7.705255989486231583e-01,-7.606909424344445725e-01,1.796055151521231297e+00,7.901550123756903021e-01,-9.481711696544556922e-01,4.236934333210535808e-01,-6.476558284801747778e-01,-3.022256784185768305e-02,1.874802272200111197e-01,3.032313445601138302e-02,5.370000000000000641e-03
3.950000000000000178e+00,1.788049032984195152e+00,7.556745300619829298e-01,-7.930737338584532559e-01,1.788049032984195152e+00,7.556745300619829298e-01,-7.930737338584532559e-01,1.809654104932039154e+00,7.705132427757892533e-01,-9.818358515025886746e-01,4.317338173772949372e-01,-6.423933931586859325e-01,-2.620787826250521244e-02,1.887621176441354187e-01,2.621004633483873039e-02,5.430000000000000798e-03
4.000000000000000000e+00,1.802945923161582309e+00,7.400531400773987523e-01,-8.251934035163874803e-01,1.802945923161582309e+00,7.400531400773987523e-01,-8.251934035163874803e-01,1.822806553270890584e+00,7.501110696304593706e-01,-1.014107414023698084e+00,4.424668487807437711e-01,-6.526277255322654458e-01,-2.217624727268894050e-02,1.889140105073106035e-01,2.226222305236142882e-02,6.140999999999999757e-03
4.049999999999999822e+00,1.817686900134815264e+00,7.235576118971513981e-01,-8.578247897930006971e-01,1.817686900134815264e+00,7.235576118971513981e-01,-8.578247897930006971e-01,1.835509251367962280e+00,7.289686274214114414e-01,-1.045038124374674471e+00,4.510339579141913191e-01,-6.452837334906839084e-01,-1.813095060601844014e-02,1.872133345816737737e-01,1.862566220249471313e-02,5.640000000000000048e-03
4.100000000000000533e+00,1.832159887729691183e+00,7.062640410889842180e-01,-8.900889764675348204e-01,1.832159887729691183e+00,7.062640410889842180e-01,-8.900889764675348204e-01,1.847759065022573477e+00,7.071067811865475727e-01,-1.074685819931865183e+00,4.597595019267088912e-01,-6.374622460976555605e-01,-1.411970199258445920e-02,1.845968434643303624e-01,1.562192507621310011e-02,5.250000000000000326e-03
4.150000000000000355e+00,1.846340080835412678e+00,6.881719326769053513e-01,-9.219620887724175873e-01,1.846340080835412678e+00,6.881719326769053513e-01,-9.219620887724175873e-01,1.859552971776502694e+00,6.845471059286888371e-01,-1.103112110178118499e+00,4.685874431116950900e-01,-6.291950356159170532e-01,-1.015987463831044546e-02,1.811500214057009117e-01,1.370108959082176441e-02,5.690999999999999878e-03
4.200000000000000178e+00,1.860201504851975329e+00,6.692840759656010219e-01,-9.534218405532133289e-01,1.860201504851975329e+00,6.692840759656010219e-01,-9.534218405532133289e-01,1.870888061659734758e+00,6.613118653236518263e-01,-1.130380882521655472e+00,4.774638499896027288e-01,-6.205185737205481944e-01,-6.268112792441054779e-03,1.769590419684421434e-01,1.333261560703965544e-02,5.219000000000000548e-03
4.250000000000000000e+00,1.873717436117787294e+00,6.496065963155073231e-01,-9.844477692392405999e-01,1.873717436117787294e+00,6.496065963155073231e-01,-9.844477692392405999e-01,1.870888061659734758e+00,6.613118653236518263e-01,-1.130380882521655472e+00,4.809591680854179430e-01,-6.095390898447011763e-01,-2.430754938025799210e-03,1.459331132824148725e-01,1.204237029728401527e-02,5.240000000000000734e-03
4.299999999999999822e+00,1.886716448764948151e+00,6.293757977131667625e-01,-1.014924723731475353e+00,1.886716448764948151e+00,6.293757977131667625e-01,-1.014924723731475353e+00,1.881761537908451132e+00,6.374239897486895234e-01,-1.156557088678024758e+00,4.914832428176801327e-01,-6.165539040623779776e-01,1.296492293955343791e-03,1.416323649465494050e-01,9.451165887682006980e-03,5.300000000000000024e-03
4.350000000000000533e+00,1.899360056317564771e+00,6.083049455915626735e-01,-1.045752418934594363e+00,1.899360056317564771e+00,6.083049455915626735e-01,-1.045752418934594363e+00,1.892170717655090595e+00,6.129070536529763746e-01,-1.181705781771627883e+00,5.003021925152304483e-01,-6.054673866571179675e-01,4.906171205960395409e-03,1.359533628370335201e-01,8.536157742958769973e-03,5.500000000000000548e-03
4.400000000000000355e+00,1.911569371884011437e+00,5.864728468935337391e-01,-1.076025788267449990e+00,1.911569371884011437e+00,5.864728468935337391e-01,-1.076025788267449990e+00,1.902113032590307062e+00,5.877852522924732481e-01,-1.205891371747593865e+00,5.090112830481439143e-01,-5.941652249081846859e-01,8.365366347083834711e-03,1.298655834801438758e-01,9.546976524995906543e-03,5.240000000000000734e-03
4.450000000000000178e+00,1.923319593206685552e+00,5.638981735547748952e-01,-1.105734049512859141e+00,1.923319593206685552e+00,5.638981735547748952e-01,-1.105734049512859141e+00,1.911586029596660241e+00,5.620833778521308055e-01,-1.229177066822546571e+00,5.175662880025513335e-01,-5.827037430220307623e-01,1.166350173640566361e-02,1.234430173096874306e-01,1.187307872596007202e-02,5.460000000000000443e-03
4.500000000000000000e+00,1.934586895295414388e+00,5.406025154041916858e-01,-1.134869236663960557e+00,1.934586895295414388e+00,5.406025154041916858e-01,-1.134869236663960557e+00,1.920587371353886352e+00,5.358267949789962126e-01,-1.251624470568528880e+00,5.259258305032256109e-01,-5.711400822156075252e-01,1.479101359283562997e-02,1.167552339045681009e-01,1.479169280944699419e-02,5.320000000000000943e-03
4.549999999999999822e+00,1.945348686771780633e+00,5.166101874536657146e-01,-1.163426240774740883e+00,1.945348686771780633e+00,5.166101874536657146e-01,-1.163426240774740883e+00,1.929114836915596154e+00,5.090414157503710957e-01,-1.273293307075958225e+00,5.340513869499360355e-01,-5.595316528930992517e-01,1.773938290508311408e-02,1.098670663012173421e-01,1.791156571184479573e-02,5.540000000000000653e-03
4.600000000000000533e+00,1.955583823984012204e+00,4.919480166112326081e-01,-1.191402823419395851e+00,1.955583823984012204e+00,4.919480166112326081e-01,-1.191402823419395851e+00,1.937166322257262152e+00,4.817536741017152124e-01,-1.294241249945474737e+00,5.419072676222815854e-01,-5.479356287494104860e-01,2.050116547702965364e-02,1.028384265260786634e-01,2.105062918433068045e-02,5.260000000000000786e-03
4.650000000000000355e+00,1.965272783061474238e+00,4.666451142229222082e-01,-1.218799604856866337e+00,1.965272783061474238e+00,4.666451142229222082e-01,-1.218799604856866337e+00,1.944739840795353114e+00,4.539904997395468600e-01,-1.314523834253633616e+00,5.494605768896893006e-01,-5.364084924423407896e-01,2.307001582751454574e-02,9.572422939676705766e-02,2.411930732477026232e-02,5.250000000000000326e-03
4.700000000000000178e+00,1.974397791057947105e+00,4.407326403962927852e-01,-1.245620029478983426e+00,1.974397791057947105e+00,4.407326403962927852e-01,-1.245620029478983426e+00,1.951833523877494647e+00,4.257792915650728816e-01,-1.334194433894803744e+00,5.566811557920494646e-01,-5.250056387428787552e-01,2.544070223722445095e-02,8.857440441582031809e-02,2.706933310332911707e-02,5.270000000000000379e-03
4.750000000000000000e+00,1.982942918157386325e+00,4.142435654929995104e-01,-1.271870311416127386e+00,1.982942918157386325e+00,4.142435654929995104e-01,-1.271870311416127386e+00,1.958445621243531498e+00,3.971478906347806204e-01,-1.353304289689402307e+00,5.635415097633706960e-01,-5.137810380958813816e-01,2.760911111146345867e-02,8.143397827327492067e-02,2.987272426384139992e-02,5.279999999999999971e-03
4.800000000000000711e+00,1.990894133579651282e+00,3.872124335333079204e-01,-1.297559363320921477e+00,1.990894133579651282e+00,3.872124335333079204e-01,-1.297559363320921477e+00,1.964574501457377442e+00,3.681245526846777527e-01,-1.371902576303441368e+00,5.710483475466745507e-01,-5.153800508161630045e-01,2.957223962410539947e-02,7.434321298251989063e-02,3.251261647950424993e-02,5.290000000000000431e-03
4.850000000000000533e+00,1.998243926388336256e+00,3.596230157800794913e-01,-1.323328365861729639e+00,1.998243926388336256e+00,3.596230157800794913e-01,-1.323328365861729639e+00,1.964574501457377442e+00,3.681245526846777527e-01,-1.371902576303441368e+00,5.733029108682996533e-01,-5.060026046844495751e-01,3.132588140561359119e-02,4.857421044171150726e-02,3.472616167850568758e-02,5.240000000000000734e-03
4.900000000000000355e+00,2.004913149903431169e+00,3.317452791869644479e-01,-1.348628496095952034e+00,2.004913149903431169e+00,3.317452791869644479e-01,-1.348628496095952034e+00,1.970218652309547958e+00,3.387379202452913129e-01,-1.390036498327183789e+00,5.793790468176039932e-01,-4.932592211637708002e-01,3.287211667558562200e-02,4.140800223123175527e-02,3.539216286499832775e-02,5.238999999999999733e-03
4.950000000000000178e+00,2.010947225180597986e+00,3.034124784365018757e-01,-1.373291457154140582e+00,2.010947225180597986e+00,3.034124784365018757e-01,-1.373291457154140582e+00,1.975376681190275541e+00,3.090169943749475068e-01,-1.407751407822099621e+00,5.850158975377423021e-01,-4.810212247224559534e-01,3.418904849512926364e-02,3.445995066795903838e-02,3.600936265295118233e-02,5.561000000000000838e-03
5.000000000000000000e+00,2.016341458663010844e+00,2.746640871303706044e-01,-1.397342518390263466e+00,2.016341458663010844e+00,2.746640871303706044e-01,-1.397342518390263466e+00,1.980047315433115074e+00,2.789911060392295528e-01,-1.425090937290525384e+00,5.901970215890480764e-01,-4.693328061160347286e-01,3.528131939301190623e-02,2.774841890026191749e-02,3.655116859184959210e-02,5.430000000000000798e-03
5.050000000000000711e+00,2.021092922070658826e+00,2.455399571988311214e-01,-1.420809158696065166e+00,2.021092922070658826e+00,2.455399571988311214e-01,-1.420809158696065166e+00,1.984229402628955752e+00,2.486898871648543785e-01,-1.442097143385252966e+00,5.940528353322405142e-01,-4.477579375826361008e-01,3.615437130352237155e-02,2.128798468918802200e-02,3.699785297040453919e-02,5.510000000000001008e-03
5.100000000000000533e+00,2.025202138527213425e+00,2.161235600908713861e-01,-1.443197055575196952e+00,2.025202138527213425e+00,2.161235600908713861e-01,-1.443197055575196952e+00,1.987921910910359413e+00,2.181432413965423145e-01,-1.458810657793825349e+00,5.982108923550798485e-01,-4.390464077408960386e-01,3.682100713495053274e-02,1.561360221862839737e-02,3.733489632690736859e-02,5.559999999999999838e-03
5.150000000000000355e+00,2.028682427508962327e+00,1.864167874471314712e-01,-1.465149375962241818e+00,2.028682427508962327e+00,1.864167874471314712e-01,-1.465149375962241818e+00,1.991123929206159993e+00,1.873813145857245732e-01,-1.475270842638946034e+00,6.018849666703323109e-01,-4.308840744284087587e-01,3.729526884616791299e-02,1.012146667670421607e-02,3.757088110974626111e-02,5.380000000000000233e-03
5.200000000000000178e+00,2.031533278197036552e+00,1.564584596711953990e-01,-1.486693579683662225e+00,2.031533278197036552e+00,1.564584596711953990e-01,-1.486693579683662225e+00,1.993834667466255928e+00,1.564344650402309800e-01,-1.491515948466642039e+00,6.050657369466504454e-01,-4.233066741602669047e-01,3.758209806750056892e-02,4.822368782980035462e-03,3.769861836690097112e-02,5.320000000000000943e-03
5.250000000000000000e+00,2.033755457606838402e+00,1.262874617315296322e-01,-1.507858913391675548e+00,2.033755457606838402e+00,1.262874617315296322e-01,-1.507858913391675548e+00,1.996053456856543118e+00,1.253332335643040918e-01,-1.507583273474969898e+00,6.077455715418161875e-01,-4.163479452589041174e-01,3.768697881627478680e-02,-2.756399167056500232e-04,3.771407445464348973e-02,5.180000000000000576e-03
5.300000000000000711e+00,2.035350899529321023e+00,9.594264474421296263e-02,-1.528676310654620840e+00,2.035350899529321023e+00,9.594264474421296263e-02,-1.528676310654620840e+00,1.997779749923940029e+00,9.410831331851435277e-02,-1.523509323095280088e+00,6.099184376846912281e-01,-4.100397606378213267e-01,3.761585946070067354e-02,-5.166987559340974201e-03,3.761590161685914036e-02,5.360000000000000181e-03
5.350000000000000533e+00,2.036322593216958410e+00,6.546274173145648356e-02,-1.549178298686511912e+00,2.036322593216958410e+00,6.546274173145648356e-02,-1.549178298686511912e+00,1.999013120731463200e+00,6.279051952931313796e-02,-1.539329969395177633e+00,6.115798179200879758e-01,-4.044122692316255985e-01,3.737507458840135660e-02,-9.848329291334501079e-03,3.740504656652030024e-02,5.260000000000000786e-03
5.400000000000000355e+00,2.036674473962641674e+00,3.488629648334522215e-02,-1.569398912148093128e+00,2.036674473962641674e+00,3.488629648334522215e-02,-1.569398912148093128e+00,1.999753264963321175e+00,3.141075907812823642e-02,-1.555080610045283418e+00,6.127266343325274978e-01,-3.994940390051695545e-01,3.697126793682380813e-02,-1.431830210280971016e-02,3.708443115684218611e-02,5.249000000000000193e-03
5.450000000000000178e+00,2.036411317435103729e+00,4.251604334649650846e-03,-1.589373614098351650e+00,2.036411317435103729e+00,4.251604334649650846e-03,-1.589373614098351650e+00,2.000000000000000000e+00,1.224646799147353207e-16,-1.570796326794896558e+00,6.133571809186371127e-01,-3.953121941433562214e-01,3.641131743510372942e-02,-1.857728730345531432e-02,3.665869851451766109e-02,5.279000000000000706e-03
5.500000000000000000e+00,2.035538639367502345e+00,-2.640333640555850292e-02,-1.609139223805519547e+00,2.035538639367502345e+00,-2.640333640555850292e-02,-1.609139223805519547e+00,1.999753264963321175e+00,-3.141075907812888174e-02,-1.586512043544509476e+00,6.124410312684087643e-01,-3.896050368566876254e-01,3.570226329510052532e-02,-2.262718026101007140e-02,3.613401863990769319e-02,5.290000000000000431e-03
5.550000000000000711e+00,2.034066829125903197e+00,-5.698951242360314473e-02,-1.628619475648353854e+00,2.034066829125903197e+00,-5.698951242360314473e-02,-1.628619475648353854e+00,1.999013120731463200e+00,-6.279051952931377634e-02,-1.602262684194615705e+00,6.119921568454168570e-01,-3.879880003718700898e-01,3.485384949142877192e-02,-2.635679145373792664e-02,3.553046799076728379e-02,5.258999999999999786e-03
5.600000000000000533e+00,2.032002258508976755e+00,-8.751891110479531610e-02,-1.648018875666947380e+00,2.032002258508976755e+00,-8.751891110479531610e-02,-1.648018875666947380e+00,1.997779749923940029e+00,-9.410831331851454706e-02,-1.618083330494513472e+00,6.110319316801380296e-01,-3.871017065733955431e-01,3.387277693424356473e-02,-2.993554517243390833e-02,3.485111641521804193e-02,5.440000000000000391e-03
5.650000000000000355e+00,2.029350703611310980e+00,-1.179547480684583483e-01,-1.667373960995617077e+00,2.029350703611310980e+00,-1.179547480684583483e-01,-1.667373960995617077e+00,1.996053456856543118e+00,-1.253332335643042861e-01,-1.634009380114828769e+00,6.095629986929553823e-01,-3.869713887665036656e-01,3.276463680067680934e-02,-3.336458088078853024e-02,3.410496576248549239e-02,5.250000000000000326e-03
5.700000000000000178e+00,2.026118481907630553e+00,-1.482605459786381641e-01,-1.686722530433942380e+00,2.026118481907630553e+00,-1.482605459786381641e-01,-1.686722530433942380e+00,1.993834667466255928e+00,-1.564344650402307302e-01,-1.650076705123156628e+00,6.062960222487924211e-01,-3.895130116064563497e-01,3.153505682209846450e-02,-3.664582531078597327e-02,3.330251683747904173e-02,9.208000000000000906e-03
5.750000000000000000e+00,2.022319080198522467e+00,-1.783358292820457491e-01,-1.706198181014265236e+00,2.022319080198522467e+00,-1.783358292820457491e-01,-1.706198181014265236e+00,1.991123929206159993e+00,-1.873813145857247675e-01,-1.666321810950852189e+00,6.037808661031546231e-01,-3.915770330623601359e-01,3.019016863949595952e-02,-3.987637006341326895e-02,3.248012084052900178e-02,5.360000000000000181e-03
5.800000000000000711e+00,2.017951347860587497e+00,-2.082067538902098447e-01,-1.725777032667383137e+00,2.017951347860587497e+00,-2.082067538902098447e-01,-1.725777032667383137e+00,1.987921910910359413e+00,-2.181432413965429529e-01,-1.682781995795967767e+00,6.007714279189712014e-01,-3.944078751296040686e-01,2.873091734098792357e-02,-4.299503687141559283e-02,3.163069502099562919e-02,5.520999999999999866e-03
5.850000000000000533e+00,2.013022236570069623e+00,-2.378376565372840590e-01,-1.745497426423863407e+00,2.013022236570069623e+00,-2.378376565372840590e-01,-1.745497426423863407e+00,1.984229402628955752e+00,-2.486898871648545728e-01,-1.699495510204540816e+00,5.956648403036407524e-01,-4.031080331228102942e-01,2.716188735063274420e-02,-4.600191621932259167e-02,3.077008605698948115e-02,5.270000000000000379e-03
5.900000000000000355e+00,2.007550280824111688e+00,-2.671134003592282591e-01,-1.765652828080003900e+00,2.007550280824111688e+00,-2.671134003592282591e-01,-1.765652828080003900e+00,1.984229402628955752e+00,-2.486898871648545728e-01,-1.699495510204540816e+00,5.970573773211209634e-01,-3.984979584832742394e-01,2.549255812192160672e-02,-6.615731787546330622e-02,2.972018166526848443e-02,5.279999999999999971e-03
5.950000000000000178e+00,2.001478609312929535e+00,-2.963417958199421331e-01,-1.785577726004167642e+00,2.001478609312929535e+00,-2.963417958199421331e-01,-1.785577726004167642e+00,1.980047315433115074e+00,-2.789911060392292752e-01,-1.716501716299274394e+00,5.929738767886405526e-01,-4.045909704997990852e-01,2.372335549374737784e-02,-6.907600970489324865e-02,2.757438654312197729e-02,5.309999999999999616e-03
6.000000000000000000e+00,1.994866910593573905e+00,-3.252433616748341416e-01,-1.805807274529157569e+00,1.994866910593573905e+00,-3.252433616748341416e-01,-1.805807274529157569e+00,1.975376681190275541e+00,-3.090169943749468962e-01,-1.733841245767686834e+00,5.884200025280045265e-01,-4.114822342687564083e-01,2.186566269565424700e-02,-7.196602876147073502e-02,2.536067897245746633e-02,5.531000000000000326e-03
6.050000000000000711e+00,1.987722281520711398e+00,-3.537831407705948061e-01,-1.826381386242595273e+00,1.987722281520711398e+00,-3.537831407705948061e-01,-1.826381386242595273e+00,1.970218652309547736e+00,-3.387379202452919236e-01,-1.751556155262608883e+00,5.813918965697476571e-01,-4.279790916417087199e-01,1.992323490531609440e-02,-7.482523097998639017e-02,2.308106791760071441e-02,5.290000000000000431e-03
6.100000000000000533e+00,1.980072799974662345e+00,-3.818276505651623243e-01,-1.847780340824680678e+00,1.980072799974662345e+00,-3.818276505651623243e-01,-1.847780340824680678e+00,1.964574501457377442e+00,-3.681245526846779192e-01,-1.769690077286353080e+00,5.758824089784988498e-01,-4.363865321725742819e-01,1.790028802725066384e-02,-7.809026353832759781e-02,2.068748772695736676e-02,5.290000000000000431e-03
6.150000000000000355e+00,1.971897354772893074e+00,-4.094361741634773288e-01,-1.869599667433309298e+00,1.971897354772893074e+00,-4.094361741634773288e-01,-1.869599667433309298e+00,1.958445621243531498e+00,-3.971478906347807869e-01,-1.788288363900390143e+00,5.674758799809521692e-01,-4.562002540020060337e-01,1.578641676729733087e-02,-8.131130353291915469e-02,1.821952378704188788e-02,5.781000000000000548e-03
6.200000000000000178e+00,1.963236242010156563e+00,-4.364551009713933394e-01,-1.892409680133409600e+00,1.963236242010156563e+00,-4.364551009713933394e-01,-1.892409680133409600e+00,1.951833523877494869e+00,-4.257792915650726595e-01,-1.807398219694988484e+00,5.610490534561357601e-01,-4.657110208315302091e-01,1.358745518935208785e-02,-8.501146043842133793e-02,1.562033569719347911e-02,5.551000000000000378e-03
6.250000000000000000e+00,1.954059882173832197e+00,-4.629635706381373672e-01,-1.915695231174986191e+00,1.954059882173832197e+00,-4.629635706381373672e-01,-1.915695231174986191e+00,1.944739840795353336e+00,-4.539904997395466935e-01,-1.827068819336157723e+00,5.542059418436201534e-01,-4.758569289680117387e-01,1.129012614473947490e-02,-8.862641183882846718e-02,1.293751029555891691e-02,5.581000000000000023e-03
6.300000000000000711e+00,1.944381646690811261e+00,-4.889280868046829709e-01,-1.939488077623386708e+00,1.944381646690811261e+00,-4.889280868046829709e-01,-1.939488077623386708e+00,1.937166322257262152e+00,-4.817536741017157675e-01,-1.847351403644325707e+00,5.437998991130821302e-01,-4.992213659929438663e-01,8.900079771707975276e-03,-9.213667397906100121e-02,1.017512183287590591e-02,5.410000000000000746e-03
6.350000000000000533e+00,1.934266989873655973e+00,-5.141659781349376956e-01,-1.964449145923033990e+00,1.934266989873655973e+00,-5.141659781349376956e-01,-1.964449145923033990e+00,1.929114836915596154e+00,-5.090414157503712067e-01,-1.868299346513841330e+00,5.361260761987688417e-01,-5.095855186539471893e-01,6.428008792278353846e-03,-9.614979940919265999e-02,7.266761296241835803e-03,5.289000000000000298e-03
6.400000000000000355e+00,1.923670793163615000e+00,-5.387883189131311701e-01,-1.989928421855731377e+00,1.923670793163615000e+00,-5.387883189131311701e-01,-1.989928421855731377e+00,1.920587371353886130e+00,-5.358267949789967677e-01,-1.889968183021265347e+00,5.280905555479152858e-01,-5.202764534776127547e-01,3.856963452769670859e-03,-9.996023883446625291e-02,4.275291109288648951e-03,5.471000000000001036e-03
6.450000000000000178e+00,1.912612515624628085e+00,-5.627648547051132821e-01,-2.015942244529612015e+00,1.912612515624628085e+00,-5.627648547051132821e-01,-2.015942244529612015e+00,1.911586029596660463e+00,-5.620833778521302504e-01,-1.912415586767242104e+00,5.156993911523563012e-01,-5.441729709308107399e-01,1.195472673009381672e-03,-1.035266577623699114e-01,1.232105623217588045e-03,5.340000000000000129e-03
6.500000000000000000e+00,1.901194563608812338e+00,-5.858831161161804912e-01,-2.043150893076152386e+00,1.901194563608812338e+00,-5.858831161161804912e-01,-2.043150893076152386e+00,1.902113032590307284e+00,-5.877852522924730261e-01,-1.935701281842202803e+00,5.069671798337583857e-01,-5.536957630284577991e-01,-1.536792140100591217e-03,-1.074496112339495824e-01,2.112275385249079863e-03,5.279999999999999971e-03
6.550000000000000711e+00,1.889350491567548973e+00,-6.082932973451372627e-01,-2.070835681227575442e+00,1.889350491567548973e+00,-6.082932973451372627e-01,-2.070835681227575442e+00,1.892170717655090595e+00,-6.129070536529765967e-01,-1.959886871818169674e+00,4.979559390444639466e-01,-5.630267082572759652e-01,-4.359641765474913527e-03,-1.109488094094057686e-01,5.407441396166727705e-03,5.700000000000000205e-03
6.600000000000000533e+00,1.877107044030021266e+00,-6.299717970031496472e-01,-2.098987016640439407e+00,1.877107044030021266e+00,-6.299717970031496472e-01,-2.098987016640439407e+00,1.881761537908450910e+00,-6.374239897486899675e-01,-1.985035564911772354e+00,4.887026793553628790e-01,-5.719902634623558191e-01,-7.260289855024659213e-03,-1.139514517286670525e-01,8.786324031187491695e-03,5.571000000000000431e-03
6.650000000000000355e+00,1.864492335795505218e+00,-6.508979579506579682e-01,-2.127586529813557004e+00,1.864492335795505218e+00,-6.508979579506579682e-01,-2.127586529813557004e+00,1.870888061659734536e+00,-6.613118653236520483e-01,-2.011211771068134979e+00,4.741001904036575842e-01,-5.904537658950546053e-01,-1.022501943259367108e-02,-1.163747587454220245e-01,1.222107917099272793e-02,5.490000000000000088e-03
6.700000000000000178e+00,1.851669869380928590e+00,-6.708346331606412916e-01,-2.157109218108309800e+00,1.851669869380928590e+00,-6.708346331606412916e-01,-2.157109218108309800e+00,1.859552971776502694e+00,-6.845471059286887261e-01,-2.038480543411675505e+00,4.644537718747188126e-01,-5.959824064960893564e-01,-1.321843532031200148e-02,-1.186286746966342953e-01,1.581692804540592995e-02,5.530000000000000193e-03
6.750000000000000000e+00,1.838534610242772649e+00,-6.899845242029740700e-01,-2.186908338433114274e+00,1.838534610242772649e+00,-6.899845242029740700e-01,-2.186908338433114274e+00,1.847759065022573477e+00,-7.071067811865474617e-01,-2.066906833657927933e+00,4.547031848569648149e-01,-6.005616998873516410e-01,-1.626270148096878657e-02,-1.200015047751863406e-01,1.944896527314803406e-02,5.551000000000000378e-03
6.800000000000000711e+00,1.825120136520063552e+00,-7.083393743121397801e-01,-2.216936423427481984e+00,1.825120136520063552e+00,-7.083393743121397801e-01,-2.216936423427481984e+00,1.847759065022573477e+00,-7.071067811865474617e-01,-2.066906833657927933e+00,4.577225540556285610e-01,-5.972834070414690943e-01,-1.932286891323969219e-02,-1.500295897695540503e-01,2.267245839239789493e-02,5.270000000000000379e-03
6.850000000000000533e+00,1.811069411273127150e+00,-7.264035109984799954e-01,-2.246800593779555655e+00,1.811069411273127150e+00,-7.264035109984799954e-01,-2.246800593779555655e+00,1.835509251367962280e+00,-7.289686274214115524e-01,-2.096554529215123086e+00,4.477917459562423819e-01,-6.024487703724472620e-01,-2.242643732425663242e-02,-1.502460645644325687e-01,2.457408403428913354e-02,5.320000000000000943e-03
6.900000000000000355e+00,1.796799755371298213e+00,-7.436555438184181410e-01,-2.276923032298177940e+00,1.796799755371298213e+00,-7.436555438184181410e-01,-2.276923032298177940e+00,1.822806553270890362e+00,-7.501110696304598147e-01,-2.127485239566099473e+00,4.378823562423947990e-01,-6.061712742218884342e-01,-2.549096996065686183e-02,-1.494377927320784671e-01,2.679603236488877979e-02,5.300000000000000024e-03
6.950000000000000178e+00,1.782342589688699741e+00,-7.600965310617003867e-01,-2.307231596009272412e+00,1.782342589688699741e+00,-7.600965310617003867e-01,-2.307231596009272412e+00,1.809654104932038932e+00,-7.705132427757893643e-01,-2.159756802087212879e+00,4.280584502888870602e-01,-6.083859796198076708e-01,-2.849648387446997860e-02,-1.474747939220595327e-01,2.923057898539793698e-02,5.219999999999999814e-03
7.000000000000000000e+00,1.767728351461690606e+00,-7.757321893729669515e-01,-2.337650894990262795e+00,1.767728351461690606e+00,-7.757321893729669515e-01,-2.337650894990262795e+00,1.796055151521231297e+00,-7.901550123756904132e-01,-2.193421483935332539e+00,4.183872985289791568e-01,-6.090793874730489055e-01,-3.142223939051880244e-02,-1.442294110549302566e-01,3.178718963640987660e-02,5.320000000000000943e-03
7.050000000000000711e+00,1.752985837696804827e+00,-7.905728192629289941e-01,-2.368104864363915318e+00,1.752985837696804827e+00,-7.905728192629289941e-01,-2.368104864363915318e+00,1.782013048376735798e+00,-8.090169943749473402e-01,-2.228523868394610030e+00,4.089386774323400808e-01,-6.082929972372244087e-01,-3.424694877788872494e-02,-1.395809959693052882e-01,3.439137327034056529e-02,5.370000000000000641e-03
7.100000000000000533e+00,1.738141535861821518e+00,-8.046331030518451000e-01,-2.398519514225776472e+00,1.738141535861821518e+00,-8.046331030518451000e-01,-2.398519514225776472e+00,1.767531260177386487e+00,-8.270805742745621636e-01,-2.265098432522955285e+00,4.057481555328692480e-01,-6.083682531323224563e-01,-3.694901387748426164e-02,-1.334210817028211871e-01,3.698168275835513746e-02,5.360000000000000181e-03
7.150000000000000355e+00,1.722995598379964521e+00,-8.181293157649736081e-01,-2.428937926882392517e+00,1.722995598379964521e+00,-8.181293157649736081e-01,-2.428937926882392517e+00,1.752613360087727390e+00,-8.443279255020148533e-01,-2.303166849242186842e+00,3.969199707675220012e-01,-6.073785942538673099e-01,-3.954080206762500271e-02,-1.257710776402056752e-01,3.954211629050241594e-02,5.360000000000000181e-03
7.200000000000000178e+00,1.707784831523567304e+00,-8.308755293115285268e-01,-2.459306856595085744e+00,1.707784831523567304e+00,-8.308755293115285268e-01,-2.459306856595085744e+00,1.737263028876382398e+00,-8.607420270039437549e-01,-2.342735081697066235e+00,3.885234911180933670e-01,-6.050937660772810478e-01,-4.195553999461884565e-02,-1.165717748980195090e-01,4.196393455793390181e-02,5.880999999999999943e-03
7.250000000000000000e+00,1.692524539905458925e+00,-8.428951371528520253e-01,-2.489561544898949652e+00,1.692524539905458925e+00,-8.428951371528520253e-01,-2.489561544898949652e+00,1.721484054007887288e+00,-8.763066800438635839e-01,-2.383790380104093387e+00,3.806306805757291856e-01,-6.017210196045268411e-01,-4.417306795291984362e-02,-1.057711647948562650e-01,4.421520841754172232e-02,5.540000000000000653e-03
7.300000000000000711e+00,1.677225841421769781e+00,-8.542142268693564411e-01,-2.519647595879176194e+00,1.677225841421769781e+00,-8.542142268693564411e-01,-2.519647595879176194e+00,1.705280328708184578e+00,-8.910065241883677878e-01,-2.426298338943762012e+00,3.733116289306769864e-01,-5.974970317609425985e-01,-4.617375884382029366e-02,-9.334925693541418212e-02,4.626799540626478496e-02,5.831000000000000245e-03
7.350000000000000533e+00,1.661895276150678225e+00,-8.648609065037939914e-01,-2.549522447467223341e+00,1.661895276150678225e+00,-8.648609065037939914e-01,-2.549522447467223341e+00,1.688655851004029929e+00,-9.048270524660197989e-01,-2.470200220386382650e+00,3.721884982782152074e-01,-6.023066082773224084e-01,-4.793887563969578824e-02,-7.932222708084069041e-02,4.809803727342497337e-02,5.511000000000000273e-03
7.400000000000000355e+00,1.646299378815625492e+00,-8.750123846890339729e-01,-2.579637777881089278e+00,1.646299378815625492e+00,-8.750123846890339729e-01,-2.579637777881089278e+00,1.671614722736540326e+00,-9.177546256839812511e-01,-2.515410790842171007e+00,3.661533070983854499e-01,-5.985990402405493294e-01,-4.946899219066750591e-02,-6.422698703891827066e-02,4.967661223457525005e-02,5.571000000000000431e-03
7.450000000000000178e+00,1.630663495336578395e+00,-8.845341880256797351e-01,-2.609567729893116805e+00,1.630663495336578395e+00,-8.845341880256797351e-01,-2.609567729893116805e+00,1.654161148549123439e+00,-9.297764858882514583e-01,-2.561816941836501993e+00,3.608804038233833222e-01,-5.945061329760160662e-01,-5.072192010825715691e-02,-4.775078805661481240e-02,5.098043960562413657e-02,5.559999999999999838e-03
7.500000000000000000e+00,1.614979746777208458e+00,-8.934551029242303599e-01,-2.639293036541917381e+00,1.614979746777208458e+00,-8.934551029242303599e-01,-2.639293036541917381e+00,1.636299434850046808e+00,-9.408807689542254549e-01,-2.609277363450290377e+00,3.615467198030035689e-01,-6.027220434143598649e-01,-5.168395414315955089e-02,-3.001567309162700425e-02,5.199733548857822518e-02,5.611000000000000536e-03
7.550000000000000711e+00,1.599006631943270085e+00,-9.019182552687715626e-01,-2.669429138712635208e+00,1.599006631943270085e+00,-9.019182552687715626e-01,-2.669429138712635208e+00,1.618033988749894903e+00,-9.510565162951535312e-01,-2.657623499136287482e+00,3.578984765613177910e-01,-5.994602394612773555e-01,-5.234833661132553412e-02,-1.180563957634772621e-02,5.269353853883283062e-02,5.640000000000000048e-03
7.600000000000000533e+00,1.582950078710220199e+00,-9.098170794771097691e-01,-2.699402150685699109e+00,1.582950078710220199e+00,-9.098170794771097691e-01,-2.699402150685699109e+00,1.599369316974181388e+00,-9.602936856769429541e-01,-2.706661930051141862e+00,3.551592807154850817e-01,-5.961765951816382358e-01,-5.269540173060065918e-02,7.259779365442753374e-03,5.307993178802856288e-02,5.571000000000000431e-03
7.650000000000000355e+00,1.566789264948153848e+00,-9.171757502471299395e-01,-2.729210980444781054e+00,1.566789264948153848e+00,-9.171757502471299395e-01,-2.729210980444781054e+00,1.580310024751380604e+00,-9.685831611286311871e-01,-2.756178217799818864e+00,3.580194539028678791e-01,-6.077248720017952577e-01,-5.271934017371811970e-02,2.696723735503780972e-02,5.315574135684728724e-02,5.710000000000000665e-03
7.700000000000000178e+00,1.550282478979032597e+00,-9.241000686227097694e-01,-2.759597224044870956e+00,1.550282478979032597e+00,-9.241000686227097694e-01,-2.759597224044870956e+00,1.560860814676659380e+00,-9.759167619387474346e-01,-2.805942088609573837e+00,3.571498952985042163e-01,-6.052428498849323768e-01,-5.240945541548752695e-02,4.634486456470288118e-02,5.288545066783479492e-02,5.579999999999999891e-03
7.750000000000000000e+00,1.533613917677569827e+00,-9.305051328380994358e-01,-2.789859366539117591e+00,1.533613917677569827e+00,-9.305051328380994358e-01,-2.789859366539117591e+00,1.541026485551578507e+00,-9.822872507286887211e-01,-2.855713690087237744e+00,3.572738821310684210e-01,-6.028781355823517041e-01,-5.177084731431649822e-02,6.585432354812015276e-02,5.230997893061774262e-02,5.530000000000000193e-03
7.800000000000000711e+00,1.516753679494192486e+00,-9.364059609778033755e-01,-2.820003273318234971e+00,1.516753679494192486e+00,-9.364059609778033755e-01,-2.820003273318234971e+00,1.520811931200062084e+00,-9.876883405951376593e-01,-2.905250519728249881e+00,3.625811157513530447e-01,-6.171092045312008834e-01,-5.080701024803108146e-02,8.524724641001490966e-02,5.144270469293558273e-02,5.540000000000000653e-03
7.850000000000000533e+00,1.499468356317590789e+00,-9.418698599267614213e-01,-2.850858733544794799e+00,1.499468356317590789e+00,-9.418698599267614213e-01,-2.850858733544794799e+00,1.500222139260918741e+00,-9.921147013144778759e-01,-2.954314537334560065e+00,3.646874498792203045e-01,-6.151017763600271637e-01,-4.950663599035901724e-02,1.034558037897652660e-01,5.025049526922532178e-02,5.510000000000001008e-03
7.900000000000000355e+00,1.481921594033443812e+00,-9.468274063349064740e-01,-2.881613822362796284e+00,1.481921594033443812e+00,-9.468274063349064740e-01,-2.881613822362796284e+00,1.479262189957219142e+00,-9.955619646030799963e-01,-3.002678949097496552e+00,3.677989717887492627e-01,-6.131241194669555528e-01,-4.789685744614592677e-02,1.210651267347002680e-01,4.880706505860233496e-02,5.611000000000000536e-03
7.950000000000000178e+00,1.464079960299702776e+00,-9.512815987027175568e-01,-2.912270028336144012e+00,1.464079960299702776e+00,-9.512815987027175568e-01,-2.912270028336144012e+00,1.479262189957219142e+00,-9.955619646030799963e-01,-3.002678949097496552e+00,3.713084589026476867e-01,-6.056815278570798489e-01,-4.595605634316977939e-02,9.040892076135254030e-02,4.681079898531480959e-02,5.630000000000000455e-03
8.000000000000000000e+00,1.445939434055347528e+00,-9.552274693299860342e-01,-2.942554104728997810e+00,1.445939434055347528e+00,-9.552274693299860342e-01,-2.942554104728997810e+00,1.457937254842822883e+00,-9.980267284282715590e-01,-3.050134194394631404e+00,3.789575155434246057e-01,-6.218118986711210772e-01,-4.371615651482778364e-02,1.075800896656335937e-01,4.444912016013986139e-02,5.510000000000001008e-03
8.050000000000000711e+00,1.427310399934408336e+00,-9.586846596844843527e-01,-2.973644699662553847e+00,1.427310399934408336e+00,-9.586846596844843527e-01,-2.973644699662553847e+00,1.436252595526377629e+00,-9.995065603657316000e-01,-3.096492768355989078e+00,3.840382431203632763e-01,-6.193472056954033578e-01,-4.118354714477468620e-02,1.228480686934352306e-01,4.178983653036524859e-02,6.151000000000000217e-03
8.099999999999999645e+00,1.408331991772135527e+00,-9.616008197215013542e-01,-3.004612059947323832e+00,1.408331991772135527e+00,-9.616008197215013542e-01,-3.004612059947323832e+00,1.414213562373095145e+00,-1.000000000000000000e+00,3.141592653589789563e+00,3.933001229109186481e-01,-6.357659871375820337e-01,-3.839918027849862497e-02,1.369805936424732806e-01,3.884700656157063364e-02,5.581000000000000023e-03
8.150000000000000355e+00,1.388811794913819675e+00,-9.639760708937316069e-01,-3.036400359304202823e+00,1.388811794913819675e+00,-9.639760708937316069e-01,-3.036400359304202823e+00,1.391825593184628174e+00,-9.995065603657314890e-01,3.097886020062567525e+00,4.002477012208978668e-01,-6.321608792688272471e-01,-3.536487742038679077e-02,1.488989278128158844e-01,3.565807989975094960e-02,5.591000000000000483e-03
8.200000000000001066e+00,1.368880138478838715e+00,-9.657624877433262922e-01,-3.068008403267644013e+00,1.368880138478838715e+00,-9.657624877433262922e-01,-3.068008403267644013e+00,1.369094211857377674e+00,-9.980267284282715590e-01,3.055679178538552421e+00,4.080735199586048578e-01,-6.281361816971635648e-01,-3.212687153732916856e-02,1.594977253733897982e-01,3.226495086603226731e-02,5.531000000000000326e-03
8.250000000000000000e+00,1.348511468225184862e+00,-9.669427619480117642e-01,-3.099415212352502280e+00,1.348511468225184862e+00,-9.669427619480117642e-01,-3.099415212352502280e+00,1.346025027019546627e+00,-9.955619646030799963e-01,3.015051301811090489e+00,4.194755585314904334e-01,-6.440376679249694147e-01,-2.870417130231484037e-02,1.687187930159934623e-01,2.872701081701610482e-02,5.551000000000000378e-03
8.300000000000000711e+00,1.327545726697781925e+00,-9.674895990497037745e-01,-3.131617095748750579e+00,1.327545726697781925e+00,-9.674895990497037745e-01,-3.131617095748750579e+00,1.322623730647303653e+00,-9.921147013144778759e-01,2.976055829719888024e+00,4.289377997304937851e-01,-6.380742596370428954e-01,-2.509953363520580141e-02,1.755123817109476292e-01,2.511218243545363868e-02,5.510000000000001008e-03
8.349999999999999645e+00,1.306100129251196451e+00,-9.673614322287592548e-01,3.119664498448983636e+00,1.306100129251196451e+00,-9.673614322287592548e-01,3.119664498448983636e+00,1.298896096660367538e+00,-9.876883405951377704e-01,2.938722810654413209e+00,4.391330122922730839e-01,-6.315207297384629603e-01,-2.136152885873883467e-02,1.809416877945704272e-01,2.156574342110361905e-02,5.651000000000000641e-03
8.400000000000000355e+00,1.284160005057998211e+00,-9.665335421027951845e-01,3.088088461962060549e+00,1.284160005057998211e+00,-9.665335421027951845e-01,3.088088461962060549e+00,1.274847979497379047e+00,-9.822872507286886101e-01,2.903061683423501016e+00,4.522539030188552078e-01,-6.459016894947542387e-01,-1.750786298505035629e-02,1.850267785385595332e-01,1.830008621594918922e-02,5.470000000000000036e-03
8.450000000000001066e+00,1.261603119231938797e+00,-9.649598702526399618e-01,3.055793377487322715e+00,1.261603119231938797e+00,-9.649598702526399618e-01,3.055793377487322715e+00,1.250485312671410165e+00,-9.759167619387473236e-01,2.869064263023924255e+00,4.637853109581592248e-01,-6.367560670073864060e-01,-1.354506099512949382e-02,1.867291144633984601e-01,1.560958353507299959e-02,5.951000000000000560e-03
8.500000000000000000e+00,1.238534689498267172e+00,-9.626052653000993775e-01,3.023955574136953928e+00,1.238534689498267172e+00,-9.626052653000993775e-01,3.023955574136953928e+00,1.225814107305952749e+00,-9.685831611286310761e-01,2.836707737742125701e+00,4.758770149884761769e-01,-6.269430907385721286e-01,-9.520711890569372865e-03,1.872478363948282265e-01,1.405519298509285732e-02,5.600000000000000810e-03
8.550000000000000711e+00,1.214952920320468310e+00,-9.594428078161046924e-01,2.992608419600024661e+00,1.214952920320468310e+00,-9.594428078161046924e-01,2.992608419600024661e+00,1.200840450651768032e+00,-9.602936856769430651e-01,2.805957533592601472e+00,4.902221500918430008e-01,-6.391478755902283426e-01,-5.451608848544387681e-03,1.866508860074231890e-01,1.413809722996875635e-02,5.530000000000000193e-03
8.599999999999999645e+00,1.190775593595631454e+00,-9.554178688197642044e-01,2.960651025820513205e+00,1.190775593595631454e+00,-9.554178688197642044e-01,2.960651025820513205e+00,1.200840450651768032e+00,-9.602936856769430651e-01,2.805957533592601472e+00,4.938027419332895462e-01,-6.274255165536835044e-01,-1.288701597842370396e-03,1.546934922279117330e-01,1.118369069606325525e-02,5.860999999999999890e-03
8.650000000000000355e+00,1.166562202176719687e+00,-9.505945346950670505e-01,2.929279749992828918e+00,1.166562202176719687e+00,-9.505945346950670505e-01,2.929279749992828918e+00,1.175570504584946496e+00,-9.510565162951536422e-01,2.776769948628340146e+00,5.068830132394013255e-01,-6.137473933330229725e-01,2.782438004198710749e-03,1.525098013644887729e-01,9.020140757043843688e-03,5.640000000000000048e-03
8.700000000000001066e+00,1.141872950932906194e+00,-9.448747060207532966e-01,2.898592380326178386e+00,1.141872950932906194e+00,-9.448747060207532966e-01,2.898592380326178386e+00,1.150010504086557361e+00,-9.408807689542255659e-01,2.749094500030647481e+00,5.203253666718647974e-01,-5.994832194717363283e-01,6.802819844123275499e-03,1.494978802955309050e-01,9.064838918584387784e-03,6.602000000000000229e-03
8.750000000000000000e+00,1.116718621430533354e+00,-9.382372930646055709e-01,2.868618219352591758e+00,1.116718621430533354e+00,-9.382372930646055709e-01,2.868618219352591758e+00,1.124166755704261611e+00,-9.297764858882515693e-01,2.722875959199578588e+00,5.351806310669409150e-01,-6.096650287818861091e-01,1.075821506927416953e-02,1.457422601530131701e-01,1.127208774961093590e-02,5.461000000000000576e-03
8.800000000000000711e+00,1.091064327084314778e+00,-9.306315383045845602e-01,2.838134967913497064e+00,1.091064327084314778e+00,-9.306315383045845602e-01,2.838134967913497064e+00,1.098045635996263369e+00,-9.177546256839810290e-01,2.698056074055870113e+00,5.492576144998693177e-01,-5.919083971262275590e-01,1.462687253159265441e-02,1.400788938576269516e-01,1.464764666295276761e-02,5.490000000000000088e-03
8.849999999999999645e+00,1.064981508153865386e+00,-9.220384407471624577e-01,2.808539548057185087e+00,1.064981508153865386e+00,-9.220384407471624577e-01,2.808539548057185087e+00,1.071653589957992425e+00,-9.048270524660191327e-01,2.674574994186608379e+00,5.635069675096916475e-01,-5.737503169845158402e-01,1.837224659560423440e-02,1.339645538705767081e-01,1.845937599609588295e-02,5.781000000000000548e-03
8.900000000000000355e+00,1.038490203249446964e+00,-9.124464347584987367e-01,2.779852032207958956e+00,1.038490203249446964e+00,-9.124464347584987367e-01,2.779852032207958956e+00,1.044997129431897820e+00,-8.910065241883680098e-01,2.652372424588197219e+00,5.778716467516247235e-01,-5.552429315532565468e-01,2.198284996078860021e-02,1.274796076197617367e-01,2.240557639515368057e-02,6.132000000000001165e-03
8.950000000000001066e+00,1.011611952392069025e+00,-9.018471370259212305e-01,2.752089885630295996e+00,1.011611952392069025e+00,-9.018471370259212305e-01,2.752089885630295996e+00,1.018082831500742191e+00,-8.763066800438633619e-01,2.631388538998237436e+00,5.928658409291731601e-01,-5.622387173397597193e-01,2.544783673775599664e-02,1.207013466320585593e-01,2.634743287858252320e-02,5.550000000000000246e-03
9.000000000000000000e+00,9.843508236170873671e-01,-8.902067868233972670e-01,2.723977949763307649e+00,9.843508236170873671e-01,-8.902067868233972670e-01,2.723977949763307649e+00,9.909173368648155344e-01,-8.607420270039439769e-01,2.611564685500640692e+00,6.074186481720079689e-01,-5.402258212337427423e-01,2.874173633475874540e-02,1.124132642626669565e-01,3.018759956423595209e-02,5.579999999999999891e-03
9.050000000000000711e+00,9.567597268615782857e-01,-8.775154971223406708e-01,2.696966658701621000e+00,9.567597268615782857e-01,-8.775154971223406708e-01,2.696966658701621000e+00,9.635073482034304249e-01,-8.443279255020149643e-01,2.592843916379339753e+00,6.219132087067708037e-01,-5.181698368198510707e-01,3.183459662150604774e-02,1.041227423222812476e-01,3.386658092909980433e-02,5.701000000000000338e-03
9.099999999999999645e+00,9.288638400644881887e-01,-8.637784846845368847e-01,2.671058166860628802e+00,9.288638400644881887e-01,-8.637784846845368847e-01,2.671058166860628802e+00,9.358596285211460142e-01,-8.270805742745613864e-01,2.575171371993001834e+00,6.363027792551610995e-01,-4.961327922090673637e-01,3.472072897428923888e-02,9.588679486762696769e-02,3.735876984844247600e-02,5.551000000000000378e-03
9.150000000000000355e+00,9.006879784929431310e-01,-8.490044538729438761e-01,2.646251527250175428e+00,9.006879784929431310e-01,-8.490044538729438761e-01,2.646251527250175428e+00,9.079809994790937200e-01,-8.090169943749475623e-01,2.558494545426458266e+00,6.506959288786561268e-01,-5.005224948052863221e-01,3.739559408949886393e-02,8.775698182371716172e-02,4.064707950404713305e-02,5.561000000000000838e-03
9.200000000000001066e+00,8.722601394780319373e-01,-8.331830852982335944e-01,2.621225402509910651e+00,8.722601394780319373e-01,-8.331830852982335944e-01,2.621225402509910651e+00,9.079809994790937200e-01,-8.090169943749475623e-01,2.558494545426458266e+00,6.527995548923868352e-01,-4.901556402462839968e-01,3.984126652748765790e-02,6.273085708345238487e-02,4.312748299782846045e-02,5.561000000000000838e-03
9.250000000000000000e+00,8.441421867009818447e-01,-8.166091432383975057e-01,2.596717620497596357e+00,8.441421867009818447e-01,-8.166091432383975057e-01,2.596717620497596357e+00,8.798783397118298266e-01,-7.901550123756900801e-01,2.542763451323974522e+00,6.669511544432935590e-01,-4.627919285586586384e-01,4.199461386823739872e-02,5.395416917362183540e-02,4.446227245335070133e-02,5.550000000000000246e-03
9.300000000000000711e+00,8.158261329957465779e-01,-7.989963328636787709e-01,2.573578024069663073e+00,8.158261329957465779e-01,-7.989963328636787709e-01,2.573578024069663073e+00,8.515585831301457631e-01,-7.705132427757895863e-01,2.527930718945285093e+00,6.808348074329562127e-01,-4.360930763472594118e-01,4.386327133817709972e-02,4.564730512437797927e-02,4.569567171584345416e-02,5.640000000000000048e-03
9.349999999999999645e+00,7.873318649000232705e-01,-7.803718634639801310e-01,2.551773370252300666e+00,7.873318649000232705e-01,-7.803718634639801310e-01,2.551773370252300666e+00,8.230287172102174198e-01,-7.501110696304594816e-01,2.513951626305612308e+00,6.944196521297760771e-01,-4.101004018334012957e-01,4.545605416737359683e-02,3.782174394668835760e-02,4.679723184431590355e-02,5.650000000000000508e-03
9.400000000000000355e+00,7.586773109542658267e-01,-7.607652081654850962e-01,2.531268350160630121e+00,7.586773109542658267e-01,-7.607652081654850962e-01,2.531268350160630121e+00,7.942957812695612407e-01,-7.289686274214115524e-01,2.500784089374981534e+00,7.076777931579163461e-01,-3.848489371136996628e-01,4.678282191103055876e-02,3.048426078564858699e-02,4.774618282769806099e-02,5.770000000000000823e-03
9.450000000000001066e+00,7.298784498760300110e-01,-7.402078100786125825e-01,2.512025903304945018e+00,7.298784498760300110e-01,-7.402078100786125825e-01,2.512025903304945018e+00,7.653668647301797856e-01,-7.071067811865476838e-01,2.488388617769114575e+00,7.205840513672692182e-01,-3.603672976356346314e-01,4.785438894565992307e-02,2.363728553583044345e-02,4.852943130280380074e-02,5.470000000000000036e-03
9.500000000000000000e+00,7.009493590844274591e-01,-7.187328007953640574e-01,2.494007538423163695e+00,7.009493590844274591e-01,-7.187328007953640574e-01,2.494007538423163695e+00,7.362491053693555054e-01,-6.845471059286882820e-01,2.476728246172768877e+00,7.328803105227744696e-01,-3.632061566550195963e-01,4.868242126735715380e-02,1.727929225039481764e-02,4.913994120161067208e-02,5.670000000000000560e-03
9.550000000000000711e+00,6.719265097976253598e-01,-6.963627049139295977e-01,2.475847230590412451e+00,6.719265097976253598e-01,-6.963627049139295977e-01,2.475847230590412451e+00,7.069496875585148388e-01,-6.613118653236522704e-01,2.465768448881324737e+00,7.451577023419996282e-01,-3.358313814544679476e-01,4.925479058413179123e-02,1.007878170908771409e-02,4.954981671463796339e-02,5.601000000000000076e-03
9.600000000000001421e+00,6.428193778814229598e-01,-6.731056144082022685e-01,2.459055661517688840e+00,6.428193778814229598e-01,-6.731056144082022685e-01,2.459055661517688840e+00,6.774758404905826259e-01,-6.374239897486896345e-01,2.455477043298467166e+00,7.569919853188731285e-01,-3.096751668663356716e-01,4.956346425964089364e-02,3.578618219221674224e-03,4.974182082435686658e-02,5.500000000000000548e-03
9.650000000000000355e+00,6.136350367057297195e-01,-6.490050382045166044e-01,2.443571903174372117e+00,6.136350367057297195e-01,-6.490050382045166044e-01,2.443571903174372117e+00,6.478348363962989076e-01,-6.129070536529764857e-01,2.445824086952127274e+00,7.683700788379478341e-01,-2.847279277124717956e-01,4.962865125298098617e-02,-2.252183777755156768e-03,4.972615798106953811e-02,5.860999999999999890e-03
9.700000000000001066e+00,5.843787669818191199e-01,-6.241046928568224628e-01,2.429335506788747878e+00,5.843787669818191199e-01,-6.241046928568224628e-01,2.429335506788747878e+00,6.180339887498950135e-01,-5.877852522924733591e-01,2.436781771550414533e+00,7.792803842545583670e-01,-2.609727607013555550e-01,4.947063046152967714e-02,-7.446264761666654408e-03,4.951540886598490565e-02,5.619999999999999996e-03
9.750000000000000000e+00,5.550543169871633431e-01,-5.984483118901045007e-01,2.416286868753680039e+00,5.550543169871633431e-01,-5.984483118901045007e-01,2.416286868753680039e+00,5.880806504646083344e-01,-5.620833778521309165e-01,2.428324316759050916e+00,7.897125550825998541e-01,-2.383861990538573283e-01,4.910958298427040708e-02,-1.203744800537087656e-02,4.912379393480895834e-02,5.540999999999999918e-03
9.800000000000000711e+00,5.256641567174011875e-01,-5.720794890128986232e-01,2.404367558800986515e+00,5.256641567174011875e-01,-5.720794890128986232e-01,2.404367558800986515e+00,5.579822120784591055e-01,-5.358267949789971007e-01,2.420427865709130266e+00,7.996573012102883293e-01,-2.169389765661995373e-01,4.856543755541939400e-02,-1.606030690814375106e-02,4.856659888273095332e-02,5.561000000000000838e-03
9.850000000000001421e+00,4.962097211832294241e-01,-5.450415517431482781e-01,2.393520609972676461e+00,4.962097211832294241e-01,-5.450415517431482781e-01,2.393520609972676461e+00,5.277460999307456158e-01,-5.090414157503712067e-01,2.413070383710326894e+00,8.000000000000000444e-01,-1.965967830027789687e-01,4.785773060044859473e-02,-1.954977373765043325e-02,4.785972185465806050e-02,5.530000000000000193e-03
9.900000000000000355e+00,4.670238555690960358e-01,-5.176888121186876690e-01,2.383690770822537885e+00,4.670238555690960358e-01,-5.176888121186876690e-01,2.383690770822537885e+00,4.973797743297087570e-01,-4.817536741017145463e-01,2.406231561224946525e+00,8.000000000000000444e-01,-1.770732947127666435e-01,4.701350661003676074e-02,-2.254079040240863918e-02,4.704057767608542384e-02,5.511000000000000273e-03
9.950000000000001066e+00,4.380947602544530417e-01,-4.900646018557129335e-01,2.374837106086899574e+00,4.380947602544530417e-01,-4.900646018557129335e-01,2.374837106086899574e+00,4.668907277118110599e-01,-4.539904997395469710e-01,2.399892721831064613e+00,8.000000000000000444e-01,-1.785446455582881120e-01,4.605109561805031948e-02,-2.505561574416503845e-02,4.615786590921196197e-02,5.650000000000000508e-03
1.000000000000000000e+01,4.094123981581450633e-01,-4.621842955707908818e-01,2.365909873808984543e+00,4.094123981581450633e-01,-4.621842955707908818e-01,2.365909873808984543e+00,4.362864827930846290e-01,-4.257792915650722154e-01,2.394036735651070558e+00,8.000000000000000444e-01,-1.567586283798725610e-01,4.496801056183833550e-02,-2.812686184208601503e-02,4.524975957529815684e-02,5.510000000000001008e-03
1.005000000000000071e+01,3.809647283431191189e-01,-4.340645179930266995e-01,2.358071942389990738e+00,3.809647283431191189e-01,-4.340645179930266995e-01,2.358071942389990738e+00,4.055745907130255401e-01,-3.971478906347811755e-01,2.388647938529914860e+00,8.000000000000000444e-01,-1.363763121648147725e-01,4.376525612251458419e-02,-3.057599613992412202e-02,4.436758615671240052e-02,5.300000000000000024e-03
1.010000000000000142e+01,3.527238752289321155e-01,-4.057370045848032181e-01,2.351253126781749359e+00,3.527238752289321155e-01,-4.057370045848032181e-01,2.351253126781749359e+00,3.747626291714491464e-01,-3.681245526846778637e-01,2.383712057103566373e+00,8.000000000000000444e-01,-1.173839827687365167e-01,4.246679611956817590e-02,-3.245893032181701443e-02,4.359361436355160824e-02,5.540999999999999918e-03
1.015000000000000036e+01,3.246632850707805718e-01,-3.772308879257102454e-01,2.345383927643312383e+00,3.246632850707805718e-01,-3.772308879257102454e-01,2.345383927643312383e+00,3.438582005588182722e-01,-3.387379202452905913e-01,2.379216139792433182e+00,8.000000000000000444e-01,-9.974613406408688876e-02,4.109480488581052082e-02,-3.383221214912079944e-02,4.301340885629435784e-02,5.420000000000000338e-03
1.020000000000000107e+01,2.967578348461357152e-01,-3.485728605802656532e-01,2.340396620940108363e+00,2.967578348461357152e-01,-3.485728605802656532e-01,2.340396620940108363e+00,3.128689300804619600e-01,-3.090169943749476178e-01,2.375148493678882922e+00,8.000000000000000444e-01,-8.340982033377371263e-02,3.966961539582986723e-02,-3.475187273877455851e-02,4.271105174193853826e-02,5.380000000000000233e-03
1.025000000000000000e+01,2.689838902519207098e-01,-3.197873489014196324e-01,2.336226129923419492e+00,2.689838902519207098e-01,-3.197873489014196324e-01,2.336226129923419492e+00,2.818024638751648325e-01,-2.789911060392287756e-01,2.371498627176110929e+00,8.000000000000000444e-01,-6.830867282329187995e-02,3.820971363442862700e-02,-3.527249725269143710e-02,4.276270877067293863e-02,5.421000000000000471e-03
1.030000000000000071e+01,2.413193209405054274e-01,-2.908966921166327158e-01,2.332810696282255236e+00,2.413193209405054274e-01,-2.908966921166327158e-01,2.332810696282255236e+00,2.818024638751648325e-01,-2.789911060392287756e-01,2.371498627176110929e+00,8.000000000000000444e-01,-6.797689569105275220e-02,3.673084291246756644e-02,-3.868793089385569317e-02,4.219748620136676287e-02,5.430000000000000798e-03
1.035000000000000142e+01,2.137533463716925763e-01,-2.619119460286267742e-01,2.329411851497702912e+00,2.137533463716925763e-01,-2.619119460286267742e-01,2.329411851497702912e+00,2.506664671286081836e-01,-2.486898871648544895e-01,2.368257198362089255e+00,8.000000000000000444e-01,-5.225960067196645797e-02,3.524627538417574729e-02,-3.884534686438634310e-02,3.920970957061137296e-02,5.370000000000000641e-03
1.040000000000000036e+01,1.862746164065543497e-01,-2.328444643842190465e-01,2.326798871464104579e+00,1.862746164065543497e-01,-2.328444643842190465e-01,2.326798871464104579e+00,2.194686221820904282e-01,-2.181432413965424255e-01,2.365415968833324278e+00,8.000000000000000444e-01,-3.793265342917617744e-02,3.374501932475836019e-02,-3.861709736921969949e-02,3.630382867907618050e-02,5.420000000000000338e-03
1.045000000000000107e+01,1.588614940912675411e-01,-2.037150935482717473e-01,2.324902238792645903e+00,1.588614940912675411e-01,-2.037150935482717473e-01,2.324902238792645903e+00,1.882166266370287055e-01,-1.873813145857246842e-01,2.362967762925104687e+00,8.000000000000000444e-01,-2.487201638085775185e-02,3.224383373243706885e-02,-3.806552413245878341e-02,3.359339432055878649e-02,5.389999999999999826e-03
1.050000000000000000e+01,1.314941397220345809e-01,-1.745427143408122272e-01,2.323658637973602836e+00,1.314941397220345809e-01,-1.745427143408122272e-01,2.323658637973602836e+00,1.569181914556901369e-01,-1.564344650402311188e-01,2.360906432145567280e+00,8.000000000000000444e-01,-1.295338435887497842e-02,3.075726850800339016e-02,-3.724779417196444342e-02,3.121363643165580085e-02,5.551000000000000378e-03
1.055000000000000071e+01,1.041543827244416909e-01,-1.453444672807331361e-01,2.323010968755658823e+00,1.041543827244416909e-01,-1.453444672807331361e-01,2.323010968755658823e+00,1.255810390586262759e-01,-1.253332335643037865e-01,2.359226824677898904e+00,8.000000000000000444e-01,-2.054518570927154480e-03,2.929784341850719120e-02,-3.621585592224008110e-02,2.931810151624438324e-02,5.511000000000000273e-03
1.060000000000000142e+01,7.682558229678462802e-02,-1.161359639679306610e-01,2.322908242827113057e+00,7.682558229678462802e-02,-1.161359639679306610e-01,2.322908242827113057e+00,9.421290141928502504e-02,-9.410831331851403359e-02,2.357924759817036531e+00,8.000000000000000444e-01,7.943004043628097699e-03,2.787622806101787420e-02,-3.501651698992347406e-02,2.806307644219380171e-02,5.401000000000000419e-03
1.065000000000000036e+01,4.949248248665676086e-02,-8.693148428178207321e-02,2.323305393029293953e+00,4.949248248665676086e-02,-8.693148428178207321e-02,2.323305393029293953e+00,6.282151815625647284e-02,-6.279051952931326286e-02,2.356997007222838114e+00,8.000000000000000444e-01,1.715254706003485619e-02,2.650141825079062666e-02,-3.369161419354416154e-02,2.757624650059182711e-02,5.410000000000000746e-03
1.070000000000000107e+01,2.214106615277416923e-02,-5.774415952494283549e-02,2.324163020382295386e+00,2.214106615277416923e-02,-5.774415952494283549e-02,2.324163020382295386e+00,3.141463462364142006e-02,-3.141075907812836132e-02,2.356441270890159423e+00,8.000000000000000444e-01,2.568159871275483078e-02,2.518090535836542410e-02,-3.227825050786403693e-02,2.791857896233531158e-02,5.479999999999999628e-03
1.075000000000000000e+01,-5.241588803838185401e-03,-2.858614197094962520e-02,2.325447100317933113e+00,-5.241588803838185401e-03,-2.858614197094962520e-02,2.325447100317933113e+00,2.449293598294706414e-16,-2.449293598294706414e-16,2.356256177756557157e+00,8.000000000000000444e-01,3.363131095816400407e-02,2.392083605978131619e-02,-3.080907743862404402e-02,2.906272124168344378e-02,5.641000000000001048e-03
1.080000000000000071e+01,-3.266744846508727596e-02,5.312384884851376055e-04,2.327128665865840773e+00,-3.266744846508727596e-02,5.312384884851376055e-04,2.327128665865840773e+00,-3.141463462364092740e-02,3.141075907812786866e-02,2.356441270890159423e+00,8.000000000000000444e-01,4.950836222093301514e-02,2.272616074902277308e-02,-2.931260502431864978e-02,3.090492411198398140e-02,5.942000000000000233e-03
1.085000000000000142e+01,-6.015376529914354814e-02,2.959154767252760582e-02,2.329604083976887452e+00,-6.015376529914354814e-02,2.959154767252760582e-02,2.329604083976887452e+00,-3.141463462364092740e-02,3.141075907812786866e-02,2.356441270890159423e+00,8.000000000000000444e-01,4.671021009650237754e-02,2.160331271532190539e-02,-2.683718691327197092e-02,2.879665192556040559e-02,5.389999999999999826e-03
1.090000000000000036e+01,-8.770990685369478568e-02,5.858565630418497566e-02,2.331939594481712064e+00,-8.770990685369478568e-02,5.858565630418497566e-02,2.331939594481712064e+00,-6.282151815625776348e-02,6.279051952931455349e-02,2.356997007222839002e+00,8.000000000000000444e-01,5.352807444551660465e-02,2.056029191630678529e-02,-2.505741274112693873e-02,2.524109281898781129e-02,5.460000000000000443e-03
1.095000000000000107e+01,-1.153386178343516616e-01,8.751061740117774268e-02,2.334615998203988241e+00,-1.153386178343516616e-01,8.751061740117774268e-02,2.334615998203988241e+00,-9.421290141928542750e-02,9.410831331851442216e-02,2.357924759817036531e+00,8.000000000000000444e-01,6.011644818500586768e-02,1.958560870132690368e-02,-2.330876161304828997e-02,2.213200138865529729e-02,9.158000000000001209e-03
1.100000000000000000e+01,-1.430493941197598928e-01,1.163569633222478195e-01,2.337621820613238199e+00,-1.430493941197598928e-01,1.163569633222478195e-01,2.337621820613238199e+00,-1.255810390586275527e-01,1.253332335643050632e-01,2.359226824677898904e+00,8.000000000000000444e-01,6.654356060924652982e-02,1.868087934109850801e-02,-2.160500406466070444e-02,1.963967555740751825e-02,5.410000000000000746e-03
1.105000000000000071e+01,-1.708513709316505924e-01,1.451154161550518573e-01,2.340948998643700207e+00,-1.708513709316505924e-01,1.451154161550518573e-01,2.340948998643700207e+00,-1.569181914556887492e-01,1.564344650402297310e-01,2.360906432145567280e+00,8.000000000000000444e-01,7.287337964142226454e-02,1.784711384275260854e-02,-1.995743350186707232e-02,1.795144445370374167e-02,5.440999999999999656e-03
1.110000000000000142e+01,-1.987534114916955363e-01,1.737767902046280788e-01,2.344592667625771121e+00,-1.987534114916955363e-01,1.737767902046280788e-01,2.344592667625771121e+00,-1.882166266370290941e-01,1.873813145857250728e-01,2.362967762925104687e+00,8.000000000000000444e-01,7.916614538881119878e-02,1.708478449805355889e-02,-1.837509529933356589e-02,1.720775751541701176e-02,5.731000000000000850e-03
1.115000000000000036e+01,-2.267641889829836721e-01,2.023318992963782093e-01,2.348550974895211141e+00,-2.267641889829836721e-01,2.023318992963782093e-01,2.348550974895211141e+00,-2.194686221820917049e-01,2.181432413965437023e-01,2.365415968833324278e+00,8.000000000000000444e-01,8.547895347071231276e-02,1.639388420266983323e-02,-1.686499393811313752e-02,1.741332346092332867e-02,5.530000000000000193e-03
1.120000000000000107e+01,-2.548922622799530968e-01,2.307714678066658809e-01,2.352824922568746757e+00,-2.548922622799530968e-01,2.307714678066658809e-01,2.352824922568746757e+00,-2.506664671286085722e-01,2.486898871648548781e-01,2.368257198362089255e+00,8.000000000000000444e-01,9.186637720786389183e-02,1.577397513107367186e-02,-1.543227579334249810e-02,1.840997275818324203e-02,5.500000000000000548e-03
1.125000000000000000e+01,-2.831461459891925214e-01,2.590860443036372973e-01,2.357418241429139805e+00,-2.831461459891925214e-01,2.590860443036372973e-01,2.357418241429139805e+00,-2.818024638751652211e-01,2.789911060392291642e-01,2.371498627176110041e+00,8.000000000000000444e-01,1.066950922175697730e-01,1.522422841521672149e-02,-1.408038574697023648e-02,1.995036251102421526e-02,5.420000000000000338e-03
1.130000000000000071e+01,-3.115402268997370938e-01,2.872600105603592135e-01,2.362752996040018871e+00,-3.115402268997370938e-01,2.872600105603592135e-01,2.362752996040018871e+00,-3.128689300804614604e-01,3.090169943749471737e-01,2.375148493678883810e+00,8.000000000000000444e-01,1.123929926452289646e-01,1.475176862827861160e-02,-1.239549763886493849e-02,2.179751813511596886e-02,7.995000000000000370e-03
1.135000000000000142e+01,-3.400881919277138898e-01,3.152780312263098184e-01,2.368372645672280896e+00,-3.400881919277138898e-01,3.152780312263098184e-01,2.368372645672280896e+00,-3.438582005588195489e-01,3.387379202452918125e-01,2.379216139792434070e+00,8.000000000000000444e-01,1.184460003865190764e-01,1.436238851500871126e-02,-1.084349412015317426e-02,2.376087872662884307e-02,5.490000000000000088e-03
1.140000000000000036e+01,-3.687973677899893943e-01,3.431308326083849503e-01,2.374294945691606706e+00,-3.687973677899893943e-01,3.431308326083849503e-01,2.374294945691606706e+00,-3.438582005588195489e-01,3.387379202452918125e-01,2.379216139792434070e+00,8.000000000000000444e-01,1.148651236482207544e-01,1.404709847628286823e-02,-4.921194100827364082e-03,2.532310686337820374e-02,5.340000000000000129e-03
1.145000000000000107e+01,-3.976685160932429408e-01,3.708157093041113961e-01,2.380038201874017822e+00,-3.976685160932429408e-01,3.708157093041113961e-01,2.380038201874017822e+00,-3.747626291714495350e-01,3.681245526846781968e-01,2.383712057103567261e+00,8.000000000000000444e-01,1.228640281485334218e-01,1.379056061412512434e-02,-3.673855229549438661e-03,2.306343382118771282e-02,5.461000000000000576e-03
1.150000000000000000e+01,-4.267036853415277498e-01,3.983285047795490086e-01,2.386181403281444346e+00,-4.267036853415277498e-01,3.983285047795490086e-01,2.386181403281444346e+00,-4.055745907130259287e-01,3.971478906347815085e-01,2.388647938529913972e+00,8.000000000000000444e-01,1.312215947174356911e-01,1.358640370235203974e-02,-2.466535248469625685e-03,2.116205305680452300e-02,5.479999999999999628e-03
1.155000000000000071e+01,-4.559130263196756738e-01,4.256563049092368378e-01,2.392742483017316069e+00,-4.559130263196756738e-01,4.256563049092368378e-01,2.392742483017316069e+00,-4.362864827930859057e-01,4.257792915650733812e-01,2.394036735651070558e+00,8.000000000000000444e-01,1.504536671468400533e-01,1.343326716419228871e-02,-1.294252633754489068e-03,1.962692886109889193e-02,5.491000000000000221e-03
1.160000000000000142e+01,-4.853140640332407330e-01,4.527777251512606349e-01,2.400265166374658143e+00,-4.853140640332407330e-01,4.527777251512606349e-01,2.400265166374658143e+00,-4.668907277118105603e-01,4.539904997395465824e-01,2.399892721831065501e+00,8.000000000000000444e-01,1.586304747028464412e-01,1.333994715143269061e-02,3.724445435926426740e-04,1.846321053919172672e-02,5.380000000000000233e-03
1.165000000000000036e+01,-5.149237841525838855e-01,4.796711460306503083e-01,2.408196690109800642e+00,-5.149237841525838855e-01,4.796711460306503083e-01,2.408196690109800642e+00,-4.973797743297091456e-01,4.817536741017148794e-01,2.406231561224947413e+00,8.000000000000000444e-01,1.674718489642935682e-01,1.331386537802599704e-02,1.965128884853228897e-03,1.766717871738148621e-02,5.470000000000000036e-03
1.170000000000000107e+01,-5.447517590731184578e-01,5.063222728965406372e-01,2.416570282558015315e+00,-5.447517590731184578e-01,5.063222728965406372e-01,2.416570282558015315e+00,-5.277460999307469480e-01,5.090414157503723169e-01,2.413070383710326894e+00,8.000000000000000444e-01,1.885504787441383834e-01,1.335073229122108775e-02,3.499898847688420744e-03,1.722167763970942553e-02,9.828000000000001665e-03
1.175000000000000000e+01,-5.748157357884446927e-01,5.327068413725980500e-01,2.425997806495222342e+00,-5.748157357884446927e-01,5.327068413725980500e-01,2.425997806495222342e+00,-5.579822120784585504e-01,5.358267949789966567e-01,2.420427865709129378e+00,8.000000000000000444e-01,1.979341034214900930e-01,1.345770214164182001e-02,5.569940786092963947e-03,1.712021118446689291e-02,5.471000000000001036e-03
1.180000000000000071e+01,-6.051332244848617314e-01,5.587996913488291195e-01,2.435894511666296225e+00,-6.051332244848617314e-01,5.587996913488291195e-01,2.435894511666296225e+00,-5.880806504646077792e-01,5.620833778521304724e-01,2.428324316759052692e+00,7.912201033085818347e-01,2.082864627864491613e-01,1.364086415297986916e-02,7.570194907243532612e-03,1.736585378748201763e-02,5.410000000000000746e-03
1.185000000000000142e+01,-6.353784968029193569e-01,5.843003283359405886e-01,2.446308834805618559e+00,-6.353784968029193569e-01,5.843003283359405886e-01,2.446308834805618559e+00,-6.180339887498937923e-01,5.877852522924721379e-01,2.436781771550414533e+00,7.806211670177082285e-01,2.326076432584758824e-01,1.389191495693638777e-02,9.527063255204026859e-03,1.769114622019376734e-02,5.491000000000000221e-03
1.190000000000000036e+01,-6.654940728283011975e-01,6.091289091344894713e-01,2.457939216968542340e+00,-6.654940728283011975e-01,6.091289091344894713e-01,2.457939216968542340e+00,-6.478348363962992407e-01,6.129070536529768187e-01,2.445824086952123722e+00,7.703124534864252970e-01,2.434136432018333407e-01,1.421909630201428736e-02,1.211513001641861820e-02,1.805887613789743107e-02,5.571000000000000431e-03
1.195000000000000107e+01,-6.955013931691561568e-01,6.332742110502829203e-01,2.470109899128633657e+00,-6.955013931691561568e-01,6.332742110502829203e-01,2.470109899128633657e+00,-6.774758404905838471e-01,6.374239897486906337e-01,2.455477043298466278e+00,7.586946160435880104e-01,2.696243979584644901e-01,1.463058345471121048e-02,1.463285583016737945e-02,1.849705956669177656e-02,5.630999999999999721e-03
1.200000000000000000e+01,-7.253586783587261388e-01,6.566743077928522965e-01,2.483591119026556271e+00,-7.253586783587261388e-01,6.566743077928522965e-01,2.483591119026556271e+00,-7.069496875585135065e-01,6.613118653236512712e-01,2.465768448881324737e+00,7.476214296321705977e-01,2.811200963830971511e-01,1.513375416655407882e-02,1.782267014523153392e-02,1.898414818035783214e-02,5.440000000000000391e-03
1.205000000000000071e+01,-7.550948610983774234e-01,6.793255977136896107e-01,2.497647123845711192e+00,-7.550948610983774234e-01,6.793255977136896107e-01,2.497647123845711192e+00,-7.362491053693558385e-01,6.845471059286886151e-01,2.476728246172770653e+00,7.349904468233730004e-01,3.097293495530357710e-01,1.573626403202165597e-02,2.091887767294053901e-02,1.955573207622900503e-02,5.449999999999999983e-03
1.210000000000000142e+01,-7.846543357897342030e-01,7.011599252050402242e-01,2.513133591323363447e+00,-7.846543357897342030e-01,7.011599252050402242e-01,2.513133591323363447e+00,-7.653668647301793415e-01,7.071067811865473507e-01,2.488388617769112798e+00,7.232182249136380747e-01,3.220796720554626180e-01,1.644429170758851533e-02,2.474497355425064882e-02,2.018344955496838289e-02,5.781000000000000548e-03
1.215000000000000036e+01,-8.140760492010633564e-01,7.221824374913171640e-01,2.529237574926137100e+00,-8.140760492010633564e-01,7.221824374913171640e-01,2.529237574926137100e+00,-7.942957812695615738e-01,7.289686274214117745e-01,2.500784089374982422e+00,7.095737603117694414e-01,3.533943191517940896e-01,1.726540590977739681e-02,2.845348555115467803e-02,2.091199113449781696e-02,5.370000000000000641e-03
1.220000000000000107e+01,-8.432867929114626904e-01,7.423179038481293457e-01,2.546907290883726915e+00,-8.432867929114626904e-01,7.423179038481293457e-01,2.546907290883726915e+00,-8.230287172102177529e-01,7.501110696304597036e-01,2.513951626305612308e+00,6.971748220359883508e-01,3.666446284548567358e-01,1.820419727088892076e-02,3.295566457811460737e-02,2.170536947458520660e-02,5.420000000000000338e-03
1.225000000000000000e+01,-8.723385409628264808e-01,7.615816972412344787e-01,2.565239522306470121e+00,-8.723385409628264808e-01,7.615816972412344787e-01,2.565239522306470121e+00,-8.515585831301453190e-01,7.705132427757892533e-01,2.527930718945283317e+00,6.825121547324600746e-01,4.006771816928421659e-01,1.926839062644828890e-02,3.730880336118680418e-02,2.261811559710119948e-02,5.781000000000000548e-03
1.230000000000000071e+01,-9.011357186686411724e-01,7.798912769736370265e-01,2.585273381391112402e+00,-9.011357186686411724e-01,7.798912769736370265e-01,2.585273381391112402e+00,-8.798783397118309368e-01,7.901550123756908572e-01,2.542763451323974522e+00,6.672295624204348519e-01,4.348541901280936761e-01,2.046007551615776354e-02,4.250993006713787992e-02,2.360551682375990057e-02,5.561000000000000838e-03
1.235000000000000142e+01,-9.296557176032652636e-01,7.971989064244315859e-01,2.607016090897516847e+00,-9.296557176032652636e-01,7.971989064244315859e-01,2.607016090897516847e+00,-9.079809994790933869e-01,8.090169943749472292e-01,2.558494545426455602e+00,6.540430957510331433e-01,4.484908630148777275e-01,2.179965280927020563e-02,4.852154547106124483e-02,2.468725599511674765e-02,6.101000000000000520e-03
1.240000000000000036e+01,-9.579798542327233601e-01,8.135430001032153413e-01,2.629440634048260783e+00,-9.579798542327233601e-01,8.135430001032153413e-01,2.629440634048260783e+00,-9.358596285211463472e-01,8.270805742745616085e-01,2.575171371992997393e+00,6.377255558911117950e-01,4.845517005377517616e-01,2.329342730840691655e-02,5.426926205526338975e-02,2.593396036041958549e-02,5.781000000000000548e-03
1.245000000000000107e+01,-9.859614268219073496e-01,8.288307917937062230e-01,2.653668219075148826e+00,-9.859614268219073496e-01,8.288307917937062230e-01,2.653668219075148826e+00,-9.635073482034315351e-01,8.443279255020157414e-01,2.592843916379345082e+00,6.241331795311750863e-01,4.983436992950401323e-01,2.493431004490711048e-02,6.082430269580374471e-02,2.728271980169711536e-02,5.661000000000000233e-03
1.250000000000000000e+01,-1.013705912258410669e+00,8.431153536429980555e-01,2.678585404039900197e+00,-1.013705912258410669e+00,8.431153536429980555e-01,2.678585404039900197e+00,-9.909173368648150904e-01,8.607420270039436438e-01,2.611564685500641581e+00,6.068044611792771104e-01,5.347507843094688740e-01,2.672910374760601587e-02,6.702071853925861689e-02,2.881004655051877528e-02,5.630999999999999721e-03
1.255000000000000071e+01,-1.041029633456023618e+00,8.563020346610924483e-01,2.705322943255373147e+00,-1.041029633456023618e+00,8.563020346610924483e-01,2.705322943255373147e+00,-1.018082831500742413e+00,8.763066800438635839e-01,2.631388538998241877e+00,5.929287443558400872e-01,5.478013056838137995e-01,2.866314478732152893e-02,7.393440425713126984e-02,3.044243020629798166e-02,6.111000000000000112e-03
1.260000000000000142e+01,-1.068067408155500608e+00,8.684599552330362071e-01,2.732713008539564115e+00,-1.068067408155500608e+00,8.684599552330362071e-01,2.732713008539564115e+00,-1.044997129431898264e+00,8.910065241883681209e-01,2.652372424588198996e+00,5.746622951623672204e-01,5.822059930348421064e-01,3.074344109676762499e-02,8.034058395136511876e-02,3.225810800468986023e-02,5.540000000000000653e-03
1.265000000000000036e+01,-1.094594500527469982e+00,8.794983860289158351e-01,2.761823308191306836e+00,-1.094594500527469982e+00,8.794983860289158351e-01,2.761823308191306836e+00,-1.071653589957993535e+00,9.048270524660196878e-01,2.674574994186603938e+00,5.606557338024770187e-01,5.933062352103566361e-01,3.294492443211201327e-02,8.724831400470289822e-02,3.417347979411501646e-02,5.470000000000000036e-03
1.270000000000000107e+01,-1.120780265913623452e+00,8.895026447409740689e-01,2.791488619951824290e+00,-1.120780265913623452e+00,8.895026447409740689e-01,2.791488619951824290e+00,-1.098045635996263591e+00,9.177546256839812511e-01,2.698056074055866560e+00,5.416069339619640211e-01,6.226957259918801668e-01,3.527456907000019182e-02,9.343254589595773041e-02,3.626345025895019725e-02,7.103000000000000806e-03
1.275000000000000000e+01,-1.146358314010193169e+00,8.983936173670625802e-01,2.822623406251418388e+00,-1.146358314010193169e+00,8.983936173670625802e-01,2.822623406251418388e+00,-1.124166755704260501e+00,9.297764858882511252e-01,2.722875959199579476e+00,5.276600055010579604e-01,6.304933432944983540e-01,3.769457760383608524e-02,9.974744705183891114e-02,3.843630701125975990e-02,7.634000000000000161e-03
1.280000000000000071e+01,-1.171536781293504692e+00,9.062707897546776747e-01,2.854148073416142850e+00,-1.171536781293504692e+00,9.062707897546776747e-01,2.854148073416142850e+00,-1.150010504086557805e+00,9.408807689542257879e-01,2.749094500030645705e+00,5.137933794397882004e-01,6.376974951179794626e-01,4.021186546905498871e-02,1.050535733854971454e-01,4.075820494800370952e-02,5.520999999999999866e-03
1.285000000000000142e+01,-1.196284367265743054e+00,9.131599239752780095e-01,2.886032948172042367e+00,-1.196284367265743054e+00,9.131599239752780095e-01,2.886032948172042367e+00,-1.175570504584946052e+00,9.510565162951535312e-01,2.776769948628337481e+00,5.000657848427968455e-01,6.440926891516031150e-01,4.279287311218560319e-02,1.092629995437048862e-01,4.318814439887135731e-02,5.440000000000000391e-03
1.290000000000000036e+01,-1.220573183306759901e+00,9.190898361394991278e-01,2.918237582629622295e+00,-1.220573183306759901e+00,9.190898361394991278e-01,2.918237582629622295e+00,-1.200840450651767810e+00,9.602936856769429541e-01,2.805957533592601472e+00,4.805876962812593023e-01,6.604424247772188172e-01,4.540407755555295882e-02,1.122800490370208237e-01,4.568520498736654278e-02,5.630000000000000455e-03
1.295000000000000107e+01,-1.244089287808850974e+00,9.240245798149389067e-01,2.951259703868483797e+00,-1.244089287808850974e+00,9.240245798149389067e-01,2.951259703868483797e+00,-1.225814107305953193e+00,9.685831611286311871e-01,2.836707737742125701e+00,4.674145632401646711e-01,6.614750950817480657e-01,4.798951244379150854e-02,1.145519661263580957e-01,4.816066227848639358e-02,5.581000000000000023e-03
1.300000000000000000e+01,-1.267106897075008121e+00,9.280657197123542979e-01,2.984333458622571378e+00,-1.267106897075008121e+00,9.280657197123542979e-01,2.984333458622571378e+00,-1.250485312671410387e+00,9.759167619387474346e-01,2.869064263023926920e+00,4.545726478692036499e-01,6.613692173657428341e-01,5.055901185337399739e-02,1.152691955986444583e-01,5.065569375931971985e-02,5.531000000000000326e-03
1.305000000000000071e+01,-1.289609821870002504e+00,9.312535140185862481e-01,3.017401919490858120e+00,-1.289609821870002504e+00,9.312535140185862481e-01,3.017401919490858120e+00,-1.274847979497379935e+00,9.822872507286888322e-01,2.903061683423496575e+00,4.421301624395059804e-01,6.601052310377510945e-01,5.307663444595982216e-02,1.143402360673615448e-01,5.312583432596825611e-02,6.362000000000000467e-03
1.310000000000000142e+01,-1.311587274664957059e+00,9.336294155619279111e-01,3.050407181042745108e+00,-1.311587274664957059e+00,9.336294155619279111e-01,3.050407181042745108e+00,-1.298896096660366428e+00,9.876883405951375483e-01,2.938722810654413209e+00,4.301553578323759064e-01,6.577185104728329179e-01,5.550733892835950367e-02,1.116843703883318994e-01,5.552867164709043152e-02,5.710999999999999931e-03
1.315000000000000036e+01,-1.333034028101134139e+00,9.352353914189311945e-01,3.083293106566387110e+00,-1.333034028101134139e+00,9.352353914189311945e-01,3.083293106566387110e+00,-1.322623730647304097e+00,9.921147013144778759e-01,2.976055829719888024e+00,4.187155859072044795e-01,6.542974511976480390e-01,5.781719989905986790e-02,1.072372768464990855e-01,5.782413153062356675e-02,6.291999999999999850e-03
1.320000000000000107e+01,-1.353950462822963052e+00,9.361131856219231384e-01,3.116007979126269589e+00,-1.353950462822963052e+00,9.361131856219231384e-01,3.116007979126269589e+00,-1.346025027019547515e+00,9.955619646030801073e-01,3.015051301811087825e+00,4.078763060555165021e-01,6.499778427113490631e-01,5.997366662097601553e-02,1.009566773151817642e-01,5.997474347610427109e-02,6.001000000000000258e-03
1.325000000000000000e+01,-1.374342492079324796e+00,9.363035554025352925e-01,-3.134678435917749084e+00,-1.374342492079324796e+00,9.363035554025352925e-01,-3.134678435917749084e+00,-1.369094211857377452e+00,9.980267284282715590e-01,3.055679178538551533e+00,3.977000710996607125e-01,6.449339349765530471e-01,6.194586337918361885e-02,9.282769272328561527e-02,6.194590005523416959e-02,5.449999999999999983e-03
1.330000000000000071e+01,-1.394221357770250025e+00,9.358455136863088608e-01,-3.102431739168921343e+00,-1.394221357770250025e+00,9.358455136863088608e-01,-3.102431739168921343e+00,-1.391825593184628618e+00,9.995065603657316000e-01,3.097886020062568413e+00,3.941298107306417942e-01,6.443145202477917888e-01,6.370492894067326939e-02,8.286754794809603197e-02,6.370611079221018269e-02,5.610000000000000403e-03
1.335000000000000142e+01,-1.413896906999778880e+00,9.347569615319040182e-01,-3.070216013156531698e+00,-1.413896906999778880e+00,9.347569615319040182e-01,-3.070216013156531698e+00,-1.414213562373094923e+00,1.000000000000000000e+00,-3.141592653589789119e+00,3.853346253057946535e-01,6.403799618852885622e-01,6.524303846809598184e-02,7.137664043325742114e-02,6.524380690283869411e-02,5.581000000000000023e-03
1.340000000000000036e+01,-1.433089301563578166e+00,9.330755300905199112e-01,-3.038197015062267248e+00,-1.433089301563578166e+00,9.330755300905199112e-01,-3.038197015062267248e+00,-1.436252595526377851e+00,9.995065603657314890e-01,-3.096492768355988634e+00,3.773675594010584833e-01,6.360515481198714127e-01,6.650609721625816428e-02,5.829575329372138626e-02,6.650630204816053437e-02,5.561000000000000838e-03
1.345000000000000107e+01,-1.451822784123564469e+00,9.308300205488700962e-01,-3.006394437656273677e+00,-1.451822784123564469e+00,9.308300205488700962e-01,-3.006394437656273677e+00,-1.457937254842823105e+00,9.980267284282715590e-01,-3.050134194394636289e+00,3.702713035757165261e-01,6.315464426493287986e-01,6.747430604408573285e-02,4.373975673836261180e-02,6.747432327935039276e-02,5.440999999999999656e-03
1.350000000000000000e+01,-1.470124962259844681e+00,9.280454395351881436e-01,-2.974817115523807232e+00,-1.470124962259844681e+00,9.280454395351881436e-01,-2.974817115523807232e+00,-1.479262189957220031e+00,9.955619646030798853e-01,-3.002678949097498329e+00,3.640812338256567138e-01,6.270649126953421471e-01,6.813134602475717783e-02,2.786183357369109714e-02,6.813200486729373284e-02,5.630999999999999721e-03
1.355000000000000071e+01,-1.488026134703572589e+00,9.247426011827866166e-01,-2.943463869889040296e+00,-1.488026134703572589e+00,9.247426011827866166e-01,-2.943463869889040296e+00,-1.500222139260919629e+00,9.921147013144777649e-01,-2.954314537334558732e+00,3.639753393597452980e-01,6.333633612666815793e-01,6.846479203290063709e-02,1.085066744551843598e-02,6.846708992879314837e-02,5.661000000000000233e-03
1.360000000000000142e+01,-1.505809174593596866e+00,9.208785445751643817e-01,-2.911795701825706129e+00,-1.505809174593596866e+00,9.208785445751643817e-01,-2.911795701825706129e+00,-1.520811931200061196e+00,9.876883405951378814e-01,-2.905250519728246772e+00,3.595857129222855830e-01,6.303136966425958443e-01,6.846541351703926137e-02,-6.545182097459356640e-03,6.847358286246803261e-02,5.490000000000000088e-03
1.365000000000000036e+01,-1.523248406797079957e+00,9.165080597468875379e-01,-2.880280016993576275e+00,-1.523248406797079957e+00,9.165080597468875379e-01,-2.880280016993576275e+00,-1.541026485551578729e+00,9.822872507286886101e-01,-2.855713690087236412e+00,3.561678794485833022e-01,6.274698044756837900e-01,6.812292024492280773e-02,-2.456632690633986371e-02,6.813928419363840527e-02,5.471000000000001036e-03
1.370000000000000107e+01,-1.540377248481007211e+00,9.116381864335051377e-01,-2.848906526769792169e+00,-1.540377248481007211e+00,9.116381864335051377e-01,-2.848906526769792169e+00,-1.560860814676660713e+00,9.759167619387469905e-01,-2.805942088609573837e+00,3.537242528668088637e-01,6.249205162768961541e-01,6.743853701854693461e-02,-4.296443816021833229e-02,6.746341047615957154e-02,5.781000000000000548e-03
1.375000000000000000e+01,-1.557228835638094555e+00,9.062715599928543586e-01,-2.817660500955947445e+00,-1.557228835638094555e+00,9.062715599928543586e-01,-2.817660500955947445e+00,-1.580310024751380826e+00,9.685831611286310761e-01,-2.756178217799814423e+00,3.567709917908988837e-01,6.358755109128654270e-01,6.641780697497000341e-02,-6.148228315613302186e-02,6.644905512486551369e-02,5.661000000000000233e-03
1.380000000000000071e+01,-1.574046519913470554e+00,9.003257595765039589e-01,-2.785866725410304223e+00,-1.574046519913470554e+00,9.003257595765039589e-01,-2.785866725410304223e+00,-1.599369316974180943e+00,9.602936856769430651e-01,-2.706661930051134313e+00,3.561968608382425905e-01,6.342922030014157553e-01,6.505456539087681178e-02,-7.920479535916991054e-02,6.509528563395085288e-02,5.540000000000000653e-03
1.385000000000000142e+01,-1.590640210830715606e+00,8.938594356189065726e-01,-2.754152115260233291e+00,-1.590640210830715606e+00,8.938594356189065726e-01,-2.754152115260233291e+00,-1.618033988749894680e+00,9.510565162951536422e-01,-2.657623499136292367e+00,3.565620888548813872e-01,6.328988696795353475e-01,6.337450518663548249e-02,-9.652861612394092461e-02,6.341864951708148235e-02,5.921000000000000915e-03
1.390000000000000036e+01,-1.607037557107420023e+00,8.868635925627342820e-01,-2.722507171776256563e+00,-1.607037557107420023e+00,8.868635925627342820e-01,-2.722507171776256563e+00,-1.636299434850047696e+00,9.408807689542250108e-01,-2.609277363450283271e+00,3.578368689856780693e-01,6.316767231405147065e-01,6.139432218630514609e-02,-1.132298083259732913e-01,6.143380856119790012e-02,5.440000000000000391e-03
1.395000000000000107e+01,-1.623263383760818801e+00,8.793260862465902550e-01,-2.690923335619230805e+00,-1.623263383760818801e+00,8.793260862465902550e-01,-2.690923335619230805e+00,-1.654161148549124327e+00,9.297764858882510142e-01,-2.561816941836498884e+00,3.639155521822682871e-01,6.452530475885671635e-01,5.913299262021710911e-02,-1.291063937827319208e-01,5.916007685015915035e-02,5.581000000000000023e-03
1.400000000000000000e+01,-1.639511738942100116e+00,8.711377677802136787e-01,-2.658660683239802314e+00,-1.639511738942100116e+00,8.711377677802136787e-01,-2.658660683239802314e+00,-1.671614722736540104e+00,9.177546256839814731e-01,-2.515410790842174560e+00,3.668750830352294767e-01,6.440242763672052728e-01,5.658641449467387285e-02,-1.432498923976277538e-01,5.660152833030353964e-02,5.481000000000000628e-03
1.405000000000000071e+01,-1.655617702257486279e+00,8.623592606900258861e-01,-2.626459469421442261e+00,-1.655617702257486279e+00,8.623592606900258861e-01,-2.626459469421442261e+00,-1.688655851004029707e+00,9.048270524660200209e-01,-2.470200220386371548e+00,3.706255715329859202e-01,6.427137854972375663e-01,5.380268790609991914e-02,-1.562592490350707131e-01,5.380550725462891065e-02,6.352000000000000007e-03
1.410000000000000142e+01,-1.671594669958992974e+00,8.529722890510619271e-01,-2.594323780146580383e+00,-1.671594669958992974e+00,8.529722890510619271e-01,-2.594323780146580383e+00,-1.705280328708184800e+00,8.910065241883675657e-01,-2.426298338943760680e+00,3.786325621774184191e-01,6.566190523498923737e-01,5.080444338508663393e-02,-1.680254412028197031e-01,5.080675789544988191e-02,5.540000000000000653e-03
1.415000000000000036e+01,-1.687596710526353849e+00,8.428574954953446108e-01,-2.561492827529085581e+00,-1.687596710526353849e+00,8.428574954953446108e-01,-2.561492827529085581e+00,-1.721484054007887510e+00,8.763066800438633619e-01,-2.383790380104096940e+00,3.838062667362724945e-01,6.545017979829764743e-01,4.758743806296498319e-02,-1.777024474249886410e-01,4.761512359740660560e-02,5.671000000000000693e-03
1.420000000000000107e+01,-1.703472684520950908e+00,8.320784087514289107e-01,-2.528767737629936896e+00,-1.703472684520950908e+00,8.320784087514289107e-01,-2.528767737629936896e+00,-1.737263028876382620e+00,8.607420270039435328e-01,-2.342735081697068900e+00,3.896131026332799729e-01,6.520714735527264327e-01,4.420641127285489247e-02,-1.860326559328679963e-01,4.431016117082565292e-02,5.420000000000000338e-03
1.425000000000000000e+01,-1.719222908890111867e+00,8.206157414755318458e-01,-2.496164163952300452e+00,-1.719222908890111867e+00,8.206157414755318458e-01,-2.496164163952300452e+00,-1.752613360087727168e+00,8.443279255020150753e-01,-2.303166849242192615e+00,3.959940916669519861e-01,6.492879472370391980e-01,4.068363253510084293e-02,-1.929973147101078368e-01,4.095350903751882043e-02,5.449999999999999983e-03
1.430000000000000071e+01,-1.734843654166184912e+00,8.084507840682909618e-01,-2.463699766590448537e+00,-1.734843654166184912e+00,8.084507840682909618e-01,-2.463699766590448537e+00,-1.767531260177386709e+00,8.270805742745619416e-01,-2.265098432522958838e+00,4.058695395394256167e-01,6.619537357299235536e-01,3.704069701254548291e-02,-1.986013340674896988e-01,3.762377798511502142e-02,5.479999999999999628e-03
1.435000000000000142e+01,-1.750436675175011336e+00,7.954644331460161144e-01,-2.430602079803952265e+00,-1.750436675175011336e+00,7.954644331460161144e-01,-2.430602079803952265e+00,-1.782013048376735576e+00,8.090169943749476733e-01,-2.228523868394608698e+00,4.132378332853955394e-01,6.575668889871087996e-01,3.327397224399269299e-02,-2.020782114093435666e-01,3.436188674154123934e-02,5.500000000000000548e-03
1.440000000000000036e+01,-1.765868056968809663e+00,7.817258827434002688e-01,-2.397723735354596819e+00,-1.765868056968809663e+00,7.817258827434002688e-01,-2.397723735354596819e+00,-1.796055151521231075e+00,7.901550123756906352e-01,-2.193421483935332983e+00,4.210012379502471869e-01,6.527098121941662390e-01,2.943810981071452726e-02,-2.043022514192638361e-01,3.134183951006682539e-02,5.340000000000000129e-03
1.445000000000000107e+01,-1.781122515644572912e+00,7.672218395333818552e-01,-2.365088244744888435e+00,-1.781122515644572912e+00,7.672218395333818552e-01,-2.365088244744888435e+00,-1.796055151521231075e+00,7.901550123756906352e-01,-2.193421483935332983e+00,4.248853427153280737e-01,6.423968653302876142e-01,2.550446377915108892e-02,-1.716667608095554520e-01,2.736629369936797659e-02,5.460000000000000443e-03
1.450000000000000000e+01,-1.796035805193811452e+00,7.520932612545491169e-01,-2.332968401478374254e+00,-1.796035805193811452e+00,7.520932612545491169e-01,-2.332968401478374254e+00,-1.809654104932039598e+00,7.705132427757885871e-01,-2.159756802087212879e+00,4.329488085935372377e-01,6.369629510256052951e-01,2.155611262809839501e-02,-1.732115993911613749e-01,2.290750547316377714e-02,5.540000000000000653e-03
1.455000000000000071e+01,-1.810731386199492476e+00,7.361994899014931981e-01,-2.301120253927094073e+00,-1.810731386199492476e+00,7.361994899014931981e-01,-2.301120253927094073e+00,-1.822806553270890140e+00,7.501110696304601477e-01,-2.127485239566102138e+00,4.435996844739489853e-01,6.474279711693563533e-01,1.760250080531188671e-02,-1.736350143609919350e-01,1.842122988178505200e-02,5.380000000000000233e-03
1.460000000000000142e+01,-1.825257897550892627e+00,7.194397402126025964e-01,-2.268748855368626138e+00,-1.825257897550892627e+00,7.194397402126025964e-01,-2.268748855368626138e+00,-1.835509251367962502e+00,7.289686274214109973e-01,-2.096554529215124418e+00,4.521868940247734669e-01,6.398756387884144692e-01,1.364909624380421932e-02,-1.721943261535017200e-01,1.399606896671152546e-02,5.460000000000000443e-03
1.465000000000000036e+01,-1.839508241682537015e+00,7.018879153079479183e-01,-2.236755073429205432e+00,-1.839508241682537015e+00,7.018879153079479183e-01,-2.236755073429205432e+00,-1.847759065022573699e+00,7.071067811865471286e-01,-2.066906833657933262e+00,4.609273014692696901e-01,6.318680724240308688e-01,9.740334251564985654e-03,-1.698482397712721692e-01,9.762819615628529762e-03,5.389999999999999826e-03
1.470000000000000107e+01,-1.853457981176837244e+00,6.835441007223302945e-01,-2.205161669808004099e+00,-1.853457981176837244e+00,6.835441007223302945e-01,-2.205161669808004099e+00,-1.859552971776502917e+00,6.845471059286883930e-01,-2.038480543411676393e+00,4.697649596517851633e-01,6.234365424591157279e-01,5.892653304861449753e-03,-1.666811263963277057e-01,6.176967690865346056e-03,5.540999999999999918e-03
1.475000000000000000e+01,-1.867081584229130398e+00,6.644116528477447270e-01,-2.173989842685048135e+00,-1.867081584229130398e+00,6.644116528477447270e-01,-2.173989842685048135e+00,-1.870888061659734758e+00,6.613118653236517153e-01,-2.011211771068128762e+00,4.786460860243738069e-01,6.146171171123250287e-01,2.121756062262377361e-03,-1.627780716169193731e-01,4.908966604512914403e-03,5.460000000000000443e-03
1.480000000000000071e+01,-1.880352840580644669e+00,6.444972392160039920e-01,-2.143258986829431834e+00,-1.880352840580644669e+00,6.444972392160039920e-01,-2.143258986829431834e+00,-1.881761537908450910e+00,6.374239897486897455e-01,-1.985035564911764361e+00,4.892833874715157849e-01,6.214287568141531048e-01,-1.557384206885715572e-03,-1.582234219176674728e-01,7.212162379496853473e-03,5.389999999999999826e-03
1.485000000000000142e+01,-1.893283591764884033e+00,6.237308455035184274e-01,-2.112187548988724295e+00,-1.893283591764884033e+00,6.237308455035184274e-01,-2.112187548988724295e+00,-1.892170717655091261e+00,6.129070536529752644e-01,-1.959886871818177001e+00,4.981600293975261828e-01,6.104838047072100871e-01,-5.135665706884989974e-03,-1.523006771705475160e-01,1.088085285297672039e-02,5.611000000000000536e-03
1.490000000000000036e+01,-1.905791649087714479e+00,6.021923016850209143e-01,-2.081663358753363724e+00,-1.905791649087714479e+00,6.021923016850209143e-01,-2.081663358753363724e+00,-1.902113032590307062e+00,5.877852522924733591e-01,-1.935701281842189481e+00,5.069278068043020502e-01,5.993144206620555359e-01,-8.577714845589633208e-03,-1.459620769111742433e-01,1.486927340303832376e-02,6.883000000000001097e-03
1.495000000000000107e+01,-1.917851251408601021e+00,5.798997598006900844e-01,-2.051697637720260925e+00,-1.917851251408601021e+00,5.798997598006900844e-01,-2.051697637720260925e+00,-1.902113032590307062e+00,5.877852522924733591e-01,-1.935701281842189481e+00,5.100815804593430425e-01,5.884085571797850189e-01,-1.188795716333741065e-02,-1.159963558780714443e-01,1.760319639754304513e-02,5.501000000000000681e-03
1.500000000000000000e+01,-1.929314592778001103e+00,5.571181238807723091e-01,-2.022277209861271796e+00,-1.929314592778001103e+00,5.571181238807723091e-01,-2.022277209861271796e+00,-1.911586029596660019e+00,5.620833778521310276e-01,-1.912415586767248543e+00,5.186330483789846069e-01,5.767575559107692706e-01,-1.504066456304087480e-02,-1.098616230940230309e-01,1.841074956309210822e-02,5.621000000000000128e-03
1.505000000000000071e+01,-1.940290547226513285e+00,5.336248818676531114e-01,-1.993439332065733316e+00,-1.940290547226513285e+00,5.336248818676531114e-01,-1.993439332065733316e+00,-1.920587371353885908e+00,5.358267949789972118e-01,-1.889968183021274895e+00,5.269844471024442978e-01,5.650369832485283572e-01,-1.801716170966826888e-02,-1.034711490444584214e-01,1.982583064634605916e-02,5.389999999999999826e-03
1.510000000000000142e+01,-1.950757398034776768e+00,5.094447169649100049e-01,-1.965187482903306915e+00,-1.950757398034776768e+00,5.094447169649100049e-01,-1.965187482903306915e+00,-1.929114836915596376e+00,5.090414157503705406e-01,-1.868299346513839110e+00,5.350976874755416501e-01,5.533032887024528224e-01,-2.081005533448030895e-02,-9.688813638946758289e-02,2.164631847837197171e-02,5.491000000000000221e-03
1.515000000000000036e+01,-1.960694892345406393e+00,4.846047413102959056e-01,-1.937522318468184235e+00,-1.960694892345406393e+00,4.846047413102959056e-01,-1.937522318468184235e+00,-1.937166322257262374e+00,4.817536741017146573e-01,-1.847351403644320378e+00,5.429375269682154004e-01,5.416126597897097383e-01,-2.341299044761780551e-02,-9.017091482386385692e-02,2.370067920167168163e-02,5.440000000000000391e-03
1.520000000000000107e+01,-1.970084400448237849e+00,4.591342682782964535e-01,-1.910441685478698748e+00,-1.970084400448237849e+00,4.591342682782964535e-01,-1.910441685478698748e+00,-1.944739840795352892e+00,4.539904997395479147e-01,-1.827068819336153060e+00,5.504715213664879148e-01,5.300205611505010017e-01,-2.582066985586543850e-02,-8.337286614254590944e-02,2.586126560667252605e-02,5.440000000000000391e-03
1.525000000000000000e+01,-1.978909034672118095e+00,4.330645782972873392e-01,-1.883940657421173670e+00,-1.978909034672118095e+00,4.330645782972873392e-01,-1.883940657421173670e+00,-1.951833523877494869e+00,4.257792915650723264e-01,-1.807398219694992703e+00,5.576699596434618877e-01,5.185813358483796209e-01,-2.802886510155424768e-02,-7.654243772618096742e-02,2.803852149383677730e-02,5.410000000000000746e-03
1.530000000000000071e+01,-1.987153730121046902e+00,4.064286833857938541e-01,-1.858011590628754650e+00,-1.987153730121046902e+00,4.064286833857938541e-01,-1.858011590628754650e+00,-1.958445621243531498e+00,3.971478906347804538e-01,-1.788288363900391698e+00,5.645057848761956265e-01,5.073478709892355054e-01,-3.003441707226255086e-02,-6.972322672836295254e-02,3.017098986461235616e-02,5.520999999999999866e-03
1.535000000000000142e+01,-1.994805290102510398e+00,3.792610949376311047e-01,-1.832644197079292825e+00,-1.994805290102510398e+00,3.792610949376311047e-01,-1.832644197079292825e+00,-1.964574501457377442e+00,3.681245526846779748e-01,-1.769690077286353080e+00,5.719340425196473010e-01,5.092613090079186611e-01,-3.183522532662155097e-02,-6.295411979293952243e-02,3.221681479380775204e-02,5.420000000000000338e-03
1.540000000000000036e+01,-2.001855549948656332e+00,3.515479026850815703e-01,-1.807181131628896820e+00,-2.001855549948656332e+00,3.515479026850815703e-01,-1.807181131628896820e+00,-1.970218652309547736e+00,3.387379202452915350e-01,-1.751556155262603776e+00,5.780509052846670714e-01,4.967785528278467200e-01,-3.342439075644299679e-02,-5.562497636629304409e-02,3.413193434798508785e-02,5.420000000000000338e-03
1.545000000000000107e+01,-2.008274572700465832e+00,3.233679395695308045e-01,-1.782342203987504536e+00,-2.008274572700465832e+00,3.233679395695308045e-01,-1.782342203987504536e+00,-1.975376681190275319e+00,3.090169943749477843e-01,-1.733841245767693495e+00,5.837295213647580860e-01,4.847499248603550637e-01,-3.479108191600557148e-02,-4.850095821981081912e-02,3.589179424038579230e-02,5.440000000000000391e-03
1.550000000000000000e+01,-2.014056501094795060e+00,2.947606330190408186e-01,-1.758104707744486683e+00,-2.014056501094795060e+00,2.947606330190408186e-01,-1.758104707744486683e+00,-1.980047315433115074e+00,2.789911060392297748e-01,-1.716501716299272839e+00,5.889531226535230646e-01,4.732200746514330647e-01,-3.593839898786636844e-02,-4.160299144521406589e-02,3.748736707929229556e-02,5.500000000000000548e-03
1.555000000000000071e+01,-2.019197314638303098e+00,2.657658743161626647e-01,-1.734443704011914944e+00,-2.019197314638303098e+00,2.657658743161626647e-01,-1.734443704011914944e+00,-1.984229402628955752e+00,2.486898871648537679e-01,-1.699495510204537041e+00,5.928126823412187552e-01,4.521486295452107895e-01,-3.687032015477757774e-02,-3.494819380737812509e-02,3.891457577161962222e-02,5.380000000000000233e-03
1.560000000000000142e+01,-2.023695335194513945e+00,2.364691580628029421e-01,-1.711836272534654313e+00,-2.023695335194513945e+00,2.364691580628029421e-01,-1.711836272534654313e+00,-1.987921910910359413e+00,2.181432413965416761e-01,-1.682781995795973540e+00,5.970160245897596640e-01,4.433894681670610960e-01,-3.759729838156338627e-02,-2.905427673868077321e-02,4.019424220796916081e-02,5.531000000000000326e-03
1.565000000000000036e+01,-2.027563613232572948e+00,2.068706739128043925e-01,-1.689666799126301244e+00,-2.027563613232572948e+00,2.068706739128043925e-01,-1.689666799126301244e+00,-1.987921910910359413e+00,2.181432413965416761e-01,-1.682781995795973540e+00,5.987431568689927097e-01,4.359782788951750976e-01,-3.813366369770691128e-02,-6.884803330327926574e-03,4.121329082563537916e-02,5.420000000000000338e-03
1.570000000000000107e+01,-2.030789618039803290e+00,1.771084357074025895e-01,-1.667867885181542498e+00,-2.030789618039803290e+00,1.771084357074025895e-01,-1.667867885181542498e+00,-1.991123929206159993e+00,1.873813145857239348e-01,-1.666321810950855298e+00,6.024066189228929336e-01,4.277655325047080570e-01,-3.850501940031051534e-02,-1.546074230687199957e-03,4.097436895299395865e-02,5.510000000000001008e-03
1.575000000000000000e+01,-2.033388050936740132e+00,1.471009716667591449e-01,-1.646479608556307150e+00,-2.033388050936740132e+00,1.471009716667591449e-01,-1.646479608556307150e+00,-1.993834667466255928e+00,1.564344650402320902e-01,-1.650076705123150855e+00,6.055756649615484655e-01,4.201685004781520183e-01,-3.868995660260687169e-02,3.597096566843482890e-03,4.063968802188122620e-02,5.481000000000000628e-03
1.580000000000000071e+01,-2.035360160505888860e+00,1.168870381308168283e-01,-1.625471183532399611e+00,-2.035360160505888860e+00,1.168870381308168283e-01,-1.625471183532399611e+00,-1.996053456856543118e+00,1.253332335643038975e-01,-1.634009380114820775e+00,6.082429070013807282e-01,4.132197245334807700e-01,-3.869464286315298790e-02,8.538196582421164749e-03,4.020391982230274441e-02,5.430000000000000798e-03
1.585000000000000142e+01,-2.036708301813684674e+00,8.650532983731198944e-02,-1.604810197305725605e+00,-2.036708301813684674e+00,8.650532983731198944e-02,-1.604810197305725605e+00,-1.997779749923940029e+00,9.410831331851238213e-02,-1.618083330494513472e+00,6.104025308353332457e-01,4.069499329079990790e-01,-3.852564835897615003e-02,1.327313318878786674e-02,3.966405816413579727e-02,5.410000000000000746e-03
1.590000000000000036e+01,-2.037435823888644748e+00,5.599440230956272135e-02,-1.584462700660325574e+00,-2.037435823888644748e+00,5.599440230956272135e-02,-1.584462700660325574e+00,-1.999013120731463200e+00,6.279051952931338776e-02,-1.602262684194616593e+00,6.120502123880132705e-01,4.013881918497657075e-01,-3.818986919410711361e-02,1.779998353429101954e-02,3.901911489474717276e-02,5.510000000000001008e-03
1.595000000000000107e+01,-2.037546959970431448e+00,2.539260708069982636e-02,-1.564393291067837310e+00,-2.037546959970431448e+00,2.539260708069982636e-02,-1.564393291067837310e+00,-1.999753264963321175e+00,3.141075907812847928e-02,-1.586512043544509698e+00,6.131830422960266036e-01,3.965620575542435078e-01,-3.769445220992839046e-02,2.211875247667238753e-02,3.826985152511865051e-02,6.061000000000000415e-03
1.600000000000000000e+01,-2.037046722306506741e+00,-5.261961495317359072e-03,-1.544565188190125227e+00,-2.037046722306506741e+00,-5.261961495317359072e-03,-1.544565188190125227e+00,-2.000000000000000000e+00,3.673940397442059375e-16,-1.570796326794896558e+00,6.137994590029360875e-01,3.924977208712749910e-01,-3.704672230650674081e-02,2.623113860477133130e-02,3.741854984407640833e-02,5.531000000000000326e-03
1.605000000000000071e+01,-2.035940803006057287e+00,-3.593150915112042210e-02,-1.524940302146561510e+00,-2.035940803006057287e+00,-3.593150915112042210e-02,-1.524940302146561510e+00,-1.999753264963321175e+00,-3.141075907812952012e-02,-1.555080610045277867e+00,6.128922434021915056e-01,3.868272279273902159e-01,-3.625411317084586971e-02,3.014030789871657845e-02,3.646882354583049629e-02,5.430000000000000798e-03
1.610000000000000142e+01,-2.034240109426732612e+00,-6.652841457451852403e-02,-1.505598940750191961e+00,-2.034240109426732612e+00,-6.652841457451852403e-02,-1.505598940750191961e+00,-1.999013120731462978e+00,-6.279051952931442859e-02,-1.539329969395176523e+00,6.124276392258064527e-01,3.854128689308704558e-01,-3.532714898883621696e-02,3.373102864498456199e-02,3.542474547411195857e-02,5.510000000000001008e-03
1.615000000000000213e+01,-2.031950802013990476e+00,-9.706362519434540148e-02,-1.486328297303648460e+00,-2.031950802013990476e+00,-9.706362519434540148e-02,-1.486328297303648460e+00,-1.997779749923940029e+00,-9.410831331851342296e-02,-1.523509323095284085e+00,6.114519842065574418e-01,3.847475709551199663e-01,-3.427255070344319837e-02,3.718102579163584664e-02,3.429861031039558444e-02,5.500000000000000548e-03
1.619999999999999929e+01,-2.029078612790570890e+00,-1.275005357882468549e-01,-1.467090918755892481e+00,-2.029078612790570890e+00,-1.275005357882468549e-01,-1.467090918755892481e+00,-1.996053456856543118e+00,-1.253332335643031759e-01,-1.507583273474971675e+00,6.099679562691989743e-01,3.848563011051874261e-01,-3.309610602424916531e-02,4.049235471907941530e-02,3.309619499877230336e-02,5.581000000000000023e-03
1.625000000000000000e+01,-2.025629773110394716e+00,-1.578028306278210224e-01,-1.447848103700633215e+00,-2.025629773110394716e+00,-1.578028306278210224e-01,-1.447848103700633215e+00,-1.993834667466255928e+00,-1.564344650402313686e-01,-1.491515948466644481e+00,6.067046628520877949e-01,3.876654776997673357e-01,-3.180360676840204848e-02,4.366784476601104359e-02,3.182453718914456803e-02,5.410000000000000746e-03
1.630000000000000071e+01,-2.021617962729957529e+00,-1.878711351365131565e-01,-1.428464829815644821e+00,-2.021617962729957529e+00,-1.878711351365131565e-01,-1.428464829815644821e+00,-1.991123929206159993e+00,-1.873813145857249618e-01,-1.475270842638938706e+00,6.041738771382627604e-01,3.900191697525736134e-01,-3.040172767789979524e-02,4.680601282329366342e-02,3.049796722279146319e-02,5.520999999999999866e-03
1.635000000000000142e+01,-2.017041526727282985e+00,-2.177306813264444640e-01,-1.408963871328016149e+00,-2.017041526727282985e+00,-2.177306813264444640e-01,-1.408963871328016149e+00,-1.987921910910359413e+00,-2.181432413965427031e-01,-1.458810657793819576e+00,6.011492139772047771e-01,3.931544083274242096e-01,-2.889111075279148996e-02,4.984678646580320560e-02,2.912253819873303687e-02,5.449999999999999983e-03
1.640000000000000213e+01,-2.011907209521432982e+00,-2.473458908950468271e-01,-1.389306150911644888e+00,-2.011907209521432982e+00,-2.473458908950468271e-01,-1.389306150911644888e+00,-1.984229402628955752e+00,-2.486898871648547671e-01,-1.442097143385252300e+00,5.960421778724238617e-01,4.022592779685697506e-01,-2.727640859379922705e-02,5.279099247360719005e-02,2.771041898547399809e-02,5.479999999999999628e-03
1.644999999999999929e+01,-2.006233654375033204e+00,-2.766024547057302496e-01,-1.369193187013216351e+00,-2.006233654375033204e+00,-2.766024547057302496e-01,-1.369193187013216351e+00,-1.980047315433115074e+00,-2.789911060392290532e-01,-1.425090937290524495e+00,5.920091891339005485e-01,4.073155869249983074e-01,-2.556205239145928690e-02,5.589775027730814472e-02,2.629505661477159889e-02,5.430000000000000798e-03
1.650000000000000000e+01,-2.000011557114826477e+00,-3.055410521464778095e-01,-1.348827407666966405e+00,-2.000011557114826477e+00,-3.055410521464778095e-01,-1.348827407666966405e+00,-1.975376681190275541e+00,-3.090169943749470627e-01,-1.407751407822099843e+00,5.875038720847405305e-01,4.131564173549994723e-01,-2.374393118567963423e-02,5.892400015513343803e-02,2.487889238277450274e-02,6.291999999999999850e-03
1.655000000000000071e+01,-1.993249089515322758e+00,-3.341267189229460977e-01,-1.328169586799216484e+00,-1.993249089515322758e+00,-3.341267189229460977e-01,-1.328169586799216484e+00,-1.970218652309547958e+00,-3.387379202452908689e-01,-1.390036498327185344e+00,5.805066061433161728e-01,4.280249880185766909e-01,-2.182622269361783607e-02,6.186691152796885973e-02,2.348753319368235282e-02,5.461000000000000576e-03
1.660000000000000142e+01,-1.985974711140624516e+00,-3.622251363869708474e-01,-1.306768337398287683e+00,-1.985974711140624516e+00,-3.622251363869708474e-01,-1.306768337398287683e+00,-1.964574501457377220e+00,-3.681245526846789184e-01,-1.371902576303445809e+00,5.750435377677088900e-01,4.354143546872286108e-01,-1.981268449107587842e-02,6.513423890515834813e-02,2.219847037839803305e-02,5.570000000000000298e-03
1.665000000000000213e+01,-1.978169697555768103e+00,-3.898970858590183886e-01,-1.284997619663926338e+00,-1.978169697555768103e+00,-3.898970858590183886e-01,-1.284997619663926338e+00,-1.958445621243531720e+00,-3.971478906347797877e-01,-1.353304289689401418e+00,5.666777083139448168e-01,4.536115911261300315e-01,-1.769482145097345943e-02,6.830667002547485822e-02,2.101459864634889346e-02,5.951000000000000560e-03
1.669999999999999929e+01,-1.969874116613699933e+00,-4.169887448308082223e-01,-1.262317040107619803e+00,-1.969874116613699933e+00,-4.169887448308082223e-01,-1.262317040107619803e+00,-1.951833523877494647e+00,-4.257792915650732701e-01,-1.334194433894804410e+00,5.602962145932711691e-01,4.621587928884220986e-01,-1.547747471382237075e-02,7.187739378718482897e-02,2.006830082894216563e-02,5.449999999999999983e-03
1.675000000000000000e+01,-1.961060905670800825e+00,-4.435805106674501896e-01,-1.239209100463198654e+00,-1.961060905670800825e+00,-4.435805106674501896e-01,-1.239209100463198654e+00,-1.944739840795353114e+00,-4.539904997395472486e-01,-1.314523834253639389e+00,5.534977615734554268e-01,4.713378806262866205e-01,-1.314935580050618016e-02,7.531473379044051342e-02,1.935833234423237070e-02,5.550000000000000246e-03
1.680000000000000071e+01,-1.951744012935865191e+00,-4.696392806366275208e-01,-1.215642206431884365e+00,-1.951744012935865191e+00,-4.696392806366275208e-01,-1.215642206431884365e+00,-1.944739840795353114e+00,-4.539904997395472486e-01,-1.314523834253639389e+00,5.553358139204278565e-01,4.670452069426007657e-01,-1.074202557689592046e-02,9.888162782175502485e-02,1.714475928494622881e-02,5.410000000000000746e-03
1.685000000000000142e+01,-1.941785447155250255e+00,-4.955581269979351111e-01,-1.192289946084754249e+00,-1.941785447155250255e+00,-4.955581269979351111e-01,-1.192289946084754249e+00,-1.937166322257262152e+00,-4.817536741017155455e-01,-1.294241249945475625e+00,5.449199144027693231e-01,4.921656269439969034e-01,-8.212818997996973458e-03,1.019513038607211541e-01,1.455675906880231178e-02,5.470000000000000036e-03
1.690000000000000213e+01,-1.931406675316080346e+00,-5.207491555004954975e-01,-1.167681664737554303e+00,-1.931406675316080346e+00,-5.207491555004954975e-01,-1.167681664737554303e+00,-1.929114836915596154e+00,-5.090414157503714288e-01,-1.273293307075952230e+00,5.371907034294101102e-01,5.035598760748704050e-01,-5.623095801091835058e-03,1.056116423383981484e-01,1.192994942615303519e-02,5.641000000000001048e-03
1.694999999999999929e+01,-1.920560174730192360e+00,-5.453204791075531022e-01,-1.142503670933810778e+00,-1.920560174730192360e+00,-5.453204791075531022e-01,-1.142503670933810778e+00,-1.920587371353886130e+00,-5.358267949789965456e-01,-1.251624470568524217e+00,5.291020400896515596e-01,5.152484676623557691e-01,-2.953108448795772542e-03,1.091207996347134390e-01,9.493723083656221626e-03,5.811000000000001060e-03
1.700000000000000000e+01,-1.909264126025104646e+00,-5.692418711585108815e-01,-1.116741247550693039e+00,-1.909264126025104646e+00,-5.692418711585108815e-01,-1.116741247550693039e+00,-1.911586029596659797e+00,-5.620833778521319157e-01,-1.229177066822550568e+00,5.166913424623467144e-01,5.406655891507434752e-01,-2.104611644358355023e-04,1.124358192718575289e-01,7.525640345716304649e-03,5.601000000000000076e-03
1.705000000000000071e+01,-1.897620325165666255e+00,-5.923027929722860518e-01,-1.089707968093155621e+00,-1.897620325165666255e+00,-5.923027929722860518e-01,-1.089707968093155621e+00,-1.902113032590307284e+00,-5.877852522924728040e-01,-1.205891371747590091e+00,5.079090790037110725e-01,5.510210919186114831e-01,2.584765292031382736e-03,1.161834036544346915e-01,6.371231733126034476e-03,5.460000000000000443e-03
1.710000000000000142e+01,-1.885560104063517706e+00,-6.146509328124087901e-01,-1.062156913497225297e+00,-1.885560104063517706e+00,-6.146509328124087901e-01,-1.062156913497225297e+00,-1.892170717655090817e+00,-6.129070536529760416e-01,-1.181705781771621444e+00,4.988498738923393128e-01,5.611383232075507488e-01,5.454964094089655852e-03,1.195488682743963693e-01,6.836762872865711702e-03,5.479999999999999628e-03
1.715000000000000213e+01,-1.873109379311996614e+00,-6.362626572885510257e-01,-1.034099997336847654e+00,-1.873109379311996614e+00,-6.362626572885510257e-01,-1.034099997336847654e+00,-1.881761537908451132e+00,-6.374239897486890793e-01,-1.156557088678022094e+00,4.895507419847656694e-01,5.708353398721502936e-01,8.387812052873998281e-03,1.224570913411744399e-01,8.729750366486554308e-03,5.501000000000000681e-03
1.719999999999999929e+01,-1.860295540702470163e+00,-6.571172656457003880e-01,-1.005558230343240211e+00,-1.860295540702470163e+00,-6.571172656457003880e-01,-1.005558230343240211e+00,-1.870888061659734314e+00,-6.613118653236524924e-01,-1.130380882521658137e+00,4.749190830692000542e-01,5.903530476249541081e-01,1.136994776595420115e-02,1.248226521784179255e-01,1.139281206236441614e-02,6.242000000000000152e-03
1.725000000000000000e+01,-1.847282722975874591e+00,-6.769791883462188409e-01,-9.760405779619922839e-01,-1.847282722975874591e+00,-6.769791883462188409e-01,-9.760405779619922839e-01,-1.859552971776503139e+00,-6.845471059286878379e-01,-1.103112110178119831e+00,4.652315053736152950e-01,5.963930115768359963e-01,1.436437582986111600e-02,1.270715322161275473e-01,1.441639282776276468e-02,5.449999999999999983e-03
1.730000000000000071e+01,-1.833963793929838548e+00,-6.960492412601154699e-01,-9.462209273831505563e-01,-1.833963793929838548e+00,-6.960492412601154699e-01,-9.462209273831505563e-01,-1.847759065022573921e+00,-7.071067811865465735e-01,-1.074685819931865627e+00,4.554423946944362589e-01,6.014151702714358727e-01,1.739560582060560232e-02,1.284648925487150706e-01,1.767989518483291736e-02,5.470000000000000036e-03
1.735000000000000142e+01,-1.820372010267939267e+00,-7.143192653128711544e-01,-9.161501688695787848e-01,-1.820372010267939267e+00,-7.143192653128711544e-01,-9.161501688695787848e-01,-1.835509251367962058e+00,-7.289686274214117745e-01,-1.045038124374672694e+00,4.456075448934074812e-01,6.052829243676723925e-01,2.044492089924170378e-02,1.288879555050939096e-01,2.106513418678753261e-02,6.913000000000000742e-03
1.740000000000000213e+01,-1.806540609357203175e+00,-7.317855090564454601e-01,-8.858860226511953151e-01,-1.806540609357203175e+00,-7.317855090564454601e-01,-8.858860226511953151e-01,-1.822806553270890362e+00,-7.501110696304595926e-01,-1.014107414023694531e+00,4.357868516633134903e-01,6.078926864441177580e-01,2.349275935692213962e-02,1.282213913724992160e-01,2.450320594850964248e-02,5.420000000000000338e-03
1.744999999999999929e+01,-1.792502276393301619e+00,-7.484487652746307784e-01,-8.554913883289891885e-01,-1.792502276393301619e+00,-7.484487652746307784e-01,-8.554913883289891885e-01,-1.809654104932038265e+00,-7.705132427757903635e-01,-9.818358515025762401e-01,4.260439456532534308e-01,6.091818807369907551e-01,2.651881384384090212e-02,1.263444631735870516e-01,2.794684936842431119e-02,5.440999999999999656e-03
1.750000000000000000e+01,-1.778288555020444806e+00,-7.643144090214681885e-01,-8.250322942921397562e-01,-1.778288555020444806e+00,-7.643144090214681885e-01,-8.250322942921397562e-01,-1.796055151521231297e+00,-7.901550123756901911e-01,-9.481711696544552481e-01,4.164456734448038211e-01,6.091350406212723279e-01,2.950215809359875430e-02,1.231388753623154919e-01,3.135902952790452919e-02,5.530000000000000193e-03
1.755000000000000071e+01,-1.763929221175622786e+00,-7.793923238186921676e-01,-7.945755422610760732e-01,-1.763929221175622786e+00,-7.793923238186921676e-01,-7.945755422610760732e-01,-1.796055151521231297e+00,-7.901550123756901911e-01,-9.481711696544552481e-01,4.195994195305066121e-01,6.061531631028543865e-01,3.237398462969326429e-02,1.535956273933791749e-01,3.388083330654406700e-02,5.470000000000000036e-03
1.760000000000000142e+01,-1.749006316940828532e+00,-7.941379136645829728e-01,-7.642678841059336037e-01,-1.749006316940828532e+00,-7.941379136645829728e-01,-7.642678841059336037e-01,-1.782013048376736020e+00,-8.090169943749472292e-01,-9.130687851951906353e-01,4.101092014051888057e-01,6.059115554332908937e-01,3.521686206141169673e-02,1.488009010892570316e-01,3.620540516093774530e-02,5.431000000000000064e-03
1.765000000000000213e+01,-1.733990981399136988e+00,-8.081014888597257695e-01,-7.339723063342691312e-01,-1.733990981399136988e+00,-8.081014888597257695e-01,-7.339723063342691312e-01,-1.767531260177387153e+00,-8.270805742745614975e-01,-8.764942210668307254e-01,4.068406780645530407e-01,6.061587905013864352e-01,3.791947268771388851e-02,1.425219147325615943e-01,3.853772156869641335e-02,5.500000000000000548e-03
1.769999999999999929e+01,-1.718682470461933676e+00,-8.214961206913750091e-01,-7.036643668091997483e-01,-1.718682470461933676e+00,-8.214961206913750091e-01,-7.036643668091997483e-01,-1.752613360087726724e+00,-8.443279255020156304e-01,-8.384258043476058297e-01,3.979773961156904960e-01,6.056264793208179231e-01,4.049684628261340097e-02,1.347614375384060814e-01,4.089739089121630783e-02,5.579999999999999891e-03
1.775000000000000000e+01,-1.703317450911283171e+00,-8.341393377550927468e-01,-6.733830428431586412e-01,-1.703317450911283171e+00,-8.341393377550927468e-01,-6.733830428431586412e-01,-1.737263028876382176e+00,-8.607420270039440879e-01,-7.988575718927242164e-01,3.895495556048723662e-01,6.037097368675687914e-01,4.288009430389289056e-02,1.254745290495655752e-01,4.312777919920716269e-02,5.460000000000000443e-03
1.780000000000000071e+01,-1.687910585021187071e+00,-8.460545305423873286e-01,-6.431975559997802350e-01,-1.687910585021187071e+00,-8.460545305423873286e-01,-6.431975559997802350e-01,-1.721484054007887954e+00,-8.763066800438630288e-01,-7.578022734856992848e-01,3.816292010924727807e-01,6.006234695574244054e-01,4.504954267824892028e-02,1.146047174859190498e-01,4.519259197324936028e-02,5.850000000000001033e-03
1.785000000000000142e+01,-1.672472408208028005e+00,-8.572678017370249925e-01,-6.131663825219089148e-01,-1.672472408208028005e+00,-8.572678017370249925e-01,-6.131663825219089148e-01,-1.705280328708185023e+00,-8.910065241883672327e-01,-7.152943146460319923e-01,3.742864492646706398e-01,5.966130652394496803e-01,4.698610425895342890e-02,1.021279321241230775e-01,4.706018529705687653e-02,5.559999999999999838e-03
1.790000000000000213e+01,-1.657008927449512559e+00,-8.678072826365007542e-01,-5.833357292599363753e-01,-1.657008927449512559e+00,-8.678072826365007542e-01,-5.833357292599363753e-01,-1.688655851004029929e+00,-9.048270524660196878e-01,-6.713924332034144626e-01,3.731077550430041967e-01,6.015387983687422446e-01,4.867167628923241285e-02,8.805670394347808738e-02,4.870309157226086066e-02,5.510000000000001008e-03
1.794999999999999929e+01,-1.641286412156241159e+00,-8.778471915010739313e-01,-5.532587893414993019e-01,-1.641286412156241159e+00,-8.778471915010739313e-01,-5.532587893414993019e-01,-1.671614722736539438e+00,-9.177546256839819172e-01,-6.261818627476207766e-01,3.670554023275618416e-01,5.979708787731846664e-01,5.010990603797473020e-02,7.292307340612147470e-02,5.012394363693029736e-02,5.740000000000000310e-03
1.800000000000000000e+01,-1.625529740211701712e+00,-8.872560367908507439e-01,-5.233602454028400963e-01,-1.625529740211701712e+00,-8.872560367908507439e-01,-5.233602454028400963e-01,-1.654161148549122773e+00,-9.297764858882520134e-01,-5.797757117532884585e-01,3.617691005081323241e-01,5.939620432715082554e-01,5.125731826377577516e-02,5.641546635044836222e-02,5.126154635619994959e-02,5.921000000000000915e-03
1.805000000000000071e+01,-1.609730591847603698e+00,-8.960625723681918675e-01,-4.936621432392644948e-01,-1.609730591847603698e+00,-8.960625723681918675e-01,-4.936621432392644948e-01,-1.636299434850047918e+00,-9.408807689542247887e-01,-5.323152901395076242e-01,3.623889280873296426e-01,6.022843400483839371e-01,5.210137070294572348e-02,3.865314690024312938e-02,5.210157544367369914e-02,5.660000000000000100e-03
1.810000000000000142e+01,-1.593647686320952106e+00,-9.044070122621484797e-01,-4.635479262368451536e-01,-1.593647686320952106e+00,-9.044070122621484797e-01,-4.635479262368451536e-01,-1.618033988749895125e+00,-9.510565162951534202e-01,-4.839691544535007495e-01,3.587336144146944239e-01,5.990467324809278793e-01,5.263889750515477611e-02,2.042122821665559584e-02,5.263903468606939001e-02,5.630999999999999721e-03
1.815000000000000213e+01,-1.577486131853652385e+00,-9.121854838646029640e-01,-4.335955896127989817e-01,-1.577486131853652385e+00,-9.121854838646029640e-01,-4.335955896127989817e-01,-1.599369316974180277e+00,-9.602936856769433982e-01,-4.349307235386516979e-01,3.559907692209417496e-01,5.957504042470130878e-01,5.284971836717811816e-02,1.335133925852716175e-03,5.285142261695676552e-02,5.630000000000000455e-03
1.819999999999999929e+01,-1.561224762995325754e+00,-9.194220594778285127e-01,-4.038080694004482218e-01,-1.561224762995325754e+00,-9.194220594778285127e-01,-4.038080694004482218e-01,-1.580310024751380160e+00,-9.685831611286314091e-01,-3.854144357899755846e-01,3.588111791582517807e-01,6.074033601558033180e-01,5.272975079214398814e-02,-1.839363361047263723e-02,5.273576710182272670e-02,5.611000000000000536e-03
1.825000000000000000e+01,-1.544622638935566838e+00,-9.262197351114342947e-01,-3.734379013926583113e-01,-1.544622638935566838e+00,-9.262197351114342947e-01,-3.734379013926583113e-01,-1.560860814676658936e+00,-9.759167619387475456e-01,-3.356505649802157265e-01,3.579437817146862155e-01,6.048623215981532297e-01,5.227233224647924448e-02,-3.778733641244258479e-02,5.228262452166383689e-02,5.681000000000000286e-03
1.830000000000000071e+01,-1.527862764021768127e+00,-9.324960044369110523e-01,-3.431947853127508274e-01,-1.527862764021768127e+00,-9.324960044369110523e-01,-3.431947853127508274e-01,-1.541026485551579173e+00,-9.822872507286884991e-01,-2.858789635025598130e-01,3.580727469475899483e-01,6.024175258100928909e-01,5.148260714219603240e-02,-5.731582181019101441e-02,5.150195891228655232e-02,5.751000000000000903e-03
1.835000000000000142e+01,-1.510915011484629034e+00,-9.382657254269717306e-01,-3.130739090222460774e-01,-1.510915011484629034e+00,-9.382657254269717306e-01,-3.130739090222460774e-01,-1.520811931200061640e+00,-9.876883405951377704e-01,-2.363421338615432354e-01,3.633448720945110511e-01,6.167561122303394372e-01,5.036605801983484038e-02,-7.673177516070284199e-02,5.040380848620820697e-02,5.771000000000000088e-03
1.840000000000000213e+01,-1.493547326912091577e+00,-9.435935878563914692e-01,-2.822361034107290223e-01,-1.493547326912091577e+00,-9.435935878563914692e-01,-2.822361034107290223e-01,-1.500222139260918963e+00,-9.921147013144778759e-01,-1.872781162552326073e-01,3.654611237774086918e-01,6.146313767399632644e-01,4.891545666927987063e-02,-9.495798715549641500e-02,4.897807234982357039e-02,5.651000000000000641e-03
1.844999999999999929e+01,-1.475921812987628590e+00,-9.484122560438564831e-01,-2.515045345737307869e-01,-1.475921812987628590e+00,-9.484122560438564831e-01,-2.515045345737307869e-01,-1.479262189957219364e+00,-9.955619646030799963e-01,-1.389137044922952313e-01,3.685845348713616132e-01,6.125265778312510845e-01,4.715804847320152066e-02,-1.125908300814355556e-01,4.726788693731387436e-02,5.681000000000000286e-03
1.850000000000000000e+01,-1.458004950954612688e+00,-9.527245531848789195e-01,-2.208782056821680939e-01,-1.458004950954612688e+00,-9.527245531848789195e-01,-2.208782056821680939e-01,-1.457937254842823105e+00,-9.980267284282715590e-01,-9.145845919515682709e-02,3.763570365498953296e-01,6.284452340158679373e-01,4.510665610748711835e-02,-1.294197464870112668e-01,4.530222582331477899e-02,5.751000000000000903e-03
1.855000000000000071e+01,-1.439582524607298852e+00,-9.565581702215045778e-01,-1.894559439813745527e-01,-1.439582524607298852e+00,-9.565581702215045778e-01,-1.894559439813745527e-01,-1.436252595526377851e+00,-9.995065603657316000e-01,-4.509988523380714653e-02,3.814358252934754723e-01,6.259194476555867137e-01,4.275459052826120071e-02,-1.443560587475674062e-01,4.307728686517640904e-02,5.641000000000001048e-03
1.860000000000000142e+01,-1.420798847290186906e+00,-9.598562001815841294e-01,-1.581599715985952948e-01,-1.420798847290186906e+00,-9.598562001815841294e-01,-1.581599715985952948e-01,-1.414213562373095368e+00,-1.000000000000000000e+00,0.000000000000000000e+00,3.908132488657404813e-01,6.421314825797422854e-01,4.014379981841587064e-02,-1.581599715985952948e-01,4.068034711381306873e-02,6.291999999999999850e-03
1.865000000000000213e+01,-1.401455988955694343e+00,-9.626236033758294175e-01,-1.260533974696080861e-01,-1.401455988955694343e+00,-9.626236033758294175e-01,-1.260533974696080861e-01,-1.391825593184629062e+00,-9.995065603657316000e-01,4.370663352722781170e-02,3.977549439109419049e-01,6.385769220068537866e-01,3.726851257997498140e-02,-1.697600309968358978e-01,3.811950995259941882e-02,5.640000000000000048e-03
1.869999999999999929e+01,-1.381689475336901562e+00,-9.648085124564279580e-01,-9.412455136926523025e-02,-1.381689475336901562e+00,-9.648085124564279580e-01,-9.412455136926523025e-02,-1.369094211857376564e+00,-9.980267284282714479e-01,8.591347505124380390e-02,4.055747933302778496e-01,6.346384907836899458e-01,3.417646961108103398e-02,-1.800380264205090342e-01,3.552591356278813478e-02,6.552000000000000532e-03
1.875000000000000000e+01,-1.361473649785180928e+00,-9.663938121037023432e-01,-6.239262683008073296e-02,-1.361473649785180928e+00,-9.663938121037023432e-01,-6.239262683008073296e-02,-1.369094211857376564e+00,-9.980267284282714479e-01,8.591347505124380390e-02,4.092965277602774732e-01,6.252126760232454838e-01,3.086234100526530702e-02,-1.483061018813245369e-01,3.253789116543014809e-02,5.700000000000000205e-03
1.880000000000000071e+01,-1.341032027039140706e+00,-9.673504069700280539e-01,-3.113199302891844766e-02,-1.341032027039140706e+00,-9.673504069700280539e-01,-3.113199302891844766e-02,-1.346025027019546183e+00,-9.955619646030798853e-01,1.265413517787061792e-01,4.206444879940053339e-01,6.412512687627344166e-01,2.735585095432532463e-02,-1.576733448076246269e-01,2.864999184794533513e-02,5.700000000000000205e-03
1.885000000000000142e+01,-1.320003101371501009e+00,-9.676679828451574261e-01,9.305704092184008402e-04,-1.320003101371501009e+00,-9.676679828451574261e-01,9.305704092184008402e-04,-1.322623730647304541e+00,-9.921147013144779869e-01,1.655368238699050920e-01,4.301183868802948007e-01,6.351091625862088641e-01,2.368070065801176904e-02,-1.646062534606866912e-01,2.458677981597870085e-02,6.021000000000000310e-03
1.890000000000000213e+01,-1.298501123346826214e+00,-9.673065371201770013e-01,3.268602853852886625e-02,-1.298501123346826214e+00,-9.673065371201770013e-01,3.268602853852886625e-02,-1.298896096660366872e+00,-9.876883405951376593e-01,2.028698429353830157e-01,4.403236150073036592e-01,6.283744343995695258e-01,1.988424178224081074e-02,-1.701838143968541495e-01,2.038563015484995064e-02,6.041000000000000363e-03
1.894999999999999929e+01,-1.276511624233095166e+00,-9.662415151505139299e-01,6.410475025850725928e-02,-1.276511624233095166e+00,-9.662415151505139299e-01,6.410475025850725928e-02,-1.274847979497379269e+00,-9.822872507286886101e-01,2.385309701662974291e-01,4.533895867218972198e-01,6.428904785392129950e-01,1.598449693041658140e-02,-1.744262199077901698e-01,1.613174956572832261e-02,5.720999999999999523e-03
1.900000000000000000e+01,-1.253915942423298624e+00,-9.644259689014053061e-01,9.624927418546791458e-02,-1.253915942423298624e+00,-9.644259689014053061e-01,9.624927418546791458e-02,-1.250485312671410165e+00,-9.759167619387473236e-01,2.725283905658661965e-01,4.649292678397499157e-01,6.335096178981194370e-01,1.199012070075226345e-02,-1.762791163803982819e-01,1.199197836562299925e-02,6.963000000000000439e-03
1.905000000000000071e+01,-1.230816320391109997e+00,-9.618259034580463052e-01,1.279247550803739308e-01,-1.230816320391109997e+00,-9.618259034580463052e-01,1.279247550803739308e-01,-1.225814107305952971e+00,-9.685831611286311871e-01,3.048849158476665266e-01,4.770262707359737009e-01,6.234677066486133956e-01,7.947204452281959527e-03,-1.769601607672925958e-01,8.407298435050012189e-03,5.701000000000000338e-03
1.910000000000000142e+01,-1.207211156704132371e+00,-9.584148424840995828e-01,1.590981404128046783e-01,-1.207211156704132371e+00,-9.584148424840995828e-01,1.590981404128046783e-01,-1.200840450651768254e+00,-9.602936856769431762e-01,3.356351199971934207e-01,4.913140057855499565e-01,6.358095500275063872e-01,3.872318761928129557e-03,-1.765369795843887424e-01,6.641983690805292918e-03,5.851000000000000298e-03
1.915000000000000213e+01,-1.183021650009693060e+00,-9.541380944176531820e-01,1.908886179141799921e-01,-1.183021650009693060e+00,-9.541380944176531820e-01,1.908886179141799921e-01,-1.175570504584946718e+00,-9.510565162951537532e-01,3.648227049614569673e-01,5.044059633243010987e-01,6.226617133838062701e-01,-2.203232842084533460e-04,-1.739340870472769751e-01,8.063230857775650212e-03,5.700000000000000205e-03
1.920000000000000284e+01,-1.158337933938148323e+00,-9.489683530537507128e-01,2.220217035833704777e-01,-1.158337933938148323e+00,-9.489683530537507128e-01,2.220217035833704777e-01,-1.150010504086557583e+00,-9.408807689542256769e-01,3.924981535591460791e-01,5.178680494110332599e-01,6.088988037597714564e-01,-4.287351610659681685e-03,-1.704764499757756013e-01,1.160840663054386358e-02,5.720999999999999523e-03
1.925000000000000000e+01,-1.133170794427140526e+00,-9.428829940535751186e-01,2.524666437713589673e-01,-1.133170794427140526e+00,-9.428829940535751186e-01,2.524666437713589673e-01,-1.124166755704261833e+00,-9.297764858882516803e-01,4.187166943902131955e-01,5.328596012743841426e-01,6.187725687151164333e-01,-8.313318979148533183e-03,-1.662500506188542282e-01,1.590136062136787362e-02,5.640000000000000048e-03
1.930000000000000071e+01,-1.107479476882764047e+00,-9.358297700282190990e-01,2.834052722071147556e-01,-1.107479476882764047e+00,-9.358297700282190990e-01,2.834052722071147556e-01,-1.124166755704261833e+00,-9.297764858882516803e-01,4.187166943902131955e-01,5.361607938174435262e-01,6.067455802182781799e-01,-1.231520290508169441e-02,-1.353114221830984398e-01,1.775126821794965892e-02,5.720999999999999523e-03
1.935000000000000142e+01,-1.081858489024883907e+00,-9.279442861594743297e-01,3.137425512180285203e-01,-1.081858489024883907e+00,-9.279442861594743297e-01,3.137425512180285203e-01,-1.098045635996262925e+00,-9.177546256839808070e-01,4.435365795339243355e-01,5.502435610997955528e-01,5.884653516185224253e-01,-1.615020118967779722e-02,-1.297940283158958152e-01,1.912728176398465277e-02,5.690999999999999878e-03
1.940000000000000213e+01,-1.055817992941205263e+00,-9.190697214182402819e-01,3.431658187989548026e-01,-1.055817992941205263e+00,-9.190697214182402819e-01,3.431658187989548026e-01,-1.071653589957994201e+00,-9.048270524660200209e-01,4.670176594031847372e-01,5.644927479763910405e-01,5.698261106023391198e-01,-1.984707915102555328e-02,-1.238518406042299347e-01,2.129835091646002654e-02,5.901000000000000863e-03
1.945000000000000284e+01,-1.029377890031262011e+00,-9.091956530137942361e-01,3.716571243290718307e-01,-1.029377890031262011e+00,-9.091956530137942361e-01,3.716571243290718307e-01,-1.044997129431898930e+00,-8.910065241883684539e-01,4.892202290015954524e-01,5.788514882285635821e-01,5.508798430119890011e-01,-2.339560607696697381e-02,-1.175631046725236217e-01,2.397509221843252547e-02,5.661000000000000233e-03
1.950000000000000000e+01,-1.002559472070829294e+00,-8.983148390213524515e-01,3.992011164796713807e-01,-1.002559472070829294e+00,-8.983148390213524515e-01,3.992011164796713807e-01,-1.018082831500742413e+00,-8.763066800438634729e-01,5.102041145915525711e-01,5.937837019115316251e-01,5.580904633363621414e-01,-2.678622252822221092e-02,-1.110029981118811904e-01,2.693202089648493586e-02,5.661000000000000233e-03
1.955000000000000071e+01,-9.753692380037277676e-01,-8.863950366467334696e-01,4.271056396464896210e-01,-9.753692380037277676e-01,-8.863950366467334696e-01,4.271056396464896210e-01,-9.909173368648149793e-01,-8.607420270039436438e-01,5.300279680891510914e-01,6.083255518014294427e-01,5.355731847270847057e-01,-2.999369294405301867e-02,-1.029223284426614704e-01,2.999700454924139961e-02,5.751000000000000903e-03
1.960000000000000142e+01,-9.478572982538777669e-01,-8.734263115820788403e-01,4.538842988828437619e-01,-9.478572982538777669e-01,-8.734263115820788403e-01,4.538842988828437619e-01,-9.635073482034290926e-01,-8.443279255020141871e-01,5.487487372104515870e-01,6.228033562442945037e-01,5.130690032196116857e-01,-3.298947958974194489e-02,-9.486443832760782513e-02,3.303997784333324861e-02,5.660000000000000100e-03
1.965000000000000213e+01,-9.200482406721135487e-01,-8.594151307439699128e-01,4.795377490438244017e-01,-9.200482406721135487e-01,-8.594151307439699128e-01,4.795377490438244017e-01,-9.358596285211470134e-01,-8.270805742745619416e-01,5.664212815967912817e-01,6.371709389389298428e-01,4.906384844568302817e-01,-3.576940290934274569e-02,-8.688353255296688005e-02,3.599338172200405861e-02,5.460000000000000443e-03
1.970000000000000284e+01,-8.919661916376988575e-01,-8.443713734097695323e-01,5.040696732666658519e-01,-8.919661916376988575e-01,-8.443713734097695323e-01,5.040696732666658519e-01,-9.079809994790939420e-01,-8.090169943749476733e-01,5.830981081633348495e-01,6.515007329366837574e-01,4.952634960357074068e-01,-3.833040721480814039e-02,-7.902843489666899757e-02,3.881244886804568334e-02,5.510000000000001008e-03
1.975000000000000000e+01,-8.636404124365577584e-01,-8.282863175786207011e-01,5.288328480684514332e-01,-8.636404124365577584e-01,-8.282863175786207011e-01,5.288328480684514332e-01,-8.798783397118308258e-01,-7.901550123756907462e-01,5.988292022658203706e-01,6.656643539773842155e-01,4.694576186190539957e-01,-4.064923698843612987e-02,-6.999635419736893738e-02,4.144474295584483353e-02,5.471000000000001036e-03
1.980000000000000071e+01,-8.351035091622230899e-01,-8.111583617807415214e-01,5.523057289994039998e-01,-8.351035091622230899e-01,-8.111583617807415214e-01,5.523057289994039998e-01,-8.515585831301444308e-01,-7.705132427757885871e-01,6.136619346445093548e-01,6.795731419647494942e-01,4.441298066827478741e-01,-4.270510556485178355e-02,-6.135620564510535502e-02,4.384968823397207560e-02,5.470000000000000036e-03
1.985000000000000142e+01,-8.063772042299512943e-01,-7.930117064730864973e-01,5.745122193335414629e-01,-8.063772042299512943e-01,-7.930117064730864973e-01,5.745122193335414629e-01,-8.230287172102168647e-01,-7.501110696304590375e-01,6.276410272841834725e-01,6.931943828633339022e-01,4.193295661246117523e-01,-4.450280510192113070e-02,-5.312880795064200967e-02,4.601888227711486978e-02,5.520000000000000601e-03
1.990000000000000213e+01,-7.774814198398390941e-01,-7.738731127576110591e-01,5.954786976397721254e-01,-7.774814198398390941e-01,-7.738731127576110591e-01,5.954786976397721254e-01,-7.942957812695623510e-01,-7.289686274214123296e-01,6.408085642148115824e-01,7.064983491383659553e-01,3.951007782740119656e-01,-4.604836395640223012e-02,-4.532986657503945693e-02,4.794930190939438591e-02,5.680000000000001020e-03
1.995000000000000284e+01,-7.484342322411379200e-01,-7.537716176849963423e-01,6.152337365534727986e-01,-7.484342322411379200e-01,-7.537716176849963423e-01,6.152337365534727986e-01,-7.653668647301807848e-01,-7.071067811865484609e-01,6.532040358206785413e-01,7.194580893610603711e-01,3.714814483564437553e-01,-4.734898090232212559e-02,-3.797029926720574267e-02,4.964192792827312739e-02,5.501000000000000681e-03
2.000000000000000000e+01,-7.192518696559976332e-01,-7.327382545034938355e-01,6.338078089712948504e-01,-7.192518696559976332e-01,-7.327382545034938355e-01,6.338078089712948504e-01,-7.362491053693557275e-01,-6.845471059286885041e-01,6.648644074170242391e-01,7.318481393000362267e-01,3.737706070205600861e-01,-4.841294127270052983e-02,-3.105659844572938866e-02,5.110081039332368263e-02,5.400000000000000286e-03
