time_s,x_m,y_m,yaw_rad,measured_x_m,measured_y_m,measured_yaw_rad,reference_x_m,reference_y_m,reference_yaw_rad,linear_mps,angular_radps,cross_track_error_m,heading_error_rad,position_error_m,compute_ms
0.000000000000000000e+00,0.000000000000000000e+00,0.000000000000000000e+00,7.855214548437161604e-01,0.000000000000000000e+00,0.000000000000000000e+00,7.855214548437161604e-01,0.000000000000000000e+00,0.000000000000000000e+00,7.855214548437161604e-01,7.500000000000001110e-02,-5.549940845602188699e-03,0.000000000000000000e+00,0.000000000000000000e+00,0.000000000000000000e+00,3.671900000000000858e-02
5.000000000000000278e-02,2.651691407383851770e-03,2.651609433865253270e-03,7.852439578014358545e-01,2.651691407383851770e-03,2.651609433865253270e-03,7.852439578014358545e-01,0.000000000000000000e+00,0.000000000000000000e+00,7.855214548437161604e-01,1.500000000000000222e-01,-4.271327122192470661e-03,-5.203069512323913598e-07,-2.774970422803058057e-04,3.749999987967541498e-03,1.150200000000000181e-02
1.000000000000000056e-01,7.956376177556862689e-03,7.953526000097460927e-03,7.850303914453262699e-01,7.956376177556862689e-03,7.953526000097460927e-03,7.850303914453262699e-01,0.000000000000000000e+00,0.000000000000000000e+00,7.855214548437161604e-01,2.250000000000000333e-01,-3.836316427319690255e-03,-3.402408526020743451e-06,-4.910633983898904376e-04,1.124999989835647439e-02,1.030900000000000045e-02
1.500000000000000222e-01,1.591501514914191173e-02,1.590478787051289450e-02,7.848385756239601996e-01,1.591501514914191173e-02,1.590478787051289450e-02,7.848385756239601996e-01,3.141463462364135067e-02,3.141075907812829193e-02,7.851513826996336931e-01,3.000000000000000444e-01,-8.774767437684505983e-03,-9.901838394246048614e-06,-3.128070756734935287e-04,2.192426388606194543e-02,9.568000000000000116e-03
2.000000000000000111e-01,2.652987564928988018e-02,2.650312420001292232e-02,7.843998372520761819e-01,2.652987564928988018e-02,2.650312420001292232e-02,7.843998372520761819e-01,3.141463462364135067e-02,3.141075907812829193e-02,7.851513826996336931e-01,3.750000000000000555e-01,-6.381453497310085078e-03,-1.788448188018909243e-05,-7.515454475575111815e-04,6.924286991048370088e-03,9.107000000000000511e-03
2.500000000000000000e-01,3.980347008224868061e-02,3.974601617445801260e-02,7.840807645772107648e-01,3.980347008224868061e-02,3.974601617445801260e-02,7.840807645772107648e-01,3.141463462364135067e-02,3.141075907812829193e-02,7.851513826996336931e-01,4.500000000000000666e-01,-5.753532603442884641e-03,-3.496726291750146959e-05,-1.070618122422928309e-03,1.182577994102302840e-02,8.866999999999999882e-03
3.000000000000000444e-01,5.573660375067340106e-02,5.563265357866160887e-02,7.837930879470387246e-01,5.573660375067340106e-02,5.563265357866160887e-02,7.837930879470387246e-01,6.282151815625658386e-02,6.279051952931337388e-02,7.845956463669550018e-01,5.250000000000001332e-01,-1.314389033848259274e-02,-5.966679742904455741e-05,-8.025584199162771881e-04,1.007129868000845342e-02,1.035900000000000015e-02
3.500000000000000333e-01,7.433401366660949416e-02,7.415827960365665994e-02,7.831358934301144714e-01,7.433401366660949416e-02,7.415827960365665994e-02,7.831358934301144714e-01,6.282151815625658386e-02,6.279051952931337388e-02,7.845956463669550018e-01,6.000000000000000888e-01,-9.520869096125452596e-03,-8.935962712201990510e-05,-1.459752936840530424e-03,1.617910757686372505e-02,8.967000000000001012e-03
4.000000000000000222e-01,9.560018973581196899e-02,9.531837739164787660e-02,7.826598499753081306e-01,9.560018973581196899e-02,9.531837739164787660e-02,7.826598499753081306e-01,9.421290141928533035e-02,9.410831331851432502e-02,7.836678937727570293e-01,6.750000000000000444e-01,-2.030412376395053162e-02,-1.221384556031321952e-04,-1.008043797448898715e-03,1.840875860632616452e-03,8.635999999999999580e-03
4.500000000000000111e-01,1.195423800403617176e-01,1.191056413282634008e-01,7.816446437871107378e-01,1.195423800403617176e-01,1.191056413282634008e-01,7.816446437871107378e-01,1.255810390586267478e-01,1.253332335643042583e-01,7.823658289118942122e-01,7.500000000000000000e-01,-2.815831283840010413e-02,-1.598964080476716898e-04,-7.211851247834744072e-04,8.674578248956541643e-03,8.536000000000000185e-03
5.000000000000000000e-01,1.461768150339172734e-01,1.455036836852650894e-01,7.802367281451907388e-01,1.461768150339172734e-01,1.455036836852650894e-01,7.802367281451907388e-01,1.569181914556898871e-01,1.564344650402308690e-01,7.806862214442258363e-01,8.000000000000000444e-01,-3.633166017174127571e-02,-2.061360532099537970e-04,-4.494932990350974933e-04,1.532511495762038829e-02,8.566000000000000697e-03
5.500000000000000444e-01,1.746322380955608045e-01,1.736157533064475178e-01,7.784201451366037361e-01,1.746322380955608045e-01,1.736157533064475178e-01,7.784201451366037361e-01,1.882166266370286500e-01,1.873813145857246287e-01,7.786248906646879853e-01,8.000000000000000444e-01,-4.449341818983425928e-02,-2.590951215858550843e-04,-2.047455280842491732e-04,1.933975928958517679e-02,8.465999999999999567e-03
6.000000000000000888e-01,2.031444050742789442e-01,2.016702658541593973e-01,7.761954742271122143e-01,2.031444050742789442e-01,2.016702658541593973e-01,7.761954742271122143e-01,1.882166266370286500e-01,1.873813145857246287e-01,7.786248906646879853e-01,8.000000000000000444e-01,-3.365887877793253408e-02,-3.117783348033746627e-04,-2.429416437575770971e-03,2.066428555317938870e-02,8.366000000000000172e-03
6.500000000000000222e-01,2.317113332320605568e-01,2.296690200762313283e-01,7.745125302882156504e-01,2.317113332320605568e-01,2.296690200762313283e-01,7.745125302882156504e-01,2.194686221820905392e-01,2.181432413965425365e-01,7.761766847564688376e-01,8.000000000000000444e-01,-4.934088241340663789e-02,-3.519442800623204248e-04,-1.664154468253187247e-03,1.681450409694638243e-02,8.276000000000000370e-03
7.000000000000000666e-01,2.603362932160641630e-01,2.576084340716381371e-01,7.720454861675452030e-01,2.603362932160641630e-01,2.576084340716381371e-01,7.720454861675452030e-01,2.506664671286085166e-01,2.486898871648547948e-01,7.733354552277038607e-01,8.000000000000000444e-01,-5.741704896667533531e-02,-3.726479899783443489e-04,-1.289969060158657754e-03,1.315469556812822946e-02,8.656000000000000499e-03
7.500000000000000000e-01,2.890357174332272572e-01,2.854713476073363898e-01,7.691746337192113536e-01,2.890357174332272572e-01,2.854713476073363898e-01,7.691746337192113536e-01,2.818024638751653321e-01,2.789911060392292752e-01,7.700940264136821867e-01,8.000000000000000444e-01,-6.643288332347707659e-02,-3.840005546306328801e-04,-9.193926944708330495e-04,9.711513157908959956e-03,8.326000000000001802e-03
8.000000000000000444e-01,3.178212710962217691e-01,3.132452639535422412e-01,7.658529895530374887e-01,3.178212710962217691e-01,3.132452639535422412e-01,7.658529895530374887e-01,3.128689300804617379e-01,3.090169943749473958e-01,7.664441599109093062e-01,8.000000000000000444e-01,-7.545101459174724523e-02,-3.888680510153448393e-04,-5.911703578718174867e-04,6.511831168392630612e-03,8.255999999999999450e-03
8.500000000000000888e-01,3.467051564023609922e-01,3.409168969375965808e-01,7.620804388234501126e-01,3.467051564023609922e-01,3.409168969375965808e-01,7.620804388234501126e-01,3.438582005588191048e-01,3.387379202452914240e-01,7.623765137973599337e-01,8.000000000000000444e-01,-8.460761919363496419e-02,-3.903986802445723932e-04,-2.960749739098211819e-04,3.585121615885076586e-03,9.407999999999999696e-03
9.000000000000000222e-01,3.756995328406431689e-01,3.684727266076838204e-01,7.578500578637683560e-01,3.756995328406431689e-01,3.684727266076838204e-01,7.578500578637683560e-01,3.747626291714492575e-01,3.681245526846779748e-01,7.578805964862258548e-01,8.000000000000000444e-01,-9.391914493675544706e-02,-3.911354911619902312e-04,-3.053862245749883186e-05,9.995066613136176312e-04,8.475999999999999160e-03
9.500000000000000666e-01,4.048166013744887715e-01,3.958988706992059292e-01,7.531541006169306662e-01,4.048166013744887715e-01,3.958988706992059292e-01,7.531541006169306662e-01,4.055745907130249850e-01,3.971478906347806204e-01,7.529447150598791438e-01,8.000000000000000444e-01,-1.034173407080604123e-01,-3.930771067435044749e-04,2.093855570515223974e-04,1.461026569504323509e-03,8.295999999999999555e-03
1.000000000000000000e+00,4.340686137874764650e-01,4.231810297916385188e-01,7.479832335815275179e-01,4.340686137874764650e-01,4.231810297916385188e-01,7.479832335815275179e-01,4.362864827930850731e-01,4.257792915650726595e-01,7.475559179387234465e-01,8.000000000000000444e-01,-1.131341157076518611e-01,-3.976274550602108739e-04,4.273156428040714161e-04,3.416124583402724985e-03,8.234999999999999265e-03
1.050000000000000044e+00,4.634678901434261533e-01,4.503044197587561248e-01,7.423265277961448305e-01,4.634678901434261533e-01,4.503044197587561248e-01,7.423265277961448305e-01,4.668907277118107824e-01,4.539904997395467490e-01,7.416999317587289475e-01,8.000000000000000444e-01,-1.231033725089922815e-01,-4.055535897963986891e-04,6.265960374158829893e-04,5.030209006028537808e-03,8.115000000000000685e-03
1.100000000000000089e+00,4.930268346312824956e-01,4.772537008120628088e-01,7.361713591706950943e-01,4.930268346312824956e-01,4.772537008120628088e-01,7.361713591706950943e-01,4.973797743297095897e-01,4.817536741017153235e-01,7.353610923648465914e-01,8.000000000000000444e-01,-1.333609177649921207e-01,-4.169374369143640999e-04,8.102668058485029690e-04,6.260818127507668945e-03,8.245999999999999858e-03
1.150000000000000133e+00,5.227579504310944092e-01,5.040129015648665556e-01,7.295033132824455535e-01,5.227579504310944092e-01,5.040129015648665556e-01,7.295033132824455535e-01,5.277460999307458378e-01,5.090414157503713177e-01,7.285222698794653340e-01,8.000000000000000444e-01,-1.439445861997331599e-01,-4.311223036277838684e-04,9.810434029802195255e-04,7.082908325306449919e-03,8.747000000000001302e-03
1.200000000000000178e+00,5.526738529826694668e-01,5.305653377592215447e-01,7.223060839724588789e-01,5.526738529826694668e-01,5.305653377592215447e-01,7.223060839724588789e-01,5.579822120784585504e-01,5.358267949789966567e-01,7.211647878806650702e-01,8.000000000000000444e-01,-1.548943351261096446e-01,-4.466532273347612395e-04,1.141296091793808642e-03,7.474062373660682324e-03,8.346000000000000987e-03
1.250000000000000000e+00,5.827872810785937885e-01,5.568935251428839273e-01,7.145613672161532648e-01,5.827872810785937885e-01,5.568935251428839273e-01,7.145613672161532648e-01,5.880806504646078903e-01,5.620833778521305835e-01,7.132683368307422000e-01,8.000000000000000444e-01,-1.662523347753667169e-01,-4.612103824726322167e-04,1.293030385411064742e-03,7.413118817371415134e-03,8.205000000000000487e-03
1.300000000000000044e+00,6.131111050815408747e-01,5.829790859875333409e-01,7.062487504773846680e-01,6.131111050815408747e-01,5.829790859875333409e-01,7.062487504773846680e-01,6.180339887498947915e-01,5.877852522924731371e-01,7.048108820393794716e-01,7.906260133728658657e-01,-1.780630483693069477e-01,-4.715346967885791080e-04,1.437868438005196481e-03,6.879972250153657161e-03,8.536000000000000185e-03
1.350000000000000089e+00,6.433003948290469953e-01,6.085000615671505297e-01,6.973455980589191583e-01,6.433003948290469953e-01,6.085000615671505297e-01,6.973455980589191583e-01,6.478348363962987966e-01,6.129070536529764857e-01,6.957685666376671740e-01,7.800985678846035221e-01,-1.903684840695118452e-01,-4.761703762746235906e-04,1.577031421251984256e-03,6.323190616401942743e-03,8.255999999999999450e-03
1.400000000000000133e+00,6.733183615387866583e-01,6.334057763166520694e-01,6.878271738554433412e-01,6.733183615387866583e-01,6.334057763166520694e-01,6.878271738554433412e-01,6.774758404905828479e-01,6.374239897486897455e-01,6.861156102913255062e-01,7.692263447752316630e-01,-2.032102507830281235e-01,-4.750280152430704297e-04,1.711563564117835057e-03,5.781926185972659747e-03,8.195000000000000895e-03
1.450000000000000178e+00,7.031581594215277065e-01,6.576719391759667799e-01,6.776666613162918296e-01,7.031581594215277065e-01,6.576719391759667799e-01,6.776666613162918296e-01,7.069496875585143947e-01,6.613118653236519373e-01,6.758242047084683790e-01,7.580285661565157040e-01,-2.166320385283668770e-01,-4.680853008403040860e-04,1.842456607823450554e-03,5.255925035059371905e-03,8.255999999999999450e-03
1.500000000000000000e+00,7.328129230934941063e-01,6.812748884534771676e-01,6.668350593898733081e-01,7.328129230934941063e-01,6.812748884534771676e-01,6.668350593898733081e-01,7.362491053693559495e-01,6.845471059286887261e-01,6.648644074170233509e-01,7.465256202881691561e-01,-2.306795876556785307e-01,-4.552756195276429392e-04,1.970651972849957190e-03,4.744971637220499194e-03,8.285999999999999963e-03
1.550000000000000044e+00,7.622757718246422343e-01,7.041916149522189361e-01,6.553010800070895314e-01,7.622757718246422343e-01,7.041916149522189361e-01,6.553010800070895314e-01,7.653668647301795636e-01,7.071067811865474617e-01,6.532040358206789854e-01,7.347391037513534284e-01,-2.454006642520328019e-01,-4.364899043687912004e-04,2.097044186410546018e-03,4.248888033878083642e-03,8.326000000000001802e-03
1.600000000000000089e+00,7.915398135767678367e-01,7.263997847224877846e-01,6.430310467944879704e-01,7.915398135767678367e-01,7.263997847224877846e-01,6.430310467944879704e-01,7.942957812695612407e-01,7.289686274214115524e-01,6.408085642148111383e-01,7.226918680941841755e-01,-2.608449636666584359e-01,-4.115785626880609765e-04,2.222482579676832160e-03,3.767533773642241408e-03,8.255999999999999450e-03
1.650000000000000133e+00,8.205981488608651286e-01,7.478777614125045048e-01,6.299887986111549765e-01,8.205981488608651286e-01,7.478777614125045048e-01,6.299887986111549765e-01,8.230287172102175308e-01,7.501110696304594816e-01,6.276410272841830285e-01,7.104080710977001001e-01,-2.770639297727338635e-01,-3.803535703588245640e-04,2.347771326971948014e-03,3.300807188743216155e-03,8.234999999999999265e-03
1.700000000000000178e+00,8.494438744437461386e-01,7.686046281944141079e-01,6.161356021225183888e-01,8.494438744437461386e-01,7.686046281944141079e-01,6.161356021225183888e-01,8.515585831301453190e-01,7.705132427757892533e-01,6.136619346445102430e-01,6.979132327182666629e-01,-2.941104651784953727e-01,-3.425908305595404529e-04,2.473667478008145793e-03,2.848649232280094003e-03,8.406000000000000277e-03
1.750000000000000000e+00,8.780700869392018548e-01,7.885602092430292753e-01,6.014300788635935646e-01,8.780700869392018548e-01,7.885602092430292753e-01,6.014300788635935646e-01,8.798783397118303817e-01,7.901550123756904132e-01,5.988292022658208147e-01,6.852342956293208109e-01,-3.120385031963372469e-01,-2.980329155420806744e-04,2.600876597772749932e-03,2.411052699893665493e-03,8.316000000000002210e-03
1.800000000000000044e+00,9.064698863247241389e-01,8.077250907443989103e-01,5.858281537037766107e-01,9.064698863247241389e-01,8.077250907443989103e-01,5.858281537037766107e-01,9.079809994790934979e-01,8.090169943749474513e-01,5.830981081633392904e-01,6.723996900990713010e-01,-3.309024062385323428e-01,-2.463923332337990702e-04,2.730045540437320284e-03,1.988083991166523720e-03,8.406000000000000277e-03
1.850000000000000089e+00,9.346363794313846673e-01,8.260806414096016903e-01,5.692830333918497132e-01,9.346363794313846673e-01,8.260806414096016903e-01,5.692830333918497132e-01,9.358596285211467913e-01,8.270805742745618305e-01,5.664212815967921699e-01,6.594394026875297632e-01,-3.507561486078787372e-01,-1.873554870142859390e-04,2.861751795057543291e-03,1.579937995628707958e-03,8.255000000000000185e-03
1.900000000000000133e+00,9.625626834618227212e-01,8.436090324658641615e-01,5.517452259614556986e-01,9.625626834618227212e-01,8.436090324658641615e-01,5.517452259614556986e-01,9.635073482034306469e-01,8.443279255020150753e-01,5.487487372104546957e-01,6.463850479088261158e-01,-3.716522344758619867e-01,-1.205875264399736612e-04,2.996488751001002981e-03,1.187096740566432511e-03,8.366000000000000172e-03
1.950000000000000178e+00,9.902419295992975767e-01,8.602932570917734001e-01,5.331626142376624244e-01,9.902419295992975767e-01,8.602932570917734001e-01,5.331626142376624244e-01,9.909173368648149793e-01,8.607420270039435328e-01,5.300279680891506473e-01,6.332699415623338490e-01,-3.936402945896541605e-01,-4.573831826033879309e-05,3.134646148511777142e-03,8.109065349242684188e-04,8.195000000000000895e-03
2.000000000000000000e+00,1.017667266779072932e+00,8.761171492554943319e-01,5.134805995081794805e-01,1.017667266779072932e+00,8.761171492554943319e-01,5.134805995081794805e-01,1.018082831500742635e+00,8.763066800438636950e-01,5.102041145915556797e-01,6.201291738668437414e-01,-4.167652985936899368e-01,3.755020064429161848e-05,3.276484916623800814e-03,4.567449590705192669e-04,8.366000000000000172e-03
2.050000000000000266e+00,1.044831865701590701e+00,8.910654019039969675e-01,4.926423345784951557e-01,1.044831865701590701e+00,8.910654019039969675e-01,4.926423345784951557e-01,1.044997129431897598e+00,8.910065241883677878e-01,4.892202290015981170e-01,6.069996798113080905e-01,-4.410653148422977177e-01,1.296349961851240554e-04,3.422105576897038759e-03,1.754385532106936274e-04,8.305999999999999148e-03
2.100000000000000089e+00,1.071728923174201320e+00,9.051235844368242800e-01,4.705890688363805197e-01,1.071728923174201320e+00,9.051235844368242800e-01,4.705890688363805197e-01,1.071653589957993313e+00,9.048270524660195768e-01,4.670176594031887340e-01,5.939203032390311110e-01,-4.665687477649624881e-01,2.308609184947043615e-04,3.571409433191785610e-03,3.059514719258000321e-04,8.356000000000000580e-03
2.149999999999999911e+00,1.098351666873543797e+00,9.182781593794221431e-01,4.472606314481324397e-01,1.098351666873543797e+00,9.182781593794221431e-01,4.472606314481324397e-01,1.098045635996263591e+00,9.177546256839811400e-01,4.435365795339238915e-01,5.809318500896505366e-01,-4.932909864465042094e-01,3.415473603815007793e-04,3.724051914208548197e-03,6.064177010205137105e-04,8.404999999999999277e-03
2.200000000000000178e+00,1.124693360622553318e+00,9.305164981482738629e-01,4.225960821258070155e-01,1.124693360622553318e+00,9.305164981482738629e-01,4.225960821258070155e-01,1.124166755704261167e+00,9.297764858882513472e-01,4.187166943902145277e-01,5.680771249209914942e-01,-5.212304100511079286e-01,4.619722659445733848e-04,3.879387735592487729e-03,9.082570588512450457e-04,8.436000000000000790e-03
2.250000000000000000e+00,1.150747310272490331e+00,9.418268957731468216e-01,3.965345616232518466e-01,1.150747310272490331e+00,9.418268957731468216e-01,3.965345616232518466e-01,1.150010504086557139e+00,9.408807689542255659e-01,3.924981535591443027e-01,5.554009433244235794e-01,-5.503637198521861285e-01,5.923531962808708954e-04,4.036408064107543936e-03,1.199182768851967795e-03,8.135000000000001605e-03
2.300000000000000266e+00,1.176506870268885896e+00,9.521985844114579933e-01,3.690163756306423792e-01,1.176506870268885896e+00,9.521985844114579933e-01,3.690163756306423792e-01,1.175570504584946274e+00,9.510565162951535312e-01,3.648227049614560791e-01,5.429501111605222752e-01,-5.806406084624294861e-01,7.328252353851361783e-04,4.193670669186300159e-03,1.476854859605011405e-03,8.365000000000000907e-03
2.350000000000000089e+00,1.201965450957976911e+00,9.616217454578404045e-01,3.399843452075210770e-01,1.201965450957976911e+00,9.616217454578404045e-01,3.399843452075210770e-01,1.200840450651768254e+00,9.602936856769431762e-01,3.356351199971938648e-01,5.307733597435650985e-01,-6.119778393299837305e-01,8.834156536739509302e-04,4.349225210327212210e-03,1.740508107021155378e-03,9.127000000000001431e-03
2.400000000000000355e+00,1.227116526653970308e+00,9.700875200215715033e-01,3.093854532410218461e-01,1.227116526653970308e+00,9.700875200215715033e-01,3.093854532410218461e-01,1.225814107305952971e+00,9.685831611286310761e-01,3.048849158476660826e-01,5.189212243160846727e-01,-6.442528983152198130e-01,1.044015456380361154e-03,4.500537393355763527e-03,1.989822061607231067e-03,8.285000000000000697e-03
2.450000000000000178e+00,1.251953644434506963e+00,9.775880175204947342e-01,2.771728083252607000e-01,1.251953644434506963e+00,9.775880175204947342e-01,2.771728083252607000e-01,1.250485312671410165e+00,9.759167619387473236e-01,2.725283905658684169e-01,5.074458515724591390e-01,-6.772974972237102431e-01,1.214348245921872136e-03,4.644417759392283074e-03,2.224655790463060754e-03,8.446000000000000382e-03
2.500000000000000000e+00,1.276470433560210394e+00,9.841163221293892649e-01,2.433079334640750879e-01,1.276470433560210394e+00,9.841163221293892649e-01,2.433079334640750879e-01,1.274847979497379491e+00,9.822872507286887211e-01,2.385309701662947646e-01,4.964007208960207196e-01,-7.108913559902884094e-01,1.393937233206078187e-03,4.776963297780323359e-03,2.444966129593036195e-03,8.556000000000001104e-03
2.550000000000000266e+00,1.300660615324563452e+00,9.896664968324513367e-01,2.077633656645607729e-01,1.300660615324563452e+00,9.896664968324513367e-01,2.077633656645607729e-01,1.298896096660367316e+00,9.876883405951377704e-01,2.028698429353794630e-01,4.858402637460565998e-01,-7.447568590008474265e-01,1.582071743962245106e-03,4.893522729181309927e-03,2.650778794150707770e-03,8.336000000000001395e-03
2.600000000000000089e+00,1.324518013036531272e+00,9.942335848742284155e-01,1.705255227145183738e-01,1.324518013036531272e+00,9.942335848742284155e-01,1.705255227145183738e-01,1.322623730647303875e+00,9.921147013144778759e-01,1.655368238699046479e-01,4.758193667358315837e-01,-7.785553556683330045e-01,1.777775165387247402e-03,4.988698844613725925e-03,2.842177564811561221e-03,8.396000000000000685e-03
2.650000000000000355e+00,1.348036561729470950e+00,9.978136084917182957e-01,1.315977549311018180e-01,1.348036561729470950e+00,9.978136084917182957e-01,1.315977549311018180e-01,1.346025027019546627e+00,9.955619646030799963e-01,1.265413517787048470e-01,4.663927469008372073e-01,-8.118860276238537566e-01,1.979776920901454851e-03,5.056403152396971024e-03,3.019299933837731997e-03,8.346000000000000987e-03
2.700000000000000178e+00,1.371210317091527964e+00,1.000403564950722579e+00,9.100345354990935220e-02,1.371210317091527964e+00,1.000403564950722579e+00,9.100345354990935220e-02,1.369094211857377452e+00,9.980267284282715590e-01,8.591347505124025119e-02,4.576141929680139220e-01,-8.442883333609028096e-01,2.186491666404361423e-03,5.089978498669101015e-03,3.182334554451535236e-03,8.496000000000001814e-03
2.750000000000000000e+00,1.394033463047221311e+00,1.002001420104114082e+00,4.878903688186442267e-02,1.394033463047221311e+00,1.002001420104114082e+00,4.878903688186442267e-02,1.391825593184628840e+00,9.995065603657316000e-01,4.370663352722470307e-02,4.495356744635485291e-01,-8.752490138322972513e-01,2.396009351222922433e-03,5.082403354639719595e-03,3.331518339188005266e-03,8.125000000000000278e-03
2.800000000000000266e+00,1.416500317414582932e+00,1.002606099929793215e+00,5.026586190249648922e-03,1.416500317414582932e+00,1.002606099929793215e+00,5.026586190249648922e-03,1.414213562373094923e+00,1.000000000000000000e+00,0.000000000000000000e+00,4.422063313024278131e-01,-9.042144447650597439e-01,2.606099929793215253e-03,5.026586190249648922e-03,3.467132167056662280e-03,8.305000000000001617e-03
2.850000000000000089e+00,1.438605335144840236e+00,1.002217480767989333e+00,-4.018413604800352701e-02,1.438605335144840236e+00,1.002217480767989333e+00,-4.018413604800352701e-02,1.436252595526377851e+00,9.995065603657316000e-01,-4.509988523380359382e-02,4.356713696716551509e-01,-9.306087111358660735e-01,2.814236183699025950e-03,4.915749185800066812e-03,3.589494830705256250e-03,8.226000000000000673e-03
2.900000000000000355e+00,1.460343108842694138e+00,1.000836379219984806e+00,-8.671457160479700832e-02,1.460343108842694138e+00,1.000836379219984806e+00,-8.671457160479700832e-02,1.457937254842823105e+00,9.980267284282715590e-01,-9.145845919515815936e-02,4.299709045058341395e-01,-9.538571470111504302e-01,3.017637182567636453e-03,4.743887590361151041e-03,3.698955398497030377e-03,8.165000000000000382e-03
2.950000000000000178e+00,1.481708366567678459e+00,9.984645428369898212e-01,-1.344074289553547352e-01,1.481708366567678459e+00,9.984645428369898212e-01,-1.344074289553547352e-01,1.479262189957219364e+00,9.955619646030799963e-01,-1.389137044922978959e-01,4.251388029296014337e-01,-9.734142745026593824e-01,3.213333319453843227e-03,4.506275536943160631e-03,3.795884668100997939e-03,8.276000000000000370e-03
3.000000000000000000e+00,1.502695967306362679e+00,9.951046427564569363e-01,-1.830781426804874990e-01,1.502695967306362679e+00,9.951046427564569363e-01,-1.830781426804874990e-01,1.500222139260918963e+00,9.921147013144778759e-01,-1.872781162552294987e-01,4.212015944143555068e-01,-9.887942004675687180e-01,3.398251675885620177e-03,4.199973574741999727e-03,3.880666827349095981e-03,8.075000000000000580e-03
3.050000000000000266e+00,1.523300894923920179e+00,9.907602692814366785e-01,-2.325178527038658238e-01,1.523300894923920179e+00,9.907602692814366785e-01,-2.325178527038658238e-01,1.520811931200061640e+00,9.876883405951377704e-01,-2.363421338615432354e-01,4.181775195549194968e-01,-9.996007610829318324e-01,3.569317942384468874e-03,3.824281157677411613e-03,3.953692738743098782e-03,8.095000000000001500e-03
3.100000000000000089e+00,1.543518251765942484e+00,9.854359310250671022e-01,-2.824978907580124599e-01,1.543518251765942484e+00,9.854359310250671022e-01,-2.824978907580124599e-01,1.541026485551578507e+00,9.822872507286887211e-01,-2.858789635025540399e-01,4.160757881292517224e-01,-1.005554243228242495e+00,3.723568636243151930e-03,3.381072744541580022e-03,4.015356332362949102e-03,8.316000000000002210e-03
3.150000000000000355e+00,1.563343253289623425e+00,9.791370576839752982e-01,-3.327756029194244292e-01,1.563343253289623425e+00,9.791370576839752982e-01,-3.327756029194244292e-01,1.560860814676659380e+00,9.759167619387474346e-01,-3.356505649802192792e-01,4.148961072395188632e-01,-1.006511530746647010e+00,3.858265403276185061e-03,2.874962060794850061e-03,4.066055355484911316e-03,7.945000000000000673e-03
3.200000000000000178e+00,1.582771225075642052e+00,9.718700058437221845e-01,-3.831011794567569240e-01,1.582771225075642052e+00,9.718700058437221845e-01,-3.831011794567569240e-01,1.580310024751380826e+00,9.685831611286310761e-01,-3.854144357899738083e-01,4.146285221173963143e-01,-1.002477104720415069e+00,3.971002220305819980e-03,2.313256333216884286e-03,4.106197172234415764e-03,8.064999999999999253e-03
3.250000000000000000e+00,1.601797603272404835e+00,9.636420665830598420e-01,-4.332250346927777329e-01,1.601797603272404835e+00,9.636420665830598420e-01,-4.332250346927777329e-01,1.599369316974181165e+00,9.602936856769430651e-01,-4.349307235386512538e-01,4.152535875804396759e-01,-9.936034143084435666e-01,4.059796623350658482e-03,1.705688845873520876e-03,4.136209501293209266e-03,8.275000000000001105e-03
3.300000000000000266e+00,1.620417938984174189e+00,9.544614731722040890e-01,-4.829052054081999223e-01,1.620417938984174189e+00,9.544614731722040890e-01,-4.829052054081999223e-01,1.618033988749894903e+00,9.510565162951536422e-01,-4.839691544534954204e-01,4.167428605532712549e-01,-9.801805325623809129e-01,4.123157697957340051e-03,1.063949045295498053e-03,4.156555070499294915e-03,8.105000000000001092e-03
3.350000000000000089e+00,1.638627906433133052e+00,9.443374069672365589e-01,-5.319142320363190457e-01,1.638627906433133052e+00,9.443374069672365589e-01,-5.319142320363190457e-01,1.636299434850047030e+00,9.408807689542254549e-01,-5.323152901395142855e-01,4.190596776456884109e-01,-9.626164319079406617e-01,4.160126212161031900e-03,4.010581031952398234e-04,4.167748344877901176e-03,8.096000000000000765e-03
3.400000000000000355e+00,1.656423314045953221e+00,9.332799997384901847e-01,-5.800450536317161010e-01,1.656423314045953221e+00,9.332799997384901847e-01,-5.800450536317161010e-01,1.654161148549123661e+00,9.297764858882513472e-01,-5.797757117532911231e-01,4.221601604094603610e-01,-9.414103610121747900e-01,4.170285449071780767e-03,-2.693418784249779208e-04,4.170371929919619580e-03,8.616000000000000394e-03
3.450000000000000178e+00,1.673800117084649264e+00,9.213003311053824529e-01,-6.271155716823249016e-01,1.673800117084649264e+00,9.213003311053824529e-01,-6.271155716823249016e-01,1.671614722736540548e+00,9.177546256839811400e-01,-6.261818627476221089e-01,4.259943773597921202e-01,-9.171224632510877051e-01,4.153744414639008037e-03,-9.337089347027927033e-04,4.165090082111091996e-03,8.305000000000001617e-03
3.500000000000000000e+00,1.690754430166865330e+00,9.084104203830765112e-01,-6.729716948448793978e-01,1.690754430166865330e+00,9.084104203830765112e-01,-6.729716948448793978e-01,1.688655851004030151e+00,9.048270524660194658e-01,-6.713924332034157949e-01,4.305075872782757607e-01,-8.903428681717295845e-01,4.111097634908408155e-03,-1.579261641463602928e-03,4.152656996632367141e-03,8.394999999999999685e-03
3.550000000000000266e+00,1.707282538042264264e+00,8.946232128385964710e-01,-7.174888382534660991e-01,1.707282538042264264e+00,8.946232128385964710e-01,-7.174888382534660991e-01,1.705280328708184356e+00,8.910065241883678988e-01,-7.152943146460333246e-01,4.356414921410199925e-01,-8.616630744840175771e-01,4.043367384200173380e-03,-2.194523607432774526e-03,4.133918118464476391e-03,8.305999999999999148e-03
3.600000000000000089e+00,1.723380903277574649e+00,8.799525609693433781e-01,-7.605719919776667837e-01,1.723380903277574649e+00,8.799525609693433781e-01,-7.605719919776667837e-01,1.721484054007887066e+00,8.763066800438636950e-01,-7.578022734857023934e-01,4.413354383557548388e-01,-8.316516911764071374e-01,3.951934807198324504e-03,-2.769718491964390239e-03,4.109803508039151093e-03,8.135999999999999135e-03
3.650000000000000355e+00,1.739046169967555455e+00,8.644132018563676079e-01,-8.021545765364872516e-01,1.739046169967555455e+00,8.644132018563676079e-01,-8.021545765364872516e-01,1.737263028876382398e+00,8.607420270039436438e-01,-7.988575718927242164e-01,4.475275192811117297e-01,-8.008357156493721707e-01,3.838466130528406673e-03,-3.297004643763035148e-03,4.081313140167016490e-03,8.184999999999999568e-03
3.700000000000000178e+00,1.754275163123979464e+00,8.480207318639048086e-01,-8.421963623189556714e-01,1.754275163123979464e+00,8.480207318639048086e-01,-8.421963623189556714e-01,1.752613360087727390e+00,8.443279255020149643e-01,-8.384258043476089384e-01,4.541555476444092410e-01,-7.696876863380460732e-01,3.704839253291117816e-03,-3.770557971346732984e-03,4.049494802776109313e-03,8.174999999999999975e-03
3.750000000000000000e+00,1.769064883898478602e+00,8.307915799642945354e-01,-8.806807466358579362e-01,1.769064883898478602e+00,8.307915799642945354e-01,-8.806807466358579362e-01,1.767531260177386931e+00,8.270805742745617195e-01,-8.764942210668400513e-01,4.611578813274688216e-01,-7.386183757561133323e-01,3.553074755224953571e-03,-4.186525569017884862e-03,4.015415912097325228e-03,8.316000000000002210e-03
3.800000000000000266e+00,1.783412501194979516e+00,8.127429808100328223e-01,-9.176116654236636805e-01,1.783412501194979516e+00,8.127429808100328223e-01,-9.176116654236636805e-01,1.782013048376735576e+00,8.090169943749474513e-01,-9.130687851951857503e-01,4.684740986107612803e-01,-7.079742431071415210e-01,3.385274030375100187e-03,-4.542880228477930160e-03,3.980131041175792410e-03,8.145000000000001197e-03
3.850000000000000089e+00,1.797315340487298130e+00,7.938929484163305128e-01,-9.530103775790208509e-01,1.797315340487298130e+00,7.938929484163305128e-01,-9.530103775790208509e-01,1.796055151521231297e+00,7.901550123756903021e-01,-9.481711696544556922e-01,4.760455286387777485e-01,-6.780386405048466347e-01,3.203566036778247687e-03,-4.839207924565158692e-03,3.944647268655792835e-03,8.436000000000000790e-03
3.900000000000000355e+00,1.810770870774497388e+00,7.742602510212557299e-01,-9.869123096042633492e-01,1.810770870774497388e+00,7.742602510212557299e-01,-9.869123096042633492e-01,1.809654104932039154e+00,7.705132427757892533e-01,-9.818358515025886746e-01,4.838156494802565710e-01,-6.490357233831620665e-01,3.010063159828116341e-03,-5.076458101674674595e-03,3.909889606942273943e-03,8.255000000000000185e-03
3.950000000000000178e+00,1.823776690601726758e+00,7.538643874066752737e-01,-1.019364095773421575e+00,1.823776690601726758e+00,7.538643874066752737e-01,-1.019364095773421575e+00,1.822806553270890584e+00,7.501110696304593706e-01,-1.014107414023698084e+00,4.917303700054891924e-01,-6.211360983424121240e-01,2.806825958090903260e-03,-5.256681749723490782e-03,3.876668772276041074e-03,8.115000000000000685e-03
4.000000000000000000e+00,1.836330513980560353e+00,7.327255647243259284e-01,-1.050420900690542503e+00,1.836330513980560353e+00,7.327255647243259284e-01,-1.050420900690542503e+00,1.835509251367962280e+00,7.289686274214114414e-01,-1.045038124374674471e+00,4.997382134089575212e-01,-5.944633958455260991e-01,2.595836083965303697e-03,-5.382776315868031958e-03,3.845653413515288509e-03,8.295999999999999555e-03
4.049999999999999822e+00,1.848430156895809029e+00,7.108646776928329025e-01,-1.080144070482818908e+00,1.848430156895809029e+00,7.108646776928329025e-01,-1.080144070482818908e+00,1.847759065022573477e+00,7.071067811865475727e-01,-1.074685819931865183e+00,5.077904201568740339e-01,-5.691011364689160246e-01,2.378976407562772687e-03,-5.458250550953724911e-03,3.817348615763864299e-03,8.265000000000001512e-03
4.100000000000000533e+00,1.860073524916666443e+00,6.883032889151763367e-01,-1.108599127306264975e+00,1.860073524916666443e+00,6.883032889151763367e-01,-1.108599127306264975e+00,1.859552971776502694e+00,6.845471059286888371e-01,-1.103112110178118499e+00,5.158409869870250741e-01,-5.450994369450411492e-01,2.158017269470647974e-03,-5.487017128146476352e-03,3.792082040213857422e-03,8.326000000000001802e-03
4.150000000000000355e+00,1.871258602262600768e+00,6.650636100051160460e-01,-1.135854099153517094e+00,1.871258602262600768e+00,6.650636100051160460e-01,-1.135854099153517094e+00,1.870888061659734758e+00,6.613118653236518263e-01,-1.130380882521655472e+00,5.238466567953433684e-01,-5.224812579320318173e-01,1.934607796758705534e-03,-5.473216631861621551e-03,3.769998473907829745e-03,8.166000000000001383e-03
4.200000000000000178e+00,1.881983442524221672e+00,6.411684831940472895e-01,-1.161978162050118613e+00,1.881983442524221672e+00,6.411684831940472895e-01,-1.161978162050118613e+00,1.881761537908451132e+00,6.374239897486895234e-01,-1.156557088678024758e+00,5.317668721620482097e-01,-5.012480213554317832e-01,1.710271294310263413e-03,-5.421073372093854204e-03,3.751062892145044358e-03,8.245000000000000592e-03
4.250000000000000000e+00,1.892246161114762071e+00,6.166413631042524379e-01,-1.187040563117890191e+00,1.892246161114762071e+00,6.166413631042524379e-01,-1.187040563117890191e+00,1.892170717655090595e+00,6.129070536529763746e-01,-1.181705781771627883e+00,5.395637031475591927e-01,-4.813845201765855619e-01,1.486403837808803526e-03,-5.334781346262307267e-03,3.735071457615896096e-03,8.096000000000000765e-03
4.299999999999999822e+00,1.902044929431542020e+00,5.915062984090511122e-01,-1.211109789126719516e+00,1.902044929431542020e+00,5.915062984090511122e-01,-1.211109789126719516e+00,1.902113032590307062e+00,5.877852522924732481e-01,-1.205891371747593865e+00,5.472017579828762912e-01,-4.628631104743815561e-01,1.264275322597641343e-03,-5.218417379125650513e-03,3.721669281644055666e-03,8.255000000000000185e-03
4.350000000000000533e+00,1.911377970637796464e+00,5.657879131455030297e-01,-1.234252944650438666e+00,1.911377970637796464e+00,5.657879131455030297e-01,-1.234252944650438666e+00,1.911586029596660241e+00,5.620833778521308055e-01,-1.229177066822546571e+00,5.546480834803864113e-01,-4.456472195710614592e-01,1.045032349388726276e-03,-5.075877827891872585e-03,3.710373332995469623e-03,8.075000000000000580e-03
4.400000000000000355e+00,1.920243556930247175e+00,5.395113874939966303e-01,-1.256535305628991850e+00,1.920243556930247175e+00,5.395113874939966303e-01,-1.256535305628991850e+00,1.920587371353886352e+00,5.358267949789962126e-01,-1.251624470568528880e+00,5.618720604375820882e-01,-4.296942298168733299e-01,8.297024448081003790e-04,-4.910835060463192292e-03,3.700598648799872589e-03,8.035000000000000475e-03
4.450000000000000178e+00,1.928640008132524564e+00,5.127024378864408760e-01,-1.278020017119835483e+00,1.928640008132524564e+00,5.127024378864408760e-01,-1.278020017119835483e+00,1.929114836915596154e+00,5.090414157503710957e-01,-1.273293307075958225e+00,5.688452980052691732e-01,-4.149578104052256133e-01,6.191992178655812262e-04,-4.726710043877258016e-03,3.691685990712940610e-03,8.146000000000000463e-03
4.500000000000000000e+00,1.936565691444494419e+00,4.853872963478687019e-01,-1.298767907640096864e+00,1.936565691444494419e+00,4.853872963478687019e-01,-1.298767907640096864e+00,1.937166322257262152e+00,4.817536741017152124e-01,-1.294241249945474737e+00,5.755415299289082798e-01,-4.013897733005422075e-01,4.143281412099597896e-04,-4.526657694622127082e-03,3.682929269072046478e-03,8.305999999999999148e-03
4.549999999999999822e+00,1.944019022178583800e+00,4.575926890135387226e-01,-1.318837396305124088e+00,1.944019022178583800e+00,4.575926890135387226e-01,-1.318837396305124088e+00,1.944739840795353114e+00,4.539904997395468600e-01,-1.314523834253633616e+00,5.819365147226067680e-01,-3.889415272383283662e-01,2.157927188819857558e-04,-4.313562051490471561e-03,3.673601372487664274e-03,7.995000000000000370e-03
4.600000000000000533e+00,1.950998465322777209e+00,4.293458137945456721e-01,-1.338284472667040426e+00,1.950998465322777209e+00,4.293458137945456721e-01,-1.338284472667040426e+00,1.951833523877494647e+00,4.257792915650728816e-01,-1.334194433894803744e+00,5.880079411703418302e-01,-3.775651981828651027e-01,2.420086149359341413e-05,-4.090038772236681552e-03,3.662977423235139196e-03,8.245999999999999858e-03
4.650000000000000355e+00,1.957502537783152752e+00,4.006743171896881006e-01,-1.357162732576183695e+00,1.957502537783152752e+00,4.006743171896881006e-01,-1.357162732576183695e+00,1.958445621243531498e+00,3.971478906347806204e-01,-1.353304289689402307e+00,5.937353400386646829e-01,-3.672144772966394188e-01,-1.599286629541555932e-04,-3.858442886781610071e-03,3.650354867734997323e-03,8.166000000000001383e-03
4.700000000000000178e+00,1.963529811174452355e+00,3.716062702604313039e-01,-1.375523456441015702e+00,1.963529811174452355e+00,3.716062702604313039e-01,-1.375523456441015702e+00,1.964574501457377442e+00,3.681245526846777527e-01,-1.371902576303441368e+00,5.991000025017126918e-01,-3.578452495250512011e-01,-3.361597972454990471e-04,-3.620880137574111757e-03,3.635070159508518167e-03,8.305999999999999148e-03
4.750000000000000000e+00,1.969078915043595224e+00,3.421701437999871698e-01,-1.393415718917268231e+00,1.969078915043595224e+00,3.421701437999871698e-01,-1.393415718917268231e+00,1.970218652309547958e+00,3.387379202452913129e-01,-1.390036498327183789e+00,6.040849054980709232e-01,-3.494160480563493487e-01,-5.041328480068120324e-04,-3.379220590084663911e-03,3.616512071708108747e-03,8.075000000000000580e-03
4.800000000000000711e+00,1.974148540427118181e+00,3.123947827376223341e-01,-1.410886521320085629e+00,1.974148540427118181e+00,3.123947827376223341e-01,-1.410886521320085629e+00,1.975376681190275541e+00,3.090169943749475068e-01,-1.407751407822099621e+00,6.086746440384069867e-01,-3.418883726089652630e-01,-6.635582676783949307e-04,-3.135113497986008468e-03,3.594131878096605386e-03,8.335000000000000395e-03
4.850000000000000533e+00,1.978737443658550310e+00,2.823093798260949971e-01,-1.427980939950533879e+00,1.978737443658550310e+00,2.823093798260949971e-01,-1.427980939950533879e+00,1.980047315433115074e+00,2.789911060392295528e-01,-1.425090937290525384e+00,6.128553703454936441e-01,-3.352269029290138036e-01,-8.142105931124698354e-04,-2.890002660008494928e-03,3.567450769162733726e-03,8.215000000000000080e-03
4.900000000000000355e+00,1.982844450355272237e+00,2.519434486643116200e-01,-1.444742285096984657e+00,1.982844450355272237e+00,2.519434486643116200e-01,-1.444742285096984657e+00,1.984229402628955752e+00,2.486898871648543785e-01,-1.442097143385252966e+00,6.166147396196363095e-01,-3.293996331495729346e-01,-9.559225566137803491e-04,-2.645141711731469059e-03,3.536064935932539156e-03,8.285000000000000697e-03
4.950000000000000178e+00,1.986468459526286701e+00,2.213267961095184422e-01,-1.461212266754463363e+00,1.986468459526286701e+00,2.213267961095184422e-01,-1.461212266754463363e+00,1.987921910910359413e+00,2.181432413965423145e-01,-1.458810657793825349e+00,6.199418621708212562e-01,-3.243779477533067501e-01,-1.088579376827769835e-03,-2.401608960638235146e-03,3.499648773287884849e-03,8.205000000000000487e-03
5.000000000000000000e+00,1.989608447752523546e+00,1.904894941341140346e-01,-1.477431164142128717e+00,1.989608447752523546e+00,1.904894941341140346e-01,-1.477431164142128717e+00,1.991123929206159993e+00,1.873813145857245732e-01,-1.475270842638946034e+00,6.228272616351551161e-01,-3.201366557411418623e-01,-1.212113231175192827e-03,-2.160321503182682790e-03,3.457956642490266162e-03,8.054999999999999660e-03
5.050000000000000711e+00,1.992263473399868534e+00,1.594618511819210493e-01,-1.493437996929185774e+00,1.992263473399868534e+00,1.594618511819210493e-01,-1.493437996929185774e+00,1.993834667466255928e+00,1.564344650402309800e-01,-1.491515948466642039e+00,6.252628389900184436e-01,-3.166539961627170552e-01,-1.326497907923719546e-03,-1.922048462543735070e-03,3.410823602174119923e-03,8.195000000000000895e-03
5.100000000000000533e+00,1.994432680832220139e+00,1.282743830778015071e-01,-1.509270696737321726e+00,1.994432680832220139e+00,1.282743830778015071e-01,-1.509270696737321726e+00,1.996053456856543118e+00,1.253332335643040918e-01,-1.507583273474969898e+00,6.272418420945762296e-01,-3.139116253096132514e-01,-1.431743633956054397e-03,-1.687423262351828157e-03,3.358165478615710194e-03,8.205000000000000487e-03
5.150000000000000355e+00,1.996115304597694484e+00,9.695778354310816138e-02,-1.524966278002802378e+00,1.996115304597694484e+00,9.695778354310816138e-02,-1.524966278002802378e+00,1.997779749923940029e+00,9.410831331851435277e-02,-1.523509323095280088e+00,6.287588405051122153e-01,-3.118945935366718158e-01,-1.527892073458594988e-03,-1.456954907522067799e-03,3.299978606734796371e-03,8.135999999999999135e-03
5.200000000000000178e+00,1.997310673565839023e+00,6.554289436781143841e-02,-1.540561007679635885e+00,1.997310673565839023e+00,6.554289436781143841e-02,-1.540561007679635885e+00,1.999013120731463200e+00,6.279051952931313796e-02,-1.539329969395177633e+00,6.298097053455486982e-01,-3.105913177448617057e-01,-1.615011492771458151e-03,-1.231038284458030319e-03,3.236339537709283318e-03,8.166000000000001383e-03
5.250000000000000000e+00,1.998018214997553832e+00,3.406067528837682795e-02,-1.556090573566878854e+00,1.998018214997553832e+00,3.406067528837682795e-02,-1.556090573566878854e+00,1.999753264963321175e+00,3.141075907812823642e-02,-1.555080610045283418e+00,6.303915940497875070e-01,-3.099935539759708925e-01,-1.693192087296352269e-03,-1.009963521595658165e-03,3.167404979639881334e-03,8.145000000000001197e-03
5.300000000000000711e+00,1.998237458532536426e+00,2.542173618647530775e-03,-1.571590251265677418e+00,1.998237458532536426e+00,2.542173618647530775e-03,-1.571590251265677418e+00,2.000000000000000000e+00,1.224646799147353207e-16,-1.570796326794896558e+00,6.305029398323002132e-01,-3.100963732439260823e-01,-1.762541467463573991e-03,-7.939244707806381030e-04,3.093412214994230129e-03,8.206000000000001487e-03
5.350000000000000533e+00,1.997968040081653296e+00,-2.898150632079873890e-02,-1.587095069927873636e+00,1.997968040081653296e+00,-2.898150632079873890e-02,-1.587095069927873636e+00,1.999753264963321175e+00,-3.141075907812888174e-02,-1.586512043544509476e+00,6.301434457857900684e-01,-3.108981425980320012e-01,-1.823180302166706570e-03,-5.830263833641602389e-04,3.014680221370451968e-03,1.791400000000000284e-02
5.400000000000000355e+00,1.997209705613796071e+00,-6.047923393110721940e-02,-1.602639977057775278e+00,1.997209705613796071e+00,-6.047923393110721940e-02,-1.602639977057775278e+00,1.999013120731463200e+00,-6.279051952931377634e-02,-1.602262684194615705e+00,6.293140835486800144e-01,-3.124005124246984622e-01,-1.875238119747514197e-03,-3.772928631597949334e-04,2.931611707424328084e-03,8.165000000000000382e-03
5.450000000000000178e+00,1.995962314828651385e+00,-9.191988317940912034e-02,-1.618260002679010157e+00,1.995962314828651385e+00,-9.191988317940912034e-02,-1.618260002679010157e+00,1.997779749923940029e+00,-9.410831331851454706e-02,-1.618083330494513472e+00,6.280170965295088781e-01,-3.146084100775046188e-01,-1.918849268475348539e-03,-1.766721844966845367e-04,2.844696257833486189e-03,8.045000000000000068e-03
5.500000000000000000e+00,1.994225844708468198e+00,-1.232723635185627997e-01,-1.633990423182885454e+00,1.994225844708468198e+00,-1.232723635185627997e-01,-1.633990423182885454e+00,1.996053456856543118e+00,-1.253332335643042861e-01,-1.634009380114828769e+00,6.262560077200789443e-01,-3.175300390411716633e-01,-1.954149040560804358e-03,1.895693194331471432e-05,2.754514750228347769e-03,9.617999999999999813e-03
5.550000000000000711e+00,1.992000392943418907e+00,-1.545056508436928322e-01,-1.649866925134944040e+00,1.992000392943418907e+00,-1.545056508436928322e-01,-1.649866925134944040e+00,1.993834667466255928e+00,-1.564344650402307302e-01,-1.650076705123156628e+00,6.240356321734062961e-01,-3.211768819202395764e-01,-1.981269966085866165e-03,2.097799882125883641e-04,2.661745147435252892e-03,8.155000000000000790e-03
5.600000000000000533e+00,1.989286181226554540e+00,-1.855888184485406656e-01,-1.665925769230955922e+00,1.989286181226554540e+00,-1.855888184485406656e-01,-1.665925769230955922e+00,1.991123929206159993e+00,-1.873813145857247675e-01,-1.666321810950852189e+00,6.213620942654318746e-01,-3.255637045508809058e-01,-2.000338285925628169e-03,3.960417198962673524e-04,2.567169655157962391e-03,8.064999999999999253e-03
5.650000000000000355e+00,1.986083558415654204e+00,-2.164910679463613874e-01,-1.682203954458499906e+00,1.986083558415654204e+00,-2.164910679463613874e-01,-1.682203954458499906e+00,1.987921910910359413e+00,-2.181432413965429529e-01,-1.682781995795967767e+00,6.182428499005034883e-01,-3.307085574094330016e-01,-2.011470615901426225e-03,5.780413374676385274e-04,2.471683030704730551e-03,8.215000000000000080e-03
5.700000000000000178e+00,1.982393003560477096e+00,-2.471817601219224447e-01,-1.698739382328971592e+00,1.982393003560477096e+00,-2.471817601219224447e-01,-1.698739382328971592e+00,1.984229402628955752e+00,-2.486898871648545728e-01,-1.699495510204540816e+00,6.146867138587331914e-01,-3.366327691689632307e-01,-2.014770818177248103e-03,7.561278755692235620e-04,2.376301478418190848e-03,8.186000000000000568e-03
5.750000000000000000e+00,1.978215128794980515e+00,-2.776304456831122924e-01,-1.715571020787419743e+00,1.978215128794980515e+00,-2.776304456831122924e-01,-1.715571020787419743e+00,1.980047315433115074e+00,-2.789911060392292752e-01,-1.716501716299274394e+00,6.107038925164910426e-01,-3.433609256816674282e-01,-2.010327100522082099e-03,9.306955118546511585e-04,2.282171001846095264e-03,8.266000000000000777e-03
5.800000000000000711e+00,1.973550682094938447e+00,-3.078068958827622770e-01,-1.732739067071503047e+00,1.973550682094938447e+00,-3.078068958827622770e-01,-1.732739067071503047e+00,1.975376681190275541e+00,-3.090169943749468962e-01,-1.733841245767686834e+00,6.063060221984607479e-01,-3.509208257588560809e-01,-1.998209369717265406e-03,1.102178696183564455e-03,2.190573225655644257e-03,8.255000000000000185e-03
5.850000000000000533e+00,1.968400549901991869e+00,-3.376811329835811559e-01,-1.750285108359445951e+00,1.968400549901991869e+00,-3.376811329835811559e-01,-1.750285108359445951e+00,1.970218652309547736e+00,-3.387379202452919236e-01,-1.751556155262608883e+00,6.015062134370747771e-01,-3.593434028088759447e-01,-1.978466872383460081e-03,1.271046903163153274e-03,2.102925505307922088e-03,8.075000000000000580e-03
5.900000000000000355e+00,1.962765759615391348e+00,-3.672234605415943265e-01,-1.768252278499889751e+00,1.962765759615391348e+00,-3.672234605415943265e-01,-1.768252278499889751e+00,1.964574501457377442e+00,-3.681245526846779192e-01,-1.769690077286353080e+00,5.963191014199699103e-01,-3.686625986075093842e-01,-1.951126165145160643e-03,1.437798786463329037e-03,2.020770670135092675e-03,8.226000000000000673e-03
5.950000000000000178e+00,1.956647481952426881e+00,-3.964044934861958858e-01,-1.786685408430265243e+00,1.956647481952426881e+00,-3.964044934861958858e-01,-1.786685408430265243e+00,1.958445621243531498e+00,-3.971478906347807869e-01,-1.788288363900390143e+00,5.907609028931349870e-01,-3.789151721083183766e-01,-1.916189466677503065e-03,1.602955470124900472e-03,1.945750300202565928e-03,8.145000000000001197e-03
6.000000000000000000e+00,1.950047033177646050e+00,-4.251951879778205767e-01,-1.805631167035681273e+00,1.950047033177646050e+00,-4.251951879778205767e-01,-1.805631167035681273e+00,1.951833523877494869e+00,-4.257792915650726595e-01,-1.807398219694988484e+00,5.848494797504152354e-01,-3.901404221860952370e-01,-1.873633457168479705e-03,1.767052659307211115e-03,1.879554740167754855e-03,8.025000000000000883e-03
6.050000000000000711e+00,1.942965877199252844e+00,-4.535668710273123572e-01,-1.825138188144985962e+00,1.942965877199252844e+00,-4.535668710273123572e-01,-1.825138188144985962e+00,1.944739840795353336e+00,-4.539904997395466935e-01,-1.827068819336157723e+00,5.786044094713843622e-01,-4.023797984861734456e-01,-1.823408606433296695e-03,1.930631191171983119e-03,1.823844326174553542e-03,8.155000000000000790e-03
6.100000000000000533e+00,1.935405627528383743e+00,-4.814912698642289102e-01,-1.845257178069294568e+00,1.935405627528383743e+00,-4.814912698642289102e-01,-1.845257178069294568e+00,1.937166322257262152e+00,-4.817536741017157675e-01,-1.847351403644325707e+00,5.720470624579316876e-01,-4.156763690700850944e-01,-1.765439130678917281e-03,2.094225575031138931e-03,1.780140980976302944e-03,8.315000000000001210e-03
6.150000000000000355e+00,1.927368049093057145e+00,-5.089405410444156619e-01,-1.866040996522798867e+00,1.927368049093057145e+00,-5.089405410444156619e-01,-1.866040996522798867e+00,1.929114836915596154e+00,-5.090414157503712067e-01,-1.868299346513841330e+00,5.652006861539224936e-01,-4.300741073314581775e-01,-1.699623699969751364e-03,2.258349991042685190e-03,1.749698089177727104e-03,8.135000000000001605e-03
6.200000000000000178e+00,1.918855059893263437e+00,-5.358872992900852728e-01,-1.887544701889371845e+00,1.918855059893263437e+00,-5.358872992900852728e-01,-1.887544701889371845e+00,1.920587371353886130e+00,-5.358267949789967677e-01,-1.889968183021265347e+00,5.580904955941290435e-01,-4.456169538163758381e-01,-1.625837043888608661e-03,2.423481131893723273e-03,1.733367753324441653e-03,8.156000000000001790e-03
6.250000000000000000e+00,1.909868732476696751e+00,-5.623046460580156669e-01,-1.909825549580190573e+00,1.909868732476696751e+00,-5.623046460580156669e-01,-1.909825549580190573e+00,1.911586029596660463e+00,-5.620833778521302504e-01,-1.912415586767242104e+00,5.507437697007819821e-01,-4.623476013615293034e-01,-1.543932631505366259e-03,2.590037187051308365e-03,1.731493291113601505e-03,8.145000000000001197e-03
6.300000000000000711e+00,1.900411295205819195e+00,-5.881661978329892904e-01,-1.932942929648266972e+00,1.900411295205819195e+00,-5.881661978329892904e-01,-1.932942929648266972e+00,1.902113032590307284e+00,-5.877852522924730261e-01,-1.935701281842202803e+00,5.431899522042218376e-01,-4.803059448265167286e-01,-1.453746632930185594e-03,2.758352193935831309e-03,1.743854819244879378e-03,8.234999999999999265e-03
6.350000000000000533e+00,1.890485133276173180e+00,-6.134461141437376197e-01,-1.956958226889592867e+00,1.890485133276173180e+00,-6.134461141437376197e-01,-1.956958226889592867e+00,1.892170717655090595e+00,-6.129070536529765967e-01,-1.959886871818169674e+00,5.354607554829333704e-01,-4.995271304039125559e-01,-1.355103402084899310e-03,2.928644928577028850e-03,1.769683844970599109e-03,8.025000000000000883e-03
6.400000000000000355e+00,1.880092789433070344e+00,-6.381191252967596261e-01,-1.981934583409788564e+00,1.880092789433070344e+00,-6.381191252967596261e-01,-1.981934583409788564e+00,1.881761537908450910e+00,-6.374239897486899675e-01,-1.985035564911772354e+00,5.275902648687426089e-01,-5.200391352248867616e-01,-1.247822751627853050e-03,3.100981501983568478e-03,1.807743041550725427e-03,8.276000000000000370e-03
6.450000000000000178e+00,1.869236964319167082e+00,-6.621605598186841579e-01,-2.007936540171032735e+00,1.869236964319167082e+00,-6.621605598186841579e-01,-2.007936540171032735e+00,1.870888061659734536e+00,-6.613118653236520483e-01,-2.011211771068134979e+00,5.196150400151769988e-01,-5.418598074694416233e-01,-1.131729317527762051e-03,3.275230897102243688e-03,1.856449507508007874e-03,8.105000000000001092e-03
6.500000000000000000e+00,1.857920516369432340e+00,-6.855463715893626020e-01,-2.035029530544504972e+00,1.857920516369432340e+00,-6.855463715893626020e-01,-2.035029530544504972e+00,1.859552971776502694e+00,-6.845471059286887261e-01,-2.038480543411675505e+00,5.115742087545761541e-01,-5.649933028446535443e-01,-1.006664327214307295e-03,3.451012867170533127e-03,1.914012151652970655e-03,8.174999999999999975e-03
6.550000000000000711e+00,1.846146461153462814e+00,-7.082531666345985855e-01,-2.063279195686737566e+00,1.846146461153462814e+00,-7.082531666345985855e-01,-2.063279195686737566e+00,1.847759065022573477e+00,-7.071067811865474617e-01,-2.066906833657927933e+00,5.035095474515746128e-01,-5.894258683085664696e-01,-8.725000838662936957e-04,3.627637971190367239e-03,1.978557766195885963e-03,8.276000000000000370e-03
6.600000000000000533e+00,1.833917970049471213e+00,-7.302582295282805669e-01,-2.092750489102165989e+00,1.833917970049471213e+00,-7.302582295282805669e-01,-2.092750489102165989e+00,1.835509251367962280e+00,-7.289686274214115524e-01,-2.096554529215123086e+00,4.954655401936178816e-01,-6.151209523228992060e-01,-7.291574499287880456e-04,3.804040112957096653e-03,2.048230902173792545e-03,8.085000000000000173e-03
6.650000000000000355e+00,1.821238368121698592e+00,-7.515395493278013150e-01,-2.123506536718311022e+00,1.821238368121698592e+00,-7.515395493278013150e-01,-2.123506536718311022e+00,1.822806553270890362e+00,-7.501110696304598147e-01,-2.127485239566099473e+00,4.874894072638847886e-01,-6.420136673959578877e-01,-5.766265422481609828e-04,3.978702847788451180e-03,2.121263516836717055e-03,8.236000000000000265e-03
6.700000000000000178e+00,1.808111131066522992e+00,-7.720758449336452278e-01,-2.155607220088108900e+00,1.808111131066522992e+00,-7.720758449336452278e-01,-2.155607220088108900e+00,1.809654104932038932e+00,-7.705132427757893643e-01,-2.159756802087212879e+00,4.796310912819049532e-01,-6.700047001910197642e-01,-4.149907235572513958e-04,4.149581999103979513e-03,2.196017726112656308e-03,8.305000000000001617e-03
6.750000000000000000e+00,1.794539881096129053e+00,-7.918465897243430751e-01,-2.189107455097659916e+00,1.794539881096129053e+00,-7.918465897243430751e-01,-2.189107455097659916e+00,1.796055151521231297e+00,-7.901550123756904132e-01,-2.193421483935332539e+00,4.719431872927500882e-01,-6.989538613583314852e-01,-2.444537731857885591e-04,4.314028837672623240e-03,2.271008231527201198e-03,8.206000000000001487e-03
6.800000000000000711e+00,1.780528381647032754e+00,-8.108320352735551850e-01,-2.224055148165576590e+00,1.780528381647032754e+00,-8.108320352735551850e-01,-2.224055148165576590e+00,1.782013048376735798e+00,-8.090169943749473402e-01,-2.228523868394610030e+00,4.644808011379431001e-01,-7.286735937565563814e-01,-6.536982734398955920e-05,4.468720229033440461e-03,2.344911248193906270e-03,8.276000000000000370e-03
6.850000000000000533e+00,1.766080530839251095e+00,-8.290132339108386983e-01,-2.260488827853404548e+00,1.766080530839251095e+00,-8.290132339108386983e-01,-2.260488827853404548e+00,1.767531260177386487e+00,-8.270805742745621636e-01,-2.265098432522955285e+00,4.573013189466972328e-01,-7.589229118295008902e-01,1.217247156280649740e-04,4.609604669550737555e-03,2.416565513744516839e-03,8.625999999999999987e-03
6.900000000000000355e+00,1.751200353675269605e+00,-8.463720598483595037e-01,-2.298434973444879681e+00,1.751200353675269605e+00,-8.463720598483595037e-01,-2.298434973444879681e+00,1.752613360087727390e+00,-8.443279255020148533e-01,-2.303166849242186842e+00,4.504640699492153955e-01,-7.894024174803286886e-01,3.160786280591936469e-04,4.731875797307161235e-03,2.484969285032048378e-03,8.295999999999999555e-03
6.950000000000000178e+00,1.735891993059230254e+00,-8.628912285722225572e-01,-2.337905094318895927e+00,1.735891993059230254e+00,-8.628912285722225572e-01,-2.337905094318895927e+00,1.737263028876382398e+00,-8.607420270039437549e-01,-2.342735081697066235e+00,4.440298655394530614e-01,-8.197512095069541260e-01,5.166945110782394587e-04,4.829987378170308432e-03,2.549275699685326756e-03,8.165000000000000382e-03
7.000000000000000000e+00,1.720159699835255296e+00,-8.785543142018432672e-01,-2.378892654794243722e+00,1.720159699835255296e+00,-8.785543142018432672e-01,-2.378892654794243722e+00,1.721484054007887288e+00,-8.763066800438635839e-01,-2.383790380104093387e+00,4.380604001738929165e-01,-8.495466425689850443e-01,7.223011904968311544e-04,4.897725309849665365e-03,2.608787703644129072e-03,8.206000000000001487e-03
7.050000000000000711e+00,1.704007822182783460e+00,-8.933457645681665005e-01,-2.421369986922692785e+00,1.704007822182783460e+00,-8.933457645681665005e-01,-2.421369986922692785e+00,1.705280328708184578e+00,-8.910065241883677878e-01,-2.426298338943762012e+00,4.326175048426522118e-01,-8.783079528591829499e-01,9.313329489000889225e-04,4.928352021069226652e-03,2.662952949578578643e-03,8.344999999999999987e-03
7.100000000000000533e+00,1.687440794851193804e+00,-9.072509138646681626e-01,-2.465285384565651938e+00,1.687440794851193804e+00,-9.072509138646681626e-01,-2.465285384565651938e+00,1.688655851004029929e+00,-9.048270524660197989e-01,-2.470200220386382650e+00,4.277622519099951170e-01,-9.055046973037089719e-01,1.141919121870894373e-03,4.914835820730711902e-03,2.711358614127339344e-03,8.305999999999999148e-03
7.150000000000000355e+00,1.670463128841433997e+00,-9.202559928914874066e-01,-2.510560619430837193e+00,1.670463128841433997e+00,-9.202559928914874066e-01,-2.510560619430837193e+00,1.671614722736540326e+00,-9.177546256839812511e-01,-2.515410790842171007e+00,4.235539212034295509e-01,-9.305706983109125474e-01,1.351887711650956447e-03,4.850171411333814575e-03,2.753725913382322737e-03,8.184999999999999568e-03
7.200000000000000178e+00,1.653079402216184324e+00,-9.323481371389955585e-01,-2.557089154346382731e+00,1.653079402216184324e+00,-9.323481371389955585e-01,-2.557089154346382731e+00,1.654161148549123439e+00,-9.297764858882514583e-01,-2.561816941836501993e+00,4.200488509395803871e-01,-9.529237117543133406e-01,1.558786337093440340e-03,4.727787490119261804e-03,2.789904171164471654e-03,8.025000000000000883e-03
7.250000000000000000e+00,1.635294252706450457e+00,-9.435153932217650308e-01,-2.604735339934098448e+00,1.635294252706450457e+00,-9.435153932217650308e-01,-2.604735339934098448e+00,1.636299434850046808e+00,-9.408807689542254549e-01,-2.609277363450290377e+00,4.172992123550106069e-01,-9.719903460267664830e-01,1.759922918873416727e-03,4.542023516191928678e-03,2.819864566413323413e-03,8.396000000000000685e-03
7.300000000000000711e+00,1.617112372651259733e+00,-9.537467244361943486e-01,-2.653334857235436939e+00,1.617112372651259733e+00,-9.537467244361943486e-01,-2.653334857235436939e+00,1.618033988749894903e+00,-9.510565162951535312e-01,-2.657623499136287482e+00,4.153517619818423712e-01,-9.872349176490947675e-01,1.952426948197143793e-03,4.288641900850542754e-03,2.843694089628102158e-03,8.366000000000000172e-03
7.350000000000000533e+00,1.598538506546392179e+00,-9.630320164158241436e-01,-2.702696603117891616e+00,1.598538506546392179e+00,-9.630320164158241436e-01,-2.702696603117891616e+00,1.599369316974181388e+00,-9.602936856769429541e-01,-2.706661930051141862e+00,4.142466379987368441e-01,-9.981900645198251709e-01,2.133330089839321000e-03,3.965326933250246100e-03,2.861590676953097538e-03,8.255999999999999450e-03
7.400000000000000355e+00,1.579577451105950603e+00,-9.713620839306079668e-01,-2.752606106343882697e+00,1.579577451105950603e+00,-9.713620839306079668e-01,-2.752606106343882697e+00,1.580310024751380604e+00,-9.685831611286311871e-01,-2.756178217799818864e+00,4.140162743907998544e-01,-1.004486236293461010e+00,2.299662467733426269e-03,3.572111455936166635e-03,2.873860832630048892e-03,8.174999999999999975e-03
7.450000000000000178e+00,1.560234057311872036e+00,-9.787286797633089064e-01,-2.802830418158555936e+00,1.560234057311872036e+00,-9.787286797633089064e-01,-2.802830418158555936e+00,1.560860814676659380e+00,-9.759167619387474346e-01,-2.805942088609573837e+00,4.146845064941552805e-01,-1.005876841814369094e+00,2.448558657592233255e-03,3.111670451017900518e-03,2.880921145467486844e-03,8.205000000000000487e-03
7.500000000000000000e+00,1.540513233527876613e+00,-9.851245062733707814e-01,-2.853124260249274347e+00,1.540513233527876613e+00,-9.851245062733707814e-01,-2.853124260249274347e+00,1.541026485551578507e+00,-9.822872507286887211e-01,-2.855713690087237744e+00,4.162659325934854881e-01,-1.002256009314181462e+00,2.577365623456905324e-03,2.589429837963397318e-03,2.883304816640651965e-03,8.245999999999999858e-03
7.550000000000000711e+00,1.520419948486023243e+00,-9.905432297521773455e-01,-2.903237060714983553e+00,1.520419948486023243e+00,-9.905432297521773455e-01,-2.903237060714983553e+00,1.520811931200062084e+00,-9.876883405951376593e-01,-2.905250519728249881e+00,4.187655788152562786e-01,-9.936666520221532073e-01,2.683744000195886336e-03,2.013459013266327702e-03,2.881673567059257583e-03,8.255999999999999450e-03
7.600000000000000533e+00,1.499959232900456296e+00,-9.949794970651012482e-01,-2.952920393316091019e+00,1.499959232900456296e+00,-9.949794970651012482e-01,-2.952920393316091019e+00,1.500222139260918741e+00,-9.921147013144778759e-01,-2.954314537334560065e+00,4.221788905557704030e-01,-9.802977325599470104e-01,2.765754491854106965e-03,1.394144018469045676e-03,2.876834101431874607e-03,8.205000000000000487e-03
7.650000000000000355e+00,1.479136178662680878e+00,-9.984289534876947814e-01,-3.001935279944088375e+00,1.479136178662680878e+00,-9.984289534876947814e-01,-3.001935279944088375e+00,1.479262189957219142e+00,-9.955619646030799963e-01,-3.002678949097496552e+00,4.264920464702630643e-01,-9.624710550154357280e-01,2.821922720117572055e-03,7.436691534081774080e-04,2.869756803434036531e-03,8.125000000000000278e-03
7.700000000000000178e+00,1.457955934999932035e+00,-1.000888260207337010e+00,-3.050058832694860111e+00,1.457955934999932035e+00,-1.000888260207337010e+00,-3.050058832694860111e+00,1.457937254842822883e+00,-9.980267284282715590e-01,-3.050134194394631404e+00,4.316825647060713589e-01,-9.406192842336735804e-01,2.851278341037657808e-03,7.536169977129247854e-05,2.861592750702152393e-03,8.316000000000002210e-03
7.750000000000000000e+00,1.436423701544979226e+00,-1.002355109779165199e+00,-3.097089796906543846e+00,1.436423701544979226e+00,-1.002355109779165199e+00,-3.097089796906543846e+00,1.436252595526377629e+00,-9.995065603657316000e-01,-3.096492768355989078e+00,4.377201494335252185e-01,-9.152579166894482254e-01,2.853367176237178379e-03,-5.970285505547678895e-04,2.853683764956199600e-03,8.174999999999999975e-03
7.800000000000000711e+00,1.414544718846638682e+00,-1.002828237936590705e+00,3.140332614438570147e+00,1.414544718846638682e+00,-1.002828237936590705e+00,3.140332614438570147e+00,1.414213562373095145e+00,-1.000000000000000000e+00,3.141592653589789563e+00,4.445677115602663099e-01,-8.869544261251105510e-01,2.828237936590703803e-03,-1.260039151219416453e-03,2.847559382337906501e-03,8.145000000000001197e-03
7.850000000000000533e+00,1.392324257319858205e+00,-1.002307430530686050e+00,3.095984893132314397e+00,1.392324257319858205e+00,-1.002307430530686050e+00,3.095984893132314397e+00,1.391825593184628174e+00,-9.995065603657314890e-01,3.097886020062567525e+00,4.521824919529232045e-01,-8.562977432254839094e-01,2.776407389685351095e-03,-1.901126930253127512e-03,2.844914691286419637e-03,8.115999999999999950e-03
7.900000000000000355e+00,1.369767605902585172e+00,-1.000793524919042943e+00,3.053170005971040268e+00,1.369767605902585172e+00,-1.000793524919042943e+00,3.053170005971040268e+00,1.369094211857377674e+00,-9.980267284282715590e-01,3.055679178538552421e+00,4.605172180424000894e-01,-8.238706997309278579e-01,2.698809256367511785e-03,-2.509172567512152341e-03,2.847564285747691912e-03,8.245000000000000592e-03
7.950000000000000178e+00,1.346880061720217236e+00,-9.982884057245746678e-01,3.011976470984493837e+00,1.346880061720217236e+00,-9.982884057245746678e-01,3.011976470984493837e+00,1.346025027019546627e+00,-9.955619646030799963e-01,3.015051301811090489e+00,4.695212336058516844e-01,-7.902272561861640732e-01,2.596732650979565425e-03,-3.074830826596652855e-03,2.857370386969110103e-03,8.174999999999999975e-03
8.000000000000000000e+00,1.323666921880845671e+00,-9.947949954252311988e-01,2.972465108175185833e+00,1.323666921880845671e+00,-9.947949954252311988e-01,2.972465108175185833e+00,1.322623730647303653e+00,-9.921147013144778759e-01,2.976055829719888024e+00,4.791415544004561378e-01,-7.558754415317322506e-01,2.471755622679989561e-03,-3.590721544702191181e-03,2.876147504888763948e-03,8.215000000000000080e-03
8.050000000000000711e+00,1.300133478200044435e+00,-9.903172406359888047e-01,2.934671336098599426e+00,1.300133478200044435e+00,-9.903172406359888047e-01,2.934671336098599426e+00,1.298896096660367538e+00,-9.876883405951377704e-01,2.938722810654413209e+00,4.893238167273553652e-01,-7.212661300406231213e-01,2.325678541204391925e-03,-4.051474555813783240e-03,2.905551324537175486e-03,8.186000000000000568e-03
8.099999999999999645e+00,1.276285015263838751e+00,-9.848600951679249427e-01,2.898608029596568159e+00,1.276285015263838751e+00,-9.848600951679249427e-01,2.898608029596568159e+00,1.274847979497379047e+00,-9.822872507286886101e-01,2.903061683423501016e+00,5.000130998988028264e-01,-6.867871706942924037e-01,2.160460961017610006e-03,-4.453653826932857385e-03,2.946964591336948425e-03,8.205000000000000487e-03
8.150000000000000355e+00,1.252126811858090827e+00,-9.784295010000308990e-01,2.864268671061854121e+00,1.252126811858090827e+00,-9.784295010000308990e-01,2.864268671061854121e+00,1.250485312671410165e+00,-9.759167619387473236e-01,2.869064263023924255e+00,5.111546155813159187e-01,-6.527620026479448168e-01,1.978164424006242580e-03,-4.795591962070133718e-03,3.001395870253295659e-03,8.216000000000001080e-03
8.200000000000001066e+00,1.227664145476848212e+00,-9.710323682109567311e-01,2.831630570929457136e+00,1.227664145476848212e+00,-9.710323682109567311e-01,2.831630570929457136e+00,1.225814107305952749e+00,-9.685831611286310761e-01,2.836707737742125701e+00,5.226942663736333650e-01,-6.194517220873501095e-01,1.780902589032896683e-03,-5.077166812668565399e-03,3.069406549462676964e-03,8.305000000000001617e-03
8.250000000000000000e+00,1.202902299400478769e+00,-9.626765547372375664e-01,2.800657984825090097e+00,1.202902299400478769e+00,-9.626765547372375664e-01,2.800657984825090097e+00,1.200840450651768032e+00,-9.602936856769430651e-01,2.805957533592601472e+00,5.345790825946742375e-01,-5.870595640295257489e-01,1.570799201174889140e-03,-5.299548767511375047e-03,3.151076835157916832e-03,8.145000000000001197e-03
8.300000000000000711e+00,1.177846571712406698e+00,-9.533708465993802061e-01,2.771305006623613565e+00,1.177846571712406698e+00,-9.533708465993802061e-01,2.771305006623613565e+00,1.175570504584946496e+00,-9.510565162951536422e-01,2.776769948628340146e+00,5.467575503323620634e-01,-5.557368708661617474e-01,1.349953767012862169e-03,-5.464942004726580649e-03,3.246013913366107857e-03,8.386000000000001092e-03
8.349999999999999645e+00,1.152502285589851461e+00,-9.431249390070695071e-01,2.743518163080305605e+00,1.152502285589851461e+00,-9.431249390070695071e-01,2.743518163080305605e+00,1.150010504086557361e+00,-9.408807689542255659e-01,2.749094500030647481e+00,5.591798457825529756e-01,-5.255897853087108107e-01,1.120414374598575164e-03,-5.576336950341875820e-03,3.353397424439903511e-03,9.528000000000001746e-03
8.400000000000000355e+00,1.126874800238731433e+00,-9.319494185472729786e-01,2.717238673814870609e+00,1.126874800238731433e+00,-9.319494185472729786e-01,2.717238673814870609e+00,1.124166755704261611e+00,-9.297764858882515693e-01,2.722875959199578588e+00,5.717979913054718200e-01,-4.966860881900974078e-01,8.841568532015379404e-04,-5.637285384707979574e-03,3.472051488862705395e-03,8.346000000000000987e-03
8.450000000000001066e+00,1.100969521922686933e+00,-9.198557464897114677e-01,2.692404369405365649e+00,1.100969521922686933e+00,-9.198557464897114677e-01,2.692404369405365649e+00,1.098045635996263369e+00,-9.177546256839810290e-01,2.698056074055870113e+00,5.845659479400580061e-01,-4.690617742721683303e-01,6.430693651473147476e-04,-5.651704650504463245e-03,3.600530176378349649e-03,8.285000000000000697e-03
8.500000000000000000e+00,1.074791914639666945e+00,-9.068562431185622774e-01,2.668951280691757688e+00,1.074791914639666945e+00,-9.068562431185622774e-01,2.668951280691757688e+00,1.071653589957992425e+00,-9.048270524660191327e-01,2.674574994186608379e+00,5.974396577654517149e-01,-4.427271069176472729e-01,3.989415175375229158e-04,-5.623713494850690608e-03,3.737204371181211248e-03,8.285999999999999963e-03
8.550000000000000711e+00,1.048347510109598479e+00,-8.929640729158982992e-01,2.646814925345875480e+00,1.048347510109598479e+00,-8.929640729158982992e-01,2.646814925345875480e+00,1.044997129431897820e+00,-8.910065241883680098e-01,2.652372424588197219e+00,6.103770478116103959e-01,-4.176720095134112132e-01,1.534571392723556565e-04,-5.557499242321739530e-03,3.880341184247254431e-03,8.105000000000001092e-03
8.599999999999999645e+00,1.021641916841216524e+00,-8.781932303755990432e-01,2.625931324870204975e+00,1.021641916841216524e+00,-8.781932303755990432e-01,2.625931324870204975e+00,1.018082831500742191e+00,-8.763066800438633619e-01,2.631388538998237436e+00,6.233380054324558772e-01,-3.938707381843237765e-01,-9.181003928853109092e-05,-5.457214128032461531e-03,4.028170877079484749e-03,8.205000000000000487e-03
8.650000000000000355e+00,9.946808281377648164e-01,-8.625585262088192318e-01,2.606237787960989039e+00,9.946808281377648164e-01,-8.625585262088192318e-01,2.606237787960989039e+00,9.909173368648155344e-01,-8.607420270039439769e-01,2.611564685500640692e+00,6.362843333203436202e-01,-3.712858402517317802e-01,-3.353984603019573470e-04,-5.326897539651653801e-03,4.178939569182335383e-03,8.365000000000000907e-03
8.700000000000001066e+00,9.674700289764016636e-01,-8.460755737058491821e-01,2.587673495948402902e+00,9.674700289764016636e-01,-8.460755737058491821e-01,2.587673495948402902e+00,9.635073482034304249e-01,-8.443279255020149643e-01,2.592843916379339753e+00,6.491796907523765814e-01,-3.498714411005227065e-01,-5.759591144830758166e-04,-5.170420430936850664e-03,4.330948297179371652e-03,8.344999999999999987e-03
8.750000000000000000e+00,9.400154017539842366e-01,-8.287607750373617854e-01,2.570179923893377349e+00,9.400154017539842366e-01,-8.287607750373617854e-01,2.570179923893377349e+00,9.358596285211460142e-01,-8.270805742745613864e-01,2.575171371993001834e+00,6.619895262629501564e-01,-3.295759237976367273e-01,-8.122546661521821282e-04,-4.991448099624484769e-03,4.482580257629493158e-03,8.145000000000001197e-03
8.800000000000000711e+00,9.123229309335343373e-01,-8.106313073048365681e-01,2.553701127703495999e+00,9.123229309335343373e-01,-8.106313073048365681e-01,2.553701127703495999e+00,9.079809994790937200e-01,-8.090169943749475623e-01,2.558494545426458266e+00,6.746810057480906453e-01,-3.103440755991040967e-01,-1.043157683154532361e-03,-4.793417722962267646e-03,4.632318532945207783e-03,8.165000000000000382e-03
8.849999999999999645e+00,8.843987066531517893e-01,-7.917051081808553770e-01,2.538183923923540419e+00,8.843987066531517893e-01,-7.917051081808553770e-01,2.538183923923540419e+00,8.798783397118298266e-01,-7.901550123756900801e-01,2.542763451323974522e+00,6.872229390189269482e-01,-2.921187772369551738e-01,-1.267648248549382590e-03,-4.579527400434102447e-03,4.778756563101694936e-03,8.195000000000000895e-03
8.900000000000000355e+00,8.562489273750422125e-01,-7.720008610117886638e-01,2.523577985061692175e+00,8.562489273750422125e-01,-7.720008610117886638e-01,2.523577985061692175e+00,8.515585831301457631e-01,-7.705132427757895863e-01,2.527930718945285093e+00,6.995857070188972182e-01,-2.748423075432944174e-01,-1.484811164152688998e-03,-4.352733883592918573e-03,4.920603332083398930e-03,8.285999999999999963e-03
8.950000000000001066e+00,8.278799016591991133e-01,-7.515379792858863928e-01,2.509835869684527765e+00,8.278799016591991133e-01,-7.515379792858863928e-01,2.509835869684527765e+00,8.230287172102174198e-01,-7.501110696304594816e-01,2.513951626305612308e+00,7.117411912778280891e-01,-2.584573297332425357e-01,-1.693832900670079900e-03,-4.115756621084543099e-03,5.056684855000592553e-03,8.135000000000001605e-03
9.000000000000000000e+00,7.992980491465775383e-01,-7.303365903976183349e-01,2.496913003197866132e+00,7.992980491465775383e-01,-7.303365903976183349e-01,2.496913003197866132e+00,7.942957812695612407e-01,-7.289686274214115524e-01,2.500784089374981534e+00,7.236627066731392555e-01,-2.429076180498792592e-01,-1.893998404113617822e-03,-3.871086177115401483e-03,5.185943175325165126e-03,8.105000000000001092e-03
9.050000000000000711e+00,7.705099008323695875e-01,-7.084175186635383037e-01,2.484767622295372291e+00,7.705099008323695875e-01,-7.084175186635383037e-01,2.484767622295372291e+00,7.653668647301797856e-01,-7.071067811865476838e-01,2.488388617769114575e+00,7.353249381804241036e-01,-2.281385754784367170e-01,-2.084687832159363551e-03,-3.620995473742283366e-03,5.307433756724186207e-03,8.014999999999999555e-03
9.099999999999999645e+00,7.415220987029921274e-01,-6.858022675656944012e-01,2.473360693521450493e+00,7.415220987029921274e-01,-6.858022675656944012e-01,2.473360693521450493e+00,7.362491053693555054e-01,-6.845471059286882820e-01,2.476728246172768877e+00,7.467038820013351952e-01,-2.140975854954760005e-01,-2.265373265819439590e-03,-3.367552651318383994e-03,5.420321893724406627e-03,8.275000000000001105e-03
9.150000000000000355e+00,7.123413948019595709e-01,-6.625130012156790205e-01,2.462655814246677011e+00,7.123413948019595709e-01,-6.625130012156790205e-01,2.462655814246677011e+00,7.069496875585148388e-01,-6.613118653236522704e-01,2.465768448881324737e+00,7.577767912379151927e-01,-2.007342336890741707e-01,-2.435615420095533796e-03,-3.112634634647726273e-03,5.523878567648757287e-03,8.035000000000000475e-03
9.200000000000001066e+00,6.829746497809944250e-01,-6.385725250460508873e-01,2.452619102562223929e+00,6.829746497809944250e-01,-6.385725250460508873e-01,2.452619102562223929e+00,6.774758404905826259e-01,-6.374239897486896345e-01,2.455477043298467166e+00,7.685221261227274114e-01,-1.880004287411820851e-01,-2.595060361102633200e-03,-2.857940736243236302e-03,5.617476029464106221e-03,8.206000000000001487e-03
9.250000000000000000e+00,6.534288309842360976e-01,-6.140042657463568032e-01,2.443219081125164394e+00,6.534288309842360976e-01,-6.140042657463568032e-01,2.443219081125164394e+00,6.478348363962989076e-01,-6.129070536529764857e-01,2.445824086952127274e+00,7.789195087017793950e-01,-1.758504467556151196e-01,-2.743436225601570549e-03,-2.605005826962880633e-03,5.700583288377654607e-03,8.165000000000000382e-03
9.300000000000000711e+00,6.237110101058037648e-01,-5.888322504687509840e-01,2.434426558787383676e+00,6.237110101058037648e-01,-5.888322504687509840e-01,2.434426558787383676e+00,6.180339887498950135e-01,-5.877852522924733591e-01,2.436781771550414533e+00,7.889496817898135061e-01,-1.642409182286549418e-01,-2.880549931186548486e-03,-2.355212763030856138e-03,5.772761614389832797e-03,8.184999999999999568e-03
9.349999999999999645e+00,5.938283604544448702e-01,-5.630810853335878052e-01,2.426214512875951357e+00,5.938283604544448702e-01,-5.630810853335878052e-01,2.426214512875951357e+00,5.880806504646083344e-01,-5.620833778521309165e-01,2.428324316759050916e+00,7.985944719680189152e-01,-1.531307730263456179e-01,-3.006283860831257190e-03,-2.109803883099559130e-03,5.833660115726811875e-03,8.255000000000000185e-03
9.400000000000000355e+00,5.637881538538730419e-01,-5.367759332688036844e-01,2.418557974224634144e+00,5.637881538538730419e-01,-5.367759332688036844e-01,2.418557974224634144e+00,5.579822120784591055e-01,-5.358267949789971007e-01,2.420427865709130266e+00,8.000000000000000444e-01,-1.424811554779772671e-01,-3.120592503598560580e-03,-1.869891484496122303e-03,5.883011422109742615e-03,8.115000000000000685e-03
9.450000000000001066e+00,5.338906316998457413e-01,-5.102028001810229307e-01,2.411433916450735460e+00,5.338906316998457413e-01,-5.102028001810229307e-01,2.411433916450735460e+00,5.277460999307456158e-01,-5.090414157503712067e-01,2.413070383710326894e+00,8.000000000000000444e-01,-1.322539708558382598e-01,-3.224253539289364742e-03,-1.636467259591434242e-03,6.253325871665488603e-03,8.004999999999999963e-03
9.500000000000000000e+00,5.041763189401290424e-01,-4.834249401684043157e-01,2.404821217907943343e+00,5.041763189401290424e-01,-4.834249401684043157e-01,2.404821217907943343e+00,4.973797743297087570e-01,-4.817536741017145463e-01,2.406231561224946525e+00,8.000000000000000444e-01,-1.224097693180441482e-01,-3.320104010082453472e-03,-1.410343317003182051e-03,6.999010566294475676e-03,8.145000000000001197e-03
9.550000000000000711e+00,4.746330832740427996e-01,-4.564584381396456503e-01,2.398700729442040824e+00,4.746330832740427996e-01,-4.564584381396456503e-01,2.398700729442040824e+00,4.668907277118110599e-01,-4.539904997395469710e-01,2.399892721831064613e+00,8.000000000000000444e-01,-1.129124837734043763e-01,-3.410625128391347495e-03,-1.191992389023788235e-03,8.126179274339348849e-03,8.174999999999999975e-03
9.600000000000001421e+00,4.452489965518785509e-01,-4.293185929343769081e-01,2.393055105253370840e+00,4.452489965518785509e-01,-4.293185929343769081e-01,2.393055105253370840e+00,4.362864827930846290e-01,-4.257792915650722154e-01,2.394036735651070558e+00,8.000000000000000444e-01,-1.037293117119346270e-01,-3.497594718654276416e-03,-9.816303976997176051e-04,9.636042084763454113e-03,8.045000000000000068e-03
9.650000000000000355e+00,4.160123246406983166e-01,-4.020199953701921736e-01,2.387868639667773962e+00,4.160123246406983166e-01,-4.020199953701921736e-01,2.387868639667773962e+00,4.055745907130255401e-01,-3.971478906347811755e-01,2.388647938529914860e+00,8.000000000000000444e-01,-9.483034100635787111e-02,-3.582152515850152864e-03,-7.792988621408980521e-04,1.151884083133826626e-02,8.014999999999999555e-03
9.700000000000001066e+00,3.869115170307452778e-01,-3.745765990998176642e-01,2.383127122617455740e+00,3.869115170307452778e-01,-3.745765990998176642e-01,2.383127122617455740e+00,3.747626291714491464e-01,-3.681245526846778637e-01,2.383712057103566373e+00,8.000000000000000444e-01,-8.618822458766137173e-02,-3.664861509072501328e-03,-5.849344861106331450e-04,1.375588525544144299e-02,8.085999999999999438e-03
9.750000000000000000e+00,3.579351963699178296e-01,-3.470017851416828947e-01,2.378817711388072631e+00,3.579351963699178296e-01,-3.470017851416828947e-01,2.378817711388072631e+00,3.438582005588182722e-01,-3.387379202452905913e-01,2.379216139792433182e+00,8.000000000000000444e-01,-7.777786973409175908e-02,-3.745765574604448082e-03,-3.984284043605512693e-04,1.632339652436157196e-02,8.174999999999999975e-03
9.800000000000000711e+00,3.290721480550453659e-01,-3.193084208551137948e-01,2.374928817901368561e+00,3.290721480550453659e-01,-3.193084208551137948e-01,2.374928817901368561e+00,3.128689300804619600e-01,-3.090169943749476178e-01,2.375148493678882922e+00,8.000000000000000444e-01,-6.957614568406564337e-02,-3.824443660034204662e-03,-2.196757775143609592e-04,1.919525284356859984e-02,8.054999999999999660e-03
9.850000000000001421e+00,3.003113099458248336e-01,-2.915089140673546853e-01,2.371450010617165205e+00,3.003113099458248336e-01,-2.915089140673546853e-01,2.371450010617165205e+00,3.128689300804619600e-01,-3.090169943749476178e-01,2.375148493678882922e+00,8.000000000000000444e-01,-5.305282370163434680e-02,-3.902806747177710311e-03,-3.698483061717716680e-03,2.154592071606519291e-02,1.500800000000000051e-02
9.900000000000000355e+00,2.716358264289773783e-01,-2.636213593722122051e-01,2.368797369432083855e+00,2.716358264289773783e-01,-2.636213593722122051e-01,2.368797369432083855e+00,2.818024638751648325e-01,-2.789911060392287756e-01,2.371498627176110929e+00,8.000000000000000444e-01,-5.618682571435496681e-02,-3.955058216925501878e-03,-2.701257744027074637e-03,1.842795782419983514e-02,8.295999999999999555e-03
9.950000000000001066e+00,2.430366114401232291e-01,-2.356555972745775218e-01,2.365988028146366773e+00,2.430366114401232291e-01,-2.356555972745775218e-01,2.365988028146366773e+00,2.506664671286081836e-01,-2.486898871648544895e-01,2.368257198362089255e+00,8.000000000000000444e-01,-4.796867433844032025e-02,-3.997487135560878584e-03,-2.269170215722482453e-03,1.510322517778512653e-02,8.276000000000000370e-03
1.000000000000000000e+01,2.145103104784527592e-01,-2.076154584295890615e-01,2.363589594429445384e+00,2.145103104784527592e-01,-2.076154584295890615e-01,2.363589594429445384e+00,2.194686221820904282e-01,-2.181432413965424255e-01,2.365415968833324278e+00,8.000000000000000444e-01,-4.109132050211148496e-02,-4.039020189343583284e-03,-1.826374403878894270e-03,1.163696992991318339e-02,8.085000000000000173e-03
1.005000000000000071e+01,1.860465097213873098e-01,-1.795118735402880528e-01,2.361535028404340153e+00,1.860465097213873098e-01,-1.795118735402880528e-01,2.361535028404340153e+00,1.882166266370287055e-01,-1.873813145857246842e-01,2.362967762925104687e+00,8.000000000000000444e-01,-3.411000641640536679e-02,-4.078021660515690136e-03,-1.432734520764533670e-03,8.163180127570118447e-03,8.245000000000000592e-03
1.010000000000000142e+01,1.576355933543258092e-01,-1.513548239194047185e-01,2.359829528083519534e+00,1.576355933543258092e-01,-1.513548239194047185e-01,2.359829528083519534e+00,1.569181914556901369e-01,-1.564344650402311188e-01,2.360906432145567280e+00,8.000000000000000444e-01,-2.717822430463641067e-02,-4.113617180728184122e-03,-1.076904062047745469e-03,5.130050623586140772e-03,8.245999999999999858e-03
1.015000000000000036e+01,1.292678514583396054e-01,-1.231542747491420758e-01,2.358470616868287628e+00,1.292678514583396054e-01,-1.231542747491420758e-01,2.358470616868287628e+00,1.255810390586262759e-01,-1.253332335643037865e-01,2.359226824677898904e+00,8.000000000000000444e-01,-2.026861380951153202e-02,-4.144474422665728360e-03,-7.562078096112756498e-04,4.282574831669714796e-03,8.174999999999999975e-03
1.020000000000000107e+01,1.009335792159068573e-01,-9.492009547024538030e-02,2.357457186177811970e+00,1.009335792159068573e-01,-9.492009547024538030e-02,2.357457186177811970e+00,9.421290141928502504e-02,-9.410831331851403359e-02,2.357924759817036531e+00,8.000000000000000444e-01,-1.337396244343137634e-02,-4.168998075319902373e-03,-4.675736392245610773e-04,6.769527332678055252e-03,8.356000000000000580e-03
1.025000000000000000e+01,7.262306307154307861e-02,-6.666209454980109861e-02,2.356788488055640229e+00,7.262306307154307861e-02,-6.666209454980109861e-02,2.356788488055640229e+00,6.282151815625647284e-02,-6.279051952931326286e-02,2.356997007222838114e+00,8.000000000000000444e-01,-6.484358566968069677e-03,-4.185361555213849144e-03,-2.085191671978847694e-04,1.053847123000514231e-02,8.295000000000000290e-03
1.030000000000000071e+01,4.432657892354248397e-02,-3.839004172648845942e-02,2.356464270127291982e+00,4.432657892354248397e-02,-3.839004172648845942e-02,2.356464270127291982e+00,3.141463462364142006e-02,-3.141075907812836132e-02,2.356441270890159423e+00,8.000000000000000444e-01,4.103456779523628707e-04,-4.191554131418097004e-03,2.299923713255935809e-05,1.467748929106909260e-02,8.265000000000001512e-03
1.035000000000000142e+01,1.603438809862171160e-02,-1.011369227564820270e-02,2.356484787411189608e+00,1.603438809862171160e-02,-1.011369227564820270e-02,2.356484787411189608e+00,2.449293598294706414e-16,-2.449293598294706414e-16,2.356256177756557157e+00,8.000000000000000444e-01,7.320928634152529084e-03,-4.185423586512516253e-03,2.286096546324500878e-04,1.895754132644090692e-02,8.125000000000000278e-03
1.040000000000000036e+01,-1.226326734560459139e-02,1.815718812261209875e-02,2.356850833842896620e+00,-1.226326734560459139e-02,1.815718812261209875e-02,2.356850833842896620e+00,2.449293598294706414e-16,-2.449293598294706414e-16,2.356256177756557157e+00,8.000000000000000444e-01,6.013773043838177047e-03,-4.168958272256145098e-03,5.946560863394623198e-04,2.191052729876012684e-02,8.436000000000000790e-03
1.045000000000000107e+01,-4.057034586255670039e-02,4.641863348160353564e-02,2.357151522495088969e+00,-4.057034586255670039e-02,4.641863348160353564e-02,2.357151522495088969e+00,-3.141463462364092740e-02,3.141075907812786866e-02,2.356441270890159423e+00,8.000000000000000444e-01,1.356044634336419155e-02,-4.142320685282726081e-03,7.102516049295459766e-04,1.758019745056661060e-02,8.355000000000001315e-03
1.050000000000000000e+01,-6.889125044714028423e-02,7.466622279849904897e-02,2.357829544812257261e+00,-6.889125044714028423e-02,7.466622279849904897e-02,2.357829544812257261e+00,-6.282151815625776348e-02,6.279051952931455349e-02,2.356997007222839002e+00,8.000000000000000444e-01,2.058819232595109766e-02,-4.115623537809877906e-03,8.325375894182585057e-04,1.333694036204336082e-02,8.184999999999999568e-03
1.055000000000000071e+01,-9.723625941765232095e-02,1.028896231104885484e-01,2.358858954428555421e+00,-9.723625941765232095e-02,1.028896231104885484e-01,2.358858954428555421e+00,-9.421290141928542750e-02,9.410831331851442216e-02,2.357924759817036531e+00,8.000000000000000444e-01,2.774978865047808552e-02,-4.085923495639297819e-03,9.341946115188903832e-04,9.287200614227612144e-03,8.075000000000000580e-03
1.060000000000000142e+01,-1.256153532143760576e-01,1.310787482936804638e-01,2.360246443861079513e+00,-1.256153532143760576e-01,1.310787482936804638e-01,2.360246443861079513e+00,-1.255810390586275527e-01,1.253332335643050632e-01,2.359226824677898904e+00,8.000000000000000444e-01,3.498444218653336962e-02,-4.050803086790770273e-03,1.019619183180608957e-03,5.745617196329252073e-03,8.215000000000000080e-03
1.065000000000000036e+01,-1.540386213237742441e-01,1.592233289800403240e-01,2.361995665970406222e+00,-1.540386213237742441e-01,1.592233289800403240e-01,2.361995665970406222e+00,-1.569181914556887492e-01,1.564344650402297310e-01,2.360906432145567280e+00,8.000000000000000444e-01,4.231341826895404501e-02,-4.007841457260791565e-03,1.089233824838942155e-03,4.008701313317067534e-03,8.226000000000000673e-03
1.070000000000000107e+01,-1.825162225443733577e-01,1.873129290468319996e-01,2.364111336883853554e+00,-1.825162225443733577e-01,1.873129290468319996e-01,2.364111336883853554e+00,-1.882166266370290941e-01,1.873813145857250728e-01,2.362967762925104687e+00,8.000000000000000444e-01,4.975018303036488759e-02,-3.954718173849331060e-03,1.143573958748866914e-03,5.700814275302780801e-03,8.184999999999999568e-03
1.075000000000000000e+01,-2.110583969884403110e-01,2.153369090100289984e-01,2.366598846035371295e+00,-2.110583969884403110e-01,2.153369090100289984e-01,2.366598846035371295e+00,-2.194686221820917049e-01,2.181432413965437023e-01,2.365415968833324278e+00,8.000000000000000444e-01,5.731064741863285683e-02,-3.889244813896898696e-03,1.182877202047016851e-03,8.866080829291482848e-03,8.216000000000001080e-03
1.080000000000000071e+01,-2.396754734596411585e-01,2.432843926070381857e-01,2.369464378406302529e+00,-2.396754734596411585e-01,2.432843926070381857e-01,2.369464378406302529e+00,-2.506664671286085722e-01,2.486898871648548781e-01,2.368257198362089255e+00,8.000000000000000444e-01,6.501209488670774139e-02,-3.809404487060579544e-03,1.207180044213274073e-03,1.224831879262895662e-02,8.305999999999999148e-03
1.085000000000000142e+01,-2.683778784916312499e-01,2.711442299454482896e-01,2.372714983150638446e+00,-2.683778784916312499e-01,2.711442299454482896e-01,2.372714983150638446e+00,-2.818024638751652211e-01,2.789911060392291642e-01,2.371498627176110041e+00,8.000000000000000444e-01,7.287338874754134554e-02,-3.713390674203065345e-03,1.216355974528404715e-03,1.554969315295140313e-02,8.215000000000000080e-03
1.090000000000000036e+01,-2.971761462287350053e-01,2.989049576946596343e-01,2.376358652588015374e+00,-2.971761462287350053e-01,2.989049576946596343e-01,2.376358652588015374e+00,-3.128689300804614604e-01,3.090169943749471737e-01,2.375148493678883810e+00,8.000000000000000444e-01,8.091503566055892327e-02,-3.599646835497242320e-03,1.210158909131564542e-03,1.866860334466633950e-02,8.216000000000001080e-03
1.095000000000000107e+01,-3.260809290989290510e-01,3.265547559726535987e-01,2.380404404371043725e+00,-3.260809290989290510e-01,3.265547559726535987e-01,2.380404404371043725e+00,-3.438582005588195489e-01,3.387379202452918125e-01,2.379216139792434070e+00,8.000000000000000444e-01,8.915926655676277568e-02,-3.466907139457126377e-03,1.188264578609654620e-03,2.155135430205548652e-02,8.064999999999999253e-03
1.100000000000000000e+01,-3.551030091056145421e-01,3.540814016509013507e-01,2.384862367698882046e+00,-3.551030091056145421e-01,3.540814016509013507e-01,2.384862367698882046e+00,-3.438582005588195489e-01,3.387379202452918125e-01,2.379216139792434070e+00,8.000000000000000444e-01,6.832889771927208589e-02,-3.330217668977176505e-03,5.646227906447975897e-03,1.902283209457412624e-02,8.165000000000000382e-03
1.105000000000000071e+01,-3.842332518654695273e-01,3.814935777862097366e-01,2.388278812584845312e+00,-3.842332518654695273e-01,3.814935777862097366e-01,2.388278812584845312e+00,-3.747626291714495350e-01,3.681245526846781968e-01,2.383712057103567261e+00,8.000000000000000444e-01,9.058039323632140205e-02,-3.199897721138054811e-03,4.566755481278050866e-03,1.638363593277960065e-02,8.115000000000000685e-03
1.110000000000000142e+01,-4.134721549309135491e-01,4.087898011988987945e-01,2.392807832246661270e+00,-4.134721549309135491e-01,4.087898011988987945e-01,2.392807832246661270e+00,-4.055745907130259287e-01,3.971478906347815085e-01,2.388647938529913972e+00,8.000000000000000444e-01,9.895740110481239526e-02,-3.094572730997529296e-03,4.159893716747298242e-03,1.406789259834480624e-02,7.995000000000000370e-03
1.115000000000000036e+01,-4.428400660567441416e-01,4.359471672699854472e-01,2.397755702301902048e+00,-4.428400660567441416e-01,4.359471672699854472e-01,2.397755702301902048e+00,-4.362864827930859057e-01,4.257792915650733812e-01,2.394036735651070558e+00,8.000000000000000444e-01,1.091319650558490589e-01,-3.001195508408748165e-03,3.718966650831490028e-03,1.209690662707794788e-02,8.325000000000000802e-03
1.120000000000000107e+01,-4.723488516201398979e-01,4.629513818419516147e-01,2.403212300554693925e+00,-4.723488516201398979e-01,4.629513818419516147e-01,2.403212300554693925e+00,-4.668907277118105603e-01,4.539904997395465824e-01,2.399892721831065501e+00,8.000000000000000444e-01,1.193698623503748196e-01,-2.919855297050042396e-03,3.319578723628424655e-03,1.049230788015101737e-02,8.115999999999999950e-03
1.125000000000000000e+01,-5.020114104442046088e-01,4.897865798902814594e-01,2.409180793672212495e+00,-5.020114104442046088e-01,4.897865798902814594e-01,2.409180793672212495e+00,-4.973797743297091456e-01,4.817536741017148794e-01,2.406231561224947413e+00,8.000000000000000444e-01,1.299068669770248596e-01,-2.849954886399455167e-03,2.949232447265082158e-03,9.272520073048377484e-03,8.075000000000000580e-03
1.130000000000000071e+01,-5.318406187866679957e-01,5.164363961073804576e-01,2.415676137021064207e+00,-5.318406187866679957e-01,5.164363961073804576e-01,2.415676137021064207e+00,-5.277460999307469480e-01,5.090414157503723169e-01,2.413070383710326894e+00,8.000000000000000444e-01,1.407582715251005367e-01,-2.791832889049413249e-03,2.605753310737313200e-03,8.452858637291248145e-03,8.105000000000001092e-03
1.135000000000000142e+01,-5.618494630805327406e-01,5.428837524943711523e-01,2.422714050597319257e+00,-5.618494630805327406e-01,5.428837524943711523e-01,2.422714050597319257e+00,-5.579822120784585504e-01,5.358267949789966567e-01,2.420427865709129378e+00,7.965401330118392353e-01,1.519666499191367481e-01,-2.746646611675838175e-03,2.286184888189879416e-03,8.047128661009738879e-03,1.269400000000000042e-02
1.140000000000000036e+01,-5.919204199910477193e-01,5.689973577171943964e-01,2.430312383093276019e+00,-5.919204199910477193e-01,5.689973577171943964e-01,2.430312383093276019e+00,-5.880806504646077792e-01,5.620833778521304724e-01,2.428324316759052692e+00,7.874103681909015995e-01,1.635734034704377227e-01,-2.716145885667862504e-03,1.988066334223326237e-03,7.908662819382690501e-03,8.115000000000000685e-03
1.145000000000000107e+01,-6.218494080003225122e-01,5.945763482434897051e-01,2.438491053266798048e+00,-6.218494080003225122e-01,5.945763482434897051e-01,2.438491053266798048e+00,-6.180339887498937923e-01,5.877852522924721379e-01,2.436781771550414533e+00,7.778726684607262243e-01,1.756192220045941776e-01,-2.701038162358933379e-03,1.709281716383515004e-03,7.789506291959025393e-03,8.085000000000000173e-03
1.150000000000000000e+01,-6.516290734075994573e-01,6.195938726862434409e-01,2.447272014367028348e+00,-6.516290734075994573e-01,6.195938726862434409e-01,2.447272014367028348e+00,-6.478348363962992407e-01,6.129070536529768187e-01,2.445824086952123722e+00,7.679454493889310562e-01,1.881438093129701727e-01,-2.700530325914322904e-03,1.447927414904626175e-03,7.688288709561911551e-03,8.186000000000000568e-03
1.155000000000000071e+01,-6.812520653250232483e-01,6.440237316755167418e-01,2.456679204832676433e+00,-6.812520653250232483e-01,6.440237316755167418e-01,2.456679204832676433e+00,-6.774758404905838471e-01,6.374239897486906337e-01,2.455477043298466278e+00,7.576481681112677835e-01,2.011892458688989416e-01,-2.713927947902252443e-03,1.202161534210155480e-03,7.603714059651591091e-03,8.245999999999999858e-03
1.160000000000000142e+01,-7.107110380815362394e-01,6.678403999807061009e-01,2.466738667126120887e+00,-7.107110380815362394e-01,6.678403999807061009e-01,2.466738667126120887e+00,-7.069496875585135065e-01,6.613118653236512712e-01,2.465768448881324737e+00,7.470013604333817225e-01,2.147996656393919568e-01,-2.740630840646940056e-03,9.702182447961504863e-04,7.534555230762423998e-03,8.135000000000001605e-03
1.165000000000000036e+01,-7.399986541167075105e-01,6.910190478892745958e-01,2.477478650408090566e+00,-7.399986541167075105e-01,6.910190478892745958e-01,2.477478650408090566e+00,-7.362491053693558385e-01,6.845471059286886151e-01,2.476728246172770653e+00,7.360266818979253056e-01,2.290213091491699327e-01,-2.780128013190644523e-03,7.504042353199125159e-04,7.479648959006031037e-03,8.216000000000001080e-03
1.170000000000000107e+01,-7.691075871286316978e-01,7.135355620723244918e-01,2.488929715865548786e+00,-7.691075871286316978e-01,7.135355620723244918e-01,2.488929715865548786e+00,-7.653668647301793415e-01,7.071067811865473507e-01,2.488388617769112798e+00,7.247469530211607669e-01,2.439024801268444842e-01,-2.831992306712985061e-03,5.410980964359879408e-04,7.437891350350358394e-03,8.275000000000001105e-03
1.175000000000000000e+01,-7.980305254788336855e-01,7.353665658900985225e-01,2.501124839871891048e+00,-7.980305254788336855e-01,7.353665658900985225e-01,2.501124839871891048e+00,-7.942957812695615738e-01,7.289686274214117745e-01,2.500784089374982422e+00,7.131862089011885564e-01,2.594934422862907875e-01,-2.895874609463566524e-03,3.407504969086261326e-04,7.408233997235326614e-03,8.176000000000000975e-03
1.180000000000000071e+01,-8.267601758355560548e-01,7.564894391187879652e-01,2.514099511986206181e+00,-8.267601758355560548e-01,7.564894391187879652e-01,2.514099511986206181e+00,-8.230287172102177529e-01,7.501110696304597036e-01,2.513951626305612308e+00,7.013697533292296837e-01,2.758462309975872051e-01,-2.971497574073714374e-03,1.478856805938733032e-04,7.389680696907582891e-03,8.184999999999999568e-03
1.185000000000000142e+01,-8.552892670445620960e-01,7.768823370726883892e-01,2.527891823536085880e+00,-8.552892670445620960e-01,7.768823370726883892e-01,2.527891823536085880e+00,-8.515585831301453190e-01,7.705132427757892533e-01,2.527930718945283317e+00,6.893242174367911757e-01,2.930143565956795926e-01,-3.058648734931951850e-03,-3.889540919743694758e-05,7.381284754843236637e-03,8.165000000000000382e-03
1.190000000000000036e+01,-8.836105542214955921e-01,7.965242090909691042e-01,2.542542541365870434e+00,-8.836105542214955921e-01,7.965242090909691042e-01,2.542542541365870434e+00,-8.798783397118309368e-01,7.901550123756908572e-01,2.542763451323974522e+00,6.770776227693982019e-01,3.110523700247532219e-01,-3.157172900190206855e-03,-2.209099581040874227e-04,7.382146838424618815e-03,8.285999999999999963e-03
1.195000000000000107e+01,-9.117168230649891347e-01,8.153948163516261394e-01,2.558095159867107782e+00,-9.117168230649891347e-01,8.153948163516261394e-01,2.558095159867107782e+00,-9.079809994790933869e-01,8.090169943749472292e-01,2.558494545426455602e+00,6.646594484806350733e-01,3.300152555471489446e-01,-3.266963666798686043e-03,-3.993855593478201627e-04,7.391413331098690455e-03,8.085999999999999438e-03
1.200000000000000000e+01,-9.396008943944872405e-01,8.334747489668943299e-01,2.574595922644465240e+00,-9.396008943944872405e-01,8.334747489668943299e-01,2.574595922644465240e+00,-9.358596285211463472e-01,8.270805742745616085e-01,2.575171371992997393e+00,6.521007020737698001e-01,3.499576085096686717e-01,-3.387953879002764644e-03,-5.754493485321532376e-04,7.408275125229451565e-03,8.174999999999999975e-03
1.205000000000000071e+01,-9.672556289205783697e-01,8.507454423042508651e-01,2.592093803069948521e+00,-9.672556289205783697e-01,8.507454423042508651e-01,2.592093803069948521e+00,-9.635073482034315351e-01,8.443279255020157414e-01,2.592843916379345082e+00,6.394339927647181288e-01,3.709325489711787216e-01,-3.520104822183849243e-03,-7.501133093965606236e-04,7.431966781512476181e-03,8.184999999999999568e-03
1.210000000000000142e+01,-9.946739322579668530e-01,8.671891924650445560e-01,2.610640430518508026e+00,-9.946739322579668530e-01,8.671891924650445560e-01,2.610640430518508026e+00,-9.909173368648150904e-01,8.607420270039436438e-01,2.611564685500641581e+00,6.266936060792362984e-01,3.929903147352165060e-01,-3.663393916687931323e-03,-9.242549821335543925e-04,7.461765972654300395e-03,8.325000000000000802e-03
1.215000000000000036e+01,-1.021848760191196082e+00,8.827891708386728098e-01,2.630289946255269129e+00,-1.021848760191196082e+00,8.827891708386728098e-01,2.630289946255269129e+00,-1.018082831500742413e+00,8.763066800438635839e-01,2.631388538998241877e+00,6.139155777055952390e-01,4.161764706604978992e-01,-3.817800653347907993e-03,-1.098592742972748226e-03,7.496993117668471727e-03,8.195000000000000895e-03
1.220000000000000107e+01,-1.048773124199866791e+00,8.975294376342034530e-01,2.651098769788294618e+00,-1.048773124199866791e+00,8.975294376342034530e-01,2.651098769788294618e+00,-1.044997129431898264e+00,8.910065241883681209e-01,2.652372424588198996e+00,6.011377638786733479e-01,4.405296661020974280e-01,-3.983290497998778074e-03,-1.273654799904377910e-03,7.537011099208031258e-03,8.165000000000000382e-03
1.225000000000000000e+01,-1.075440097242037707e+00,9.113949542737668219e-01,2.673125253093399323e+00,-1.075440097242037707e+00,9.113949542737668219e-01,2.673125253093399323e+00,-1.071653589957993535e+00,9.048270524660196878e-01,2.674574994186603938e+00,5.883999046497244700e-01,4.660788705167809298e-01,-4.159796492450297013e-03,-1.449741093204615083e-03,7.581224938512749409e-03,8.145000000000001197e-03
1.230000000000000071e+01,-1.101842819780423088e+00,9.243715945137652712e-01,2.696429196619238411e+00,-1.101842819780423088e+00,9.243715945137652712e-01,2.696429196619238411e+00,-1.098045635996263591e+00,9.177546256839812511e-01,2.698056074055866560e+00,5.757436752756992515e-01,4.928400208477739519e-01,-4.347198302163129621e-03,-1.626877436628149098e-03,7.629081280535496973e-03,8.265000000000001512e-03
1.235000000000000142e+01,-1.127974506013995182e+00,9.364461541422455237e-01,2.721071197661627750e+00,-1.127974506013995182e+00,9.364461541422455237e-01,2.721071197661627750e+00,-1.124166755704260501e+00,9.297764858882511252e-01,2.722875959199579476e+00,5.632127196369284272e-01,5.208120262719889704e-01,-4.545298516759443963e-03,-1.804761537951726780e-03,7.680067515303836551e-03,8.085999999999999438e-03
1.240000000000000036e+01,-1.153828450246096482e+00,9.476063590859779007e-01,2.747111798975227615e+00,-1.153828450246096482e+00,9.476063590859779007e-01,2.747111798975227615e+00,-1.150010504086557805e+00,9.408807689542257879e-01,2.749094500030645705e+00,5.508526580667431061e-01,5.499721000117350211e-01,-4.753796111437261565e-03,-1.982701055418090164e-03,7.733710331881944212e-03,8.195000000000000895e-03
1.245000000000000107e+01,-1.179398033277467395e+00,9.578408717521107452e-01,2.774610403975813711e+00,-1.179398033277467395e+00,9.578408717521107452e-01,2.774610403975813711e+00,-1.175570504584946052e+00,9.510565162951535312e-01,2.776769948628337481e+00,5.387110602852702712e-01,5.802704287379343295e-01,-4.972257140352842955e-03,-2.159544652523770480e-03,7.789573470891667829e-03,8.196000000000000160e-03
1.250000000000000000e+01,-1.204676728657666285e+00,9.671392954313815515e-01,2.803623925412709994e+00,-1.204676728657666285e+00,9.671392954313815515e-01,2.803623925412709994e+00,-1.200840450651767810e+00,9.602936856769429541e-01,2.805957533592601472e+00,5.268373723488783966e-01,6.116242525556561116e-01,-5.200082973118922217e-03,-2.333608179891477619e-03,7.847254414673023037e-03,8.224999999999999672e-03
1.255000000000000071e+01,-1.229658108561355601e+00,9.754921766088765489e-01,2.834205138040492677e+00,-1.229658108561355601e+00,9.754921766088765489e-01,2.834205138040492677e+00,-1.225814107305953193e+00,9.685831611286311871e-01,2.836707737742125701e+00,5.152827847878562739e-01,6.439115173057389230e-01,-5.436476717423204159e-03,-2.502599701633023699e-03,7.906379737769071367e-03,8.226000000000000673e-03
1.260000000000000142e+01,-1.254335848978983980e+00,9.828910050717755142e-01,2.866400713905779440e+00,-1.254335848978983980e+00,9.828910050717755142e-01,2.866400713905779440e+00,-1.250485312671410387e+00,9.759167619387474346e-01,2.869064263023926920e+00,5.041000276157858728e-01,6.769643789623637220e-01,-5.680408903918862142e-03,-2.663549118147479078e-03,7.966598843580101688e-03,8.205000000000000487e-03
1.265000000000000036e+01,-1.278703733829822609e+00,9.893282117799305775e-01,2.900248932853897621e+00,-1.278703733829822609e+00,9.893282117799305775e-01,2.900248932853897621e+00,-1.274847979497379935e+00,9.822872507286888322e-01,2.903061683423496575e+00,4.933430769479817402e-01,7.105629867262915900e-01,-5.930584042534828987e-03,-2.812750569598954087e-03,8.027575848115900761e-03,8.156000000000001790e-03
1.270000000000000107e+01,-1.302755657528674949e+00,9.947971645829130072e-01,2.935777082190211829e+00,-1.302755657528674949e+00,9.947971645829130072e-01,2.935777082190211829e+00,-1.298896096660366428e+00,9.876883405951375483e-01,2.938722810654413209e+00,4.830667579548724722e-01,7.444301401934476647e-01,-6.185410272113131200e-03,-2.945728464201380348e-03,8.088979452647299465e-03,8.216000000000001080e-03
1.275000000000000000e+01,-1.326485625480915198e+00,9.992921620327240850e-01,2.972998589199884023e+00,-1.326485625480915198e+00,9.992921620327240850e-01,2.972998589199884023e+00,-1.322623730647304097e+00,9.921147013144778759e-01,2.976055829719888024e+00,4.733262302697081036e-01,7.782275906050103442e-01,-6.442974970199341622e-03,-3.057240520004000928e-03,8.150470788110309589e-03,8.115999999999999950e-03
1.280000000000000071e+01,-1.349887751964664595e+00,1.002808425756077648e+00,3.011909968730134501e+00,-1.349887751964664595e+00,1.002808425756077648e+00,3.011909968730134501e+00,-1.346025027019547515e+00,9.955619646030801073e-01,3.015051301811087825e+00,4.641763452831011438e-01,8.115549084325249796e-01,-6.701029783669372290e-03,-3.141333080953323531e-03,8.211689426879964851e-03,8.205000000000000487e-03
1.285000000000000142e+01,-1.372956254909706297e+00,1.005342092106467078e+00,3.052487714151761011e+00,-1.372956254909706297e+00,1.005342092106467078e+00,3.052487714151761011e+00,-1.369094211857377452e+00,9.980267284282715590e-01,3.055679178538551533e+00,4.556708704656377007e-01,8.439519280298908299e-01,-6.956988960793998936e-03,-3.191464386790521246e-03,8.272238045553560390e-03,8.987000000000000197e-03
1.290000000000000036e+01,-1.395685447227859921e+00,1.006890204093254582e+00,3.094685310553256130e+00,-1.395685447227859921e+00,1.006890204093254582e+00,3.094685310553256130e+00,-1.391825593184628618e+00,9.995065603657316000e-01,3.097886020062568413e+00,4.478615842799005820e-01,8.749057527641579401e-01,-7.207944953791197915e-03,-3.200709509312282819e-03,8.331666575784133638e-03,8.206000000000001487e-03
1.295000000000000107e+01,-1.418069724612565974e+00,1.007450704845036960e+00,3.138430598191463972e+00,-1.418069724612565974e+00,1.007450704845036960e+00,3.138430598191463972e+00,-1.414213562373094923e+00,1.000000000000000000e+00,-3.141592653589789119e+00,4.407972563659504073e-01,9.038631063228119711e-01,-7.450704845036975124e-03,-3.162055398332697109e-03,8.389457068546189028e-03,8.205000000000000487e-03
1.300000000000000000e+01,-1.440103550116751396e+00,1.007022434052064375e+00,-3.099561553671981606e+00,-1.440103550116751396e+00,1.007022434052064375e+00,-3.099561553671981606e+00,-1.436252595526377851e+00,9.995065603657314890e-01,-3.096492768355988634e+00,4.345225409997315325e-01,9.302484056110771338e-01,-7.681850078979870870e-03,-3.068785315992972329e-03,8.445010865950982118e-03,8.276000000000000370e-03
1.305000000000000071e+01,-1.461781436323676520e+00,1.005605128878700683e+00,-3.053049133391427805e+00,-1.461781436323676520e+00,1.005605128878700683e+00,-3.053049133391427805e+00,-1.457937254842823105e+00,9.980267284282715590e-01,-3.050134194394636289e+00,4.290768261867779487e-01,9.534872984577614785e-01,-7.897820180286225025e-03,-2.914938996791516246e-03,8.497639945584932811e-03,9.368000000000001326e-03
1.310000000000000142e+01,-1.483097926496989016e+00,1.003199430671306569e+00,-3.005374768468539681e+00,-1.483097926496989016e+00,1.003199430671306569e+00,-3.005374768468539681e+00,-1.479262189957220031e+00,9.955619646030798853e-01,-3.002678949097498329e+00,4.244930943512406629e-01,9.730345999532499235e-01,-8.095018667421247441e-03,-2.695819371041352497e-03,8.546564382594500769e-03,8.376000000000001500e-03
1.315000000000000036e+01,-1.504047576646129203e+00,9.998068983566568146e-01,-2.956723038470877363e+00,-1.504047576646129203e+00,9.998068983566568146e-01,-2.956723038470877363e+00,-1.500222139260919629e+00,9.921147013144777649e-01,-2.954314537334558732e+00,4.207968610896481443e-01,9.884046861804903772e-01,-8.269936472160656360e-03,-2.408501136318630387e-03,8.590917676468979788e-03,8.336000000000001395e-03
1.320000000000000107e+01,-1.524624940851712296e+00,9.954300287199049357e-01,-2.907302804161852716e+00,-1.524624940851712296e+00,9.954300287199049357e-01,-2.907302804161852716e+00,-1.520811931200061196e+00,9.876883405951378814e-01,-2.905250519728246772e+00,4.180052634147581880e-01,9.992016356589898951e-01,-8.419285279230564328e-03,-2.052284433605944258e-03,8.629761156877035350e-03,8.336000000000001395e-03
1.325000000000000000e+01,-1.544824562331500006e+00,9.900722828212334958e-01,-2.857342722378903410e+00,-1.544824562331500006e+00,9.900722828212334958e-01,-2.857342722378903410e+00,-1.541026485551578729e+00,9.822872507286886101e-01,-2.855713690087236412e+00,4.161263662813741160e-01,1.005145947672996920e+00,-8.540130866368154244e-03,-1.629032291666998589e-03,8.662107821317568263e-03,8.155000000000000790e-03
1.330000000000000071e+01,-1.564640972484075743e+00,9.837381167808333382e-01,-2.807085424995253486e+00,-1.564640972484075743e+00,9.837381167808333382e-01,-2.807085424995253486e+00,-1.560860814676660713e+00,9.759167619387469905e-01,-2.805942088609573837e+00,4.151587449743252001e-01,1.006094685816206535e+00,-8.630015320300060341e-03,-1.143336385679649680e-03,8.686954852811677383e-03,8.486000000000000487e-03
1.335000000000000142e+01,-1.584068699481338438e+00,9.764330142159323156e-01,-2.756780690704442982e+00,-1.584068699481338438e+00,9.764330142159323156e-01,-2.756780690704442982e+00,-1.580310024751380826e+00,9.685831611286310761e-01,-2.756178217799814423e+00,4.150913816935168366e-01,1.002052476153063143e+00,-8.687057338464858336e-03,-6.024729046285592915e-04,8.703322883694176310e-03,8.386000000000001092e-03
1.340000000000000036e+01,-1.603102286944195765e+00,9.681635169556019882e-01,-2.706678066896790025e+00,-1.603102286944195765e+00,9.681635169556019882e-01,-2.706678066896790025e+00,-1.599369316974180943e+00,9.602936856769430651e-01,-2.706661930051134313e+00,4.159038896043807387e-01,9.931718767760607802e-01,-8.710021804572065304e-03,-1.613684565571205098e-05,8.710299027679290623e-03,8.255000000000000185e-03
1.345000000000000107e+01,-1.621736321980638218e+00,9.589372504594091406e-01,-2.657019473057987025e+00,-1.621736321980638218e+00,9.589372504594091406e-01,-2.657019473057987025e+00,-1.618033988749894680e+00,9.510565162951536422e-01,-2.657623499136292367e+00,4.175670502740588819e-01,9.797430333467058716e-01,-8.698353176746938947e-03,6.040260783053419402e-04,8.707080011067527825e-03,8.215000000000000080e-03
1.350000000000000000e+01,-1.639965470616900456e+00,9.487629407067665888e-01,-2.608032321390651553e+00,-1.639965470616900456e+00,9.487629407067665888e-01,-2.608032321390651553e+00,-1.636299434850047696e+00,9.408807689542250108e-01,-2.609277363450283271e+00,4.200436248914891646e-01,9.621739553957099345e-01,-8.652171349103458114e-03,1.245042059631717990e-03,8.693011548388054205e-03,8.226000000000000673e-03
1.355000000000000071e+01,-1.657784517652415968e+00,9.376504201669035865e-01,-2.559923623620866007e+00,-1.657784517652415968e+00,9.376504201669035865e-01,-2.559923623620866007e+00,-1.654161148549124327e+00,9.297764858882510142e-01,-2.561816941836498884e+00,4.232893796993617008e-01,9.409638951018381992e-01,-8.572232768304181502e-03,1.893318215632877610e-03,8.667620474111015216e-03,8.156000000000001790e-03
1.360000000000000142e+01,-1.675188407410080682e+00,9.256106216511440499e-01,-2.512875428865774197e+00,-1.675188407410080682e+00,9.256106216511440499e-01,-2.512875428865774197e+00,-1.671614722736540104e+00,9.177546256839814731e-01,-2.515410790842174560e+00,4.272542541513186243e-01,9.166729686736319049e-01,-8.459862973694116939e-03,2.535361976400363204e-03,8.630636985876159045e-03,8.315000000000001210e-03
1.365000000000000036e+01,-1.692172281825954805e+00,9.126555601624471992e-01,-2.467041780432092768e+00,-1.692172281825954805e+00,9.126555601624471992e-01,-2.467041780432092768e+00,-1.688655851004029707e+00,9.048270524660200209e-01,-2.470200220386371548e+00,4.318835972756501773e-01,8.898912515608601304e-01,-8.316868878886055777e-03,3.158439954278779993e-03,8.582005504449667990e-03,8.196000000000000160e-03
1.370000000000000107e+01,-1.708731512797789343e+00,8.987983040539291313e-01,-2.422547217854049695e+00,-1.708731512797789343e+00,8.987983040539291313e-01,-2.422547217854049695e+00,-1.705280328708184800e+00,8.910065241883675657e-01,-2.426298338943760680e+00,4.371194027567530394e-01,8.612101658115539626e-01,-8.145439847195266175e-03,3.751121089710984791e-03,8.521883893465701659e-03,8.295000000000000290e-03
1.375000000000000000e+01,-1.724861726558865049e+00,8.840529377002259714e-01,-2.379486709563471969e+00,-1.724861726558865049e+00,8.840529377002259714e-01,-2.379486709563471969e+00,-1.721484054007887510e+00,8.763066800438633619e-01,-2.383790380104096940e+00,4.429014843136561685e-01,8.311982259284492747e-01,-7.948046071369887708e-03,4.303670540624970897e-03,8.450631901839263105e-03,8.245000000000000592e-03
1.380000000000000071e+01,-1.740558818875562963e+00,8.684345183729099693e-01,-2.337926798267049300e+00,-1.740558818875562963e+00,8.684345183729099693e-01,-2.337926798267049300e+00,-1.737263028876382620e+00,8.607420270039435328e-01,-2.342735081697068900e+00,4.491685474752891150e-01,8.003823218692622810e-01,-7.727341305497894761e-03,4.808283430019599791e-03,8.368790544655797109e-03,8.285999999999999963e-03
1.385000000000000142e+01,-1.755818960893552827e+00,8.519590300888485457e-01,-2.297907682173585986e+00,-1.755818960893552827e+00,8.519590300888485457e-01,-2.297907682173585986e+00,-1.752613360087727168e+00,8.443279255020150753e-01,-2.303166849242192615e+00,4.558591293061810545e-01,7.692348764474256084e-01,-7.486075054084419256e-03,5.259167068606629414e-03,8.277054653770321568e-03,8.085999999999999438e-03
1.390000000000000036e+01,-1.770638596327686054e+00,8.346433369392699531e-01,-2.259445938351214878e+00,-1.770638596327686054e+00,8.346433369392699531e-01,-2.259445938351214878e+00,-1.767531260177386709e+00,8.270805742745619416e-01,-2.265098432522958838e+00,4.629123920122102387e-01,7.381665428724699662e-01,-7.227017306294502424e-03,5.652494171743960294e-03,8.176241011226282815e-03,8.195000000000000895e-03
1.395000000000000107e+01,-1.785014431315582240e+00,8.165051379205099380e-01,-2.222537611207591191e+00,-1.785014431315582240e+00,8.165051379205099380e-01,-2.222537611207591191e+00,-1.782013048376735576e+00,8.090169943749476733e-01,-2.228523868394608698e+00,4.702687683536852514e-01,7.075236614362193643e-01,-6.952897110447673126e-03,5.986257187017507420e-03,8.067254384519285601e-03,8.184999999999999568e-03
1.400000000000000000e+01,-1.798943418608519362e+00,7.975629246960606045e-01,-2.187161428135780294e+00,-1.798943418608519362e+00,7.975629246960606045e-01,-2.187161428135780294e+00,-1.796055151521231075e+00,7.901550123756906352e-01,-2.193421483935332983e+00,4.778704658226624047e-01,6.775894692922912466e-01,-6.666354881429791338e-03,6.260055799552688427e-03,7.951053497103508991e-03,8.184999999999999568e-03
1.405000000000000071e+01,-1.812422737879471724e+00,7.778359431270098767e-01,-2.153281954671165899e+00,-1.812422737879471724e+00,7.778359431270098767e-01,-2.153281954671165899e+00,-1.809654104932039598e+00,7.705132427757885871e-01,-2.159756802087212879e+00,4.856618425747292744e-01,6.485880138529788175e-01,-6.369907370960978255e-03,6.474847416046980442e-03,7.828618577461997352e-03,8.234999999999999265e-03
1.410000000000000142e+01,-1.825449773840640999e+00,7.573441588868740082e-01,-2.120852553978517019e+00,-1.825449773840640999e+00,7.573441588868740082e-01,-2.120852553978517019e+00,-1.822806553270890140e+00,7.501110696304601477e-01,-2.127485239566102138e+00,4.935896714908105665e-01,6.206898030331264859e-01,-6.065923673862264574e-03,6.632685587585118725e-03,7.700921709224400891e-03,8.265000000000001512e-03
1.415000000000000036e+01,-1.838022093646245025e+00,7.361082270666186034e-01,-2.089818063826860861e+00,-1.838022093646245025e+00,7.361082270666186034e-01,-2.089818063826860861e+00,-1.835509251367962502e+00,7.289686274214109973e-01,-2.096554529215124418e+00,5.016033100156587210e-01,5.940183797681992672e-01,-5.756610413683310376e-03,6.736465388263557230e-03,7.568900805888043731e-03,8.064999999999999253e-03
1.420000000000000107e+01,-1.850137424771799877e+00,7.141494653878517340e-01,-2.060117144838450987e+00,-1.850137424771799877e+00,7.141494653878517340e-01,-2.060117144838450987e+00,-1.847759065022573699e+00,7.071067811865471286e-01,-2.066906833657933262e+00,5.096547931573028878e-01,5.686571895465731830e-01,-5.444004255183492944e-03,6.789688819482275761e-03,7.433437687641209803e-03,8.226000000000000673e-03
1.425000000000000000e+01,-1.861793634258254615e+00,6.914898304685612729e-01,-2.031684285361122555e+00,-1.861793634258254615e+00,6.914898304685612729e-01,-2.031684285361122555e+00,-1.859552971776502917e+00,6.845471059286883930e-01,-2.038480543411676393e+00,5.176988657667058735e-01,5.446562872363981400e-01,-5.129970042352768184e-03,6.796258050553838359e-03,7.295340457695087544e-03,8.095000000000001500e-03
1.430000000000000071e+01,-1.872988709923032680e+00,6.681518965070823990e-01,-2.004451470999302654e+00,-1.872988709923032680e+00,6.681518965070823990e-01,-2.004451470999302654e+00,-1.870888061659734758e+00,6.613118653236517153e-01,-2.011211771068128762e+00,5.256929683858295732e-01,5.220385852031537155e-01,-4.816203088697642784e-03,6.760300068826108344e-03,7.155330161243486121e-03,8.224999999999999672e-03
1.435000000000000142e+01,-1.883720743891245553e+00,6.441588357428256195e-01,-1.978349541739145012e+00,-1.883720743891245553e+00,6.441588357428256195e-01,-1.978349541739145012e+00,-1.881761537908450910e+00,6.374239897486897455e-01,-1.985035564911764361e+00,5.335971888862310886e-01,5.008054706211099161e-01,-4.504234400726365474e-03,6.686023172619570687e-03,7.014031554516015135e-03,8.234999999999999265e-03
1.440000000000000036e+01,-1.893987918598661002e+00,6.195344000937191842e-01,-1.953309268208089478e+00,-1.893987918598661002e+00,6.195344000937191842e-01,-1.953309268208089478e+00,-1.892170717655091261e+00,6.129070536529752644e-01,-1.959886871818177001e+00,5.413741900435834475e-01,4.809417148934727604e-01,-4.195437863185111707e-03,6.577603610087301433e-03,6.871967703282071127e-03,8.285000000000000697e-03
1.445000000000000107e+01,-1.903788495264743474e+00,5.943029034407766309e-01,-1.929262182463415742e+00,-1.903788495264743474e+00,5.943029034407766309e-01,-1.929262182463415742e+00,-1.902113032590307062e+00,5.877852522924733591e-01,-1.935701281842189481e+00,5.489891212510469298e-01,4.624196651208516973e-01,-3.891038637220921737e-03,6.439099378773960325e-03,6.729558058625289586e-03,8.295999999999999555e-03
1.450000000000000000e+01,-1.913120804725437774e+00,5.684892041143323471e-01,-1.906141199207373127e+00,-1.913120804725437774e+00,5.684892041143323471e-01,-1.906141199207373127e+00,-1.911586029596660019e+00,5.620833778521310276e-01,-1.912415586767248543e+00,5.564095208430780426e-01,4.452027514096359440e-01,-3.592122212060518995e-03,6.274387559875194142e-03,6.587119613110339195e-03,8.404999999999999277e-03
1.455000000000000071e+01,-1.921983240444793850e+00,5.421186872233650922e-01,-1.883881061636891285e+00,-1.921983240444793850e+00,5.421186872233650922e-01,-1.883881061636891285e+00,-1.920587371353885908e+00,5.358267949789972118e-01,-1.889968183021274895e+00,5.636052140143782418e-01,4.292483696777667501e-01,-3.299643705494971144e-03,6.087121384383387124e-03,6.444870715048428567e-03,8.325000000000000802e-03
1.460000000000000142e+01,-1.930374253484509861e+00,5.152172465517620426e-01,-1.862418643153002984e+00,-1.930374253484509861e+00,5.152172465517620426e-01,-1.862418643153002984e+00,-1.929114836915596376e+00,5.090414157503705406e-01,-1.868299346513839110e+00,5.705482100778229704e-01,4.145102123678001682e-01,-3.014437130707990457e-03,5.880703360836125881e-03,6.302937107529299476e-03,8.135000000000001605e-03
1.465000000000000036e+01,-1.938292349193691644e+00,4.878112658192169659e-01,-1.841693132534613087e+00,-1.938292349193691644e+00,4.878112658192169659e-01,-1.841693132534613087e+00,-1.937166322257262374e+00,4.817536741017146573e-01,-1.847351403644320378e+00,5.772126017946619392e-01,4.009401231982118730e-01,-2.737224440980465592e-03,5.658271109707513347e-03,6.161359758812729598e-03,8.205000000000000487e-03
1.470000000000000107e+01,-1.945736085381006397e+00,4.599275991677941877e-01,-1.821646126374702579e+00,-1.945736085381006397e+00,4.599275991677941877e-01,-1.821646126374702579e+00,-1.944739840795352892e+00,4.539904997395479147e-01,-1.827068819336153060e+00,5.835744687047468293e-01,3.884895499349528269e-01,-2.468624234282506581e-03,5.422692961450259475e-03,6.020104060174221589e-03,8.205000000000000487e-03
1.475000000000000000e+01,-1.952704071742520808e+00,4.315935507876058619e-01,-1.802221648877954996e+00,-1.952704071742520808e+00,4.315935507876058619e-01,-1.802221648877954996e+00,-1.951833523877494869e+00,4.257792915650723264e-01,-1.807398219694992703e+00,5.896117857553769825e-01,3.771106636012733770e-01,-2.209160051359282655e-03,5.176570817037706718e-03,5.879069985305285934e-03,8.326000000000001802e-03
1.480000000000000071e+01,-1.959194970336521679e+00,4.028368536370803277e-01,-1.783366115697891274e+00,-1.959194970336521679e+00,4.028368536370803277e-01,-1.783366115697891274e+00,-1.958445621243531498e+00,3.971478906347804538e-01,-1.788288363900391698e+00,5.953043380464806411e-01,3.667572052023966300e-01,-1.959268237730541103e-03,4.922248202500423275e-03,5.738102831485508183e-03,8.224999999999999672e-03
1.485000000000000142e+01,-1.965207496918264241e+00,3.736856472459751943e-01,-1.765028255437771421e+00,-1.965207496918264241e+00,3.736856472459751943e-01,-1.765028255437771421e+00,-1.964574501457377442e+00,3.681245526846779748e-01,-1.769690077286353080e+00,6.006336421473046361e-01,3.573851130885620786e-01,-1.719305365519582882e-03,4.661821848581659822e-03,5.597004196281507582e-03,8.215000000000000080e-03
1.490000000000000036e+01,-1.970740422970496564e+00,3.441684546140078571e-01,-1.747158999783343214e+00,-1.970740422970496564e+00,3.441684546140078571e-01,-1.747158999783343214e+00,-1.970218652309547736e+00,3.387379202452915350e-01,-1.751556155262603776e+00,6.055828741762646628e-01,3.489529762363870469e-01,-1.489555228003373605e-03,4.397155479260561606e-03,5.455542883383482540e-03,8.195000000000000895e-03
1.495000000000000107e+01,-1.975792578288158907e+00,3.143141582360070574e-01,-1.729711350971523842e+00,-1.975792578288158907e+00,3.143141582360070574e-01,-1.729711350971523842e+00,-1.975376681190275319e+00,3.090169943749477843e-01,-1.733841245767693495e+00,6.101368046477085860e-01,3.414223514110466540e-01,-1.270235430418372368e-03,4.129894796169431004e-03,5.313465476216099395e-03,8.206000000000001487e-03
1.500000000000000000e+01,-1.980362853996838757e+00,2.841519752971324309e-01,-1.712640233400971601e+00,-1.980362853996838757e+00,2.841519752971324309e-01,-1.712640233400971601e+00,-1.980047315433115074e+00,2.789911060392297748e-01,-1.716501716299272839e+00,6.142817399610749352e-01,3.347579756075974022e-01,-1.061503606620715565e-03,3.861482898301460409e-03,5.170506366146502934e-03,8.186000000000000568e-03
1.505000000000000071e+01,-1.984450205903735887e+00,2.537114320901425746e-01,-1.695902334620591700e+00,-1.984450205903735887e+00,2.537114320901425746e-01,-1.695902334620591700e+00,-1.984229402628955752e+00,2.486898871648537679e-01,-1.699495510204537041e+00,6.180054703260559057e-01,3.289278994292462177e-01,-8.634632939107972534e-04,3.593175583945118490e-03,5.026397071745068376e-03,8.184999999999999568e-03
1.510000000000000142e+01,-1.988053658096815335e+00,2.230223377118581984e-01,-1.679455939649129315e+00,-1.988053658096815335e+00,2.230223377118581984e-01,-1.679455939649129315e+00,-1.987921910910359413e+00,2.181432413965416761e-01,-1.682781995795973540e+00,6.212972238702841876e-01,3.239035621570681700e-01,-6.761694987255015537e-04,3.326056146844003081e-03,4.880874734642788766e-03,8.135000000000001605e-03
1.515000000000000036e+01,-1.991172306722426066e+00,1.921147570987030151e-01,-1.663260761541276000e+00,-1.991172306722426066e+00,1.921147570987030151e-01,-1.663260761541276000e+00,-1.991123929206159993e+00,1.873813145857239348e-01,-1.666321810950855298e+00,6.241476266554610852e-01,3.196598251158455639e-01,-4.996339846748383898e-04,3.061049409579297276e-03,4.733689724491644754e-03,8.135000000000001605e-03
1.520000000000000107e+01,-1.993805323884031200e+00,1.610189834621692517e-01,-1.647277770285483722e+00,-1.993805323884031200e+00,1.610189834621692517e-01,-1.647277770285483722e+00,-1.993834667466255928e+00,1.564344650402320902e-01,-1.650076705123150855e+00,6.265486683261732859e-01,3.161749764960349318e-01,-3.338303120877052005e-04,2.798934837667133024e-03,4.584612328965119964e-03,8.234999999999999265e-03
1.525000000000000000e+01,-1.995951961615015868e+00,1.297655101847970949e-01,-1.631469021460681956e+00,-1.995951961615015868e+00,1.297655101847970949e-01,-1.631469021460681956e+00,-1.996053456856543118e+00,1.253332335643038975e-01,-1.634009380114820775e+00,6.284936731291822509e-01,3.134307179406435329e-01,-1.786986552475067821e-04,2.540358654139041050e-03,4.433438544135158421e-03,8.276000000000000370e-03
1.530000000000000071e+01,-1.997611555887055967e+00,9.838500223612330065e-02,-1.615797485563649882e+00,-1.997611555887055967e+00,9.838500223612330065e-02,-1.615797485563649882e+00,-1.997779749923940029e+00,9.410831331851238213e-02,-1.618083330494513472e+00,6.299772760642549096e-01,3.114121408591615237e-01,-3.415042011377820096e-05,2.285844930863589752e-03,4.279995015424598211e-03,8.265000000000001512e-03
1.535000000000000142e+01,-1.998783530622469717e+00,6.690826716640832506e-02,-1.600226878520691898e+00,-1.998783530622469717e+00,6.690826716640832506e-02,-1.600226878520691898e+00,-1.999013120731463200e+00,6.279051952931338776e-02,-1.602262684194616593e+00,6.309954039583104413e-01,3.101076985029557753e-01,9.992731824441276347e-05,2.035805673924695469e-03,4.124143210528530626e-03,8.035000000000000475e-03
1.540000000000000036e+01,-1.999467401684620338e+00,3.536622573398180702e-02,-1.584721493595544040e+00,-1.999467401684620338e+00,3.536622573398180702e-02,-1.584721493595544040e+00,-1.999753264963321175e+00,3.141075907812847928e-02,-1.586512043544509698e+00,6.315452612900991358e-01,3.095091782535543956e-01,2.236675429020876910e-04,1.790549948965658444e-03,3.965782934009008318e-03,8.145000000000001197e-03
1.545000000000000107e+01,-1.999662780825005370e+00,3.789882219944869235e-03,-1.569246034682866275e+00,-1.999662780825005370e+00,3.789882219944869235e-03,-1.569246034682866275e+00,-2.000000000000000000e+00,3.673940397442059375e-16,-1.570796326794896558e+00,6.316253206327305803e-01,3.096116772448112009e-01,3.372191749946298282e-04,1.550292112030504654e-03,3.804855320907159569e-03,8.245000000000000592e-03
1.550000000000000000e+01,-1.999369379569388983e+00,-2.778970551822508572e-02,-1.553765450820625782e+00,-1.999369379569388983e+00,-2.778970551822508572e-02,-1.553765450820625782e+00,-1.999753264963321175e+00,-3.141075907812952012e-02,-1.555080610045277867e+00,6.312353176227363249e-01,3.104135833103278674e-01,4.407430977558308874e-04,1.315159224652084902e-03,3.641345476519778322e-03,8.135000000000001605e-03
1.555000000000000071e+01,-1.998587013028384485e+00,-5.934145620478308708e-02,-1.538244771655109311e+00,-1.998587013028384485e+00,-5.934145620478308708e-02,-1.538244771655109311e+00,-1.999013120731462978e+00,-6.279051952931442859e-02,-1.539329969395176523e+00,6.303762504071438455e-01,3.119165622596335452e-01,5.344083195311209603e-04,1.085197740067211924e-03,3.475284965474057398e-03,8.234999999999999265e-03
1.560000000000000142e+01,-1.997315603620450242e+00,-9.083429546826589374e-02,-1.522648943542127542e+00,-1.997315603620450242e+00,-9.083429546826589374e-02,-1.522648943542127542e+00,-1.997779749923940029e+00,-9.410831331851342296e-02,-1.523509323095284085e+00,6.290503835639843500e-01,3.141255515668299192e-01,6.183882739093065749e-04,8.603795531563207533e-04,3.306754401945007950e-03,8.115000000000000685e-03
1.565000000000000036e+01,-1.995555184697433537e+00,-1.222371862832841022e-01,-1.506942665963786121e+00,-1.995555184697433537e+00,-1.222371862832841022e-01,-1.506942665963786121e+00,-1.996053456856543118e+00,-1.253332335643031759e-01,-1.507583273474971675e+00,6.272612565354840353e-01,3.170487596701193622e-01,6.928572583866044951e-04,6.406075111855535908e-04,3.135886463322504116e-03,8.186000000000000568e-03
1.570000000000000107e+01,-1.993305904064703427e+00,-1.535191594883802968e-01,-1.491090227980280236e+00,-1.993305904064703427e+00,-1.535191594883802968e-01,-1.491090227980280236e+00,-1.993834667466255928e+00,-1.564344650402313686e-01,-1.491515948466644481e+00,6.250136966565573715e-01,3.206976691684401692e-01,7.579870162896186394e-04,4.257204863642449766e-04,2.962869756751898478e-03,8.265000000000001512e-03
1.575000000000000000e+01,-1.990568027389607586e+00,-1.846493443387830780e-01,-1.475055344521858158e+00,-1.990568027389607586e+00,-1.846493443387830780e-01,-1.475055344521858158e+00,-1.991123929206159993e+00,-1.873813145857249618e-01,-1.475270842638938706e+00,6.223138369036377293e-01,3.250870412034612134e-01,8.139434701380755203e-04,2.154981170807701574e-04,2.787954135171875902e-03,8.095000000000001500e-03
1.580000000000000071e+01,-1.987341941493516950e+00,-2.155969990549151949e-01,-1.458800992461685153e+00,-1.987341941493516950e+00,-2.155969990549151949e-01,-1.458800992461685153e+00,-1.987921910910359413e+00,-2.181432413965427031e-01,-1.458810657793819576e+00,6.191691385284924243e-01,3.302349171945476725e-01,8.608836184016708040e-04,9.665332134645154838e-06,2.611458325681136235e-03,8.105000000000001092e-03
1.585000000000000142e+01,-1.983628157524115476e+00,-2.463315413295518452e-01,-1.442289246601957675e+00,-1.983628157524115476e+00,-2.463315413295518452e-01,-1.442289246601957675e+00,-1.984229402628955752e+00,-2.486898871648547671e-01,-1.442097143385252300e+00,6.155884187792662887e-01,3.361626127693710386e-01,8.989526118085332598e-04,-1.921032167055969353e-04,2.433781164152814917e-03,8.496000000000001814e-03
1.590000000000000036e+01,-1.979427314005812732e+00,-2.768225787586490738e-01,-1.425481115963489032e+00,-1.979427314005812732e+00,-2.768225787586490738e-01,-1.425481115963489032e+00,-1.980047315433115074e+00,-2.789911060392290532e-01,-1.425090937290524495e+00,6.115818839442082044e-01,3.428946971575984048e-01,9.282810302708628409e-04,-3.901786729647582774e-04,2.255418439331500352e-03,8.496000000000001814e-03
1.595000000000000107e+01,-1.974740179767197956e+00,-3.070399391631533637e-01,-1.408336381105609103e+00,-1.974740179767197956e+00,-3.070399391631533637e-01,-1.408336381105609103e+00,-1.975376681190275541e+00,-3.090169943749470627e-01,-1.407751407822099843e+00,6.071611679785053894e-01,3.504589494128003690e-01,9.489823872812473433e-04,-5.849732835092602556e-04,2.076988534407549127e-03,8.346000000000000987e-03
1.600000000000000000e+01,-1.969567656745240702e+00,-3.369537007714561438e-01,-1.390813433634969121e+00,-1.969567656745240702e+00,-3.369537007714561438e-01,-1.390813433634969121e+00,-1.970218652309547958e+00,-3.387379202452908689e-01,-1.390036498327185344e+00,6.023393769924748620e-01,3.588862805155033087e-01,9.611508956144127359e-04,-7.769353077837770627e-04,1.899272059384538112e-03,8.216000000000001080e-03
1.605000000000000071e+01,-1.963910782666400623e+00,-3.665342222347451329e-01,-1.372869119609194000e+00,-1.963910782666400623e+00,-3.665342222347451329e-01,-1.372869119609194000e+00,-1.964574501457377220e+00,-3.681245526846789184e-01,-1.371902576303445809e+00,5.971311398829440842e-01,3.682106076219464064e-01,9.648595366417490361e-04,-9.665433057479688728e-04,1.723274085420550090e-03,8.255999999999999450e-03
1.610000000000000142e+01,-1.957770733604825564e+00,-3.957521724502491289e-01,-1.354458589228096699e+00,-1.957770733604825564e+00,-3.957521724502491289e-01,-1.354458589228096699e+00,-1.958445621243531720e+00,-3.971478906347797877e-01,-1.353304289689401418e+00,5.915526653762032128e-01,3.784686633558083657e-01,9.601584858436723862e-04,-1.154299538695280347e-03,1.550323377720896597e-03,8.195000000000000895e-03
1.615000000000000213e+01,-1.951148826417280491e+00,-4.245785601703141454e-01,-1.335535156060306372e+00,-1.951148826417280491e+00,-4.245785601703141454e-01,-1.335535156060306372e+00,-1.951833523877494647e+00,-4.257792915650732701e-01,-1.334194433894804410e+00,5.856218057130683219e-01,3.896997190353964080e-01,9.470739595571530181e-04,-1.340722165501961882e-03,1.382232431389131180e-03,8.276000000000000370e-03
1.619999999999999929e+01,-1.944046521053172327e+00,-4.529847633783333771e-01,-1.316050170108536532e+00,-1.944046521053172327e+00,-4.529847633783333771e-01,-1.316050170108536532e+00,-1.944739840795353114e+00,-4.539904997395472486e-01,-1.314523834253639389e+00,5.793581271372337804e-01,4.019451959962887511e-01,9.256075629692748791e-04,-1.526335854896920807e-03,1.221555521933142359e-03,8.255000000000000185e-03
1.625000000000000000e+01,-1.936465422735888842e+00,-4.809425584157446254e-01,-1.295952910308722172e+00,-1.936465422735888842e+00,-4.809425584157446254e-01,-1.295952910308722172e+00,-1.937166322257262152e+00,-4.817536741017155455e-01,-1.294241249945475625e+00,5.727829872364776920e-01,4.152481336941769574e-01,8.957362371507312940e-04,-1.711660363246547689e-03,1.071992908133916718e-03,8.125999999999999543e-03
1.630000000000000071e+01,-1.928407284008404332e+00,-5.084241488475245152e-01,-1.275190503624013427e+00,-1.928407284008404332e+00,-5.084241488475245152e-01,-1.275190503624013427e+00,-1.929114836915596154e+00,-5.090414157503714288e-01,-1.273293307075952230e+00,5.659196190184887509e-01,4.296524770585742337e-01,8.574129237664178480e-04,-1.897196548060975374e-03,9.389619512130509098e-04,8.275000000000001105e-03
1.635000000000000142e+01,-1.919874006631568486e+00,-5.354021940566068283e-01,-1.253707879771084777e+00,-1.919874006631568486e+00,-5.354021940566068283e-01,-1.253707879771084777e+00,-1.920587371353886130e+00,-5.358267949789965456e-01,-1.251624470568524217e+00,5.587932213659788649e-01,4.452021387242435235e-01,8.105680900409918156e-04,-2.083409202560559947e-03,8.301657487161997204e-04,8.186000000000000568e-03
1.640000000000000213e+01,-1.910867643317416986e+00,-5.618498375603288020e-01,-1.231447772834872501e+00,-1.910867643317416986e+00,-5.618498375603288020e-01,-1.231447772834872501e+00,-1.911586029596659797e+00,-5.620833778521319157e-01,-1.229177066822550568e+00,5.514310551867694921e-01,4.619397845505378020e-01,7.551122834049501728e-04,-2.270706012321710432e-03,7.553938801048188127e-04,8.196000000000000160e-03
1.644999999999999929e+01,-1.901390399272082865e+00,-5.877407350439279865e-01,-1.208350783607345713e+00,-1.901390399272082865e+00,-5.877407350439279865e-01,-1.208350783607345713e+00,-1.902113032590307284e+00,-5.877852522924728040e-01,-1.205891371747590091e+00,5.438625441332376464e-01,4.799052836983019876e-01,6.909399143171636535e-04,-2.459411859755622487e-03,7.240032444858489650e-04,8.245000000000000592e-03
1.650000000000000000e+01,-1.891444633513260420e+00,-6.130490821068983465e-01,-1.184355519422430669e+00,-1.891444633513260420e+00,-6.130490821068983465e-01,-1.184355519422430669e+00,-1.892170717655090817e+00,-6.129070536529760416e-01,-1.181705781771621444e+00,5.361193781844486583e-01,4.991337582471787049e-01,6.179344957885498594e-04,-2.649737650809225187e-03,7.398447558381039376e-04,8.156000000000001790e-03
1.655000000000000071e+01,-1.881032859915665156e+00,-6.377496417170481768e-01,-1.159398831510071837e+00,-1.881032859915665156e+00,-6.377496417170481768e-01,-1.159398831510071837e+00,-1.881761537908451132e+00,-6.374239897486890793e-01,-1.156557088678022094e+00,5.282356176363014466e-01,5.196531630676587410e-01,5.359755968496986286e-04,-2.841742832049742873e-03,7.981358416126623206e-04,8.165000000000000382e-03
1.660000000000000142e+01,-1.870157747924625191e+00,-6.618177713637410919e-01,-1.133416173356688983e+00,-1.870157747924625191e+00,-6.618177713637410919e-01,-1.133416173356688983e+00,-1.870888061659734314e+00,-6.613118653236524924e-01,-1.130380882521658137e+00,5.202477940991658834e-01,5.414813261525247556e-01,4.449477911143244480e-04,-3.035290835030846068e-03,8.884250520371233953e-04,8.115000000000000685e-03
1.665000000000000213e+01,-1.858822122863218240e+00,-6.852294498951380097e-01,-1.106342107049062662e+00,-1.858822122863218240e+00,-6.852294498951380097e-01,-1.106342107049062662e+00,-1.859552971776503139e+00,-6.845471059286878379e-01,-1.103112110178119831e+00,5.121950039326566007e-01,5.646223852704715940e-01,3.447518954655429363e-04,-3.229996870942830611e-03,9.998667024162120800e-04,8.215000000000000080e-03
1.669999999999999929e+01,-1.847028965742974371e+00,-7.079613040133788671e-01,-1.078110987785539265e+00,-1.847028965742974371e+00,-7.079613040133788671e-01,-1.078110987785539265e+00,-1.847759065022573921e+00,-7.071067811865465735e-01,-1.074685819931865627e+00,5.041189881339116496e-01,5.890625718175376280e-01,2.353187903991602243e-04,-3.425167853673638518e-03,1.123945825940572338e-03,8.195000000000000895e-03
1.675000000000000000e+01,-1.834781412473330153e+00,-7.299906343856054081e-01,-1.048657859194662478e+00,-1.834781412473330153e+00,-7.299906343856054081e-01,-1.048657859194662478e+00,-1.835509251367962058e+00,-7.289686274214117745e-01,-1.045038124374672694e+00,4.960641910340755634e-01,6.147653211473721457e-01,1.166260828714532887e-04,-3.619734819989783858e-03,1.254690277080076910e-03,8.195000000000000895e-03
1.680000000000000071e+01,-1.822082752352672363e+00,-7.512954413067052251e-01,-1.017919593137293965e+00,-1.822082752352672363e+00,-7.512954413067052251e-01,-1.017919593137293965e+00,-1.822806553270890362e+00,-7.501110696304595926e-01,-1.014107414023694531e+00,4.880777882709838034e-01,6.416657351404909670e-01,-1.128219784205365759e-05,-3.812179113599434288e-03,1.388028831367024186e-03,8.406000000000000277e-03
1.685000000000000142e+01,-1.808936425716616503e+00,-7.718544498213033567e-01,-9.858363063802695336e-01,-1.808936425716616503e+00,-7.718544498213033567e-01,-9.858363063802695336e-01,-1.809654104932038265e+00,-7.705132427757903635e-01,-9.818358515025762401e-01,4.802096724543132300e-01,6.696644922869223748e-01,-1.482728056110640437e-04,-4.000454877693293554e-03,1.521150812767126364e-03,8.276000000000000370e-03
1.690000000000000213e+01,-1.795346020620694594e+00,-7.916471341781619042e-01,-9.523530817659233705e-01,-1.795346020620694594e+00,-7.916471341781619042e-01,-9.523530817659233705e-01,-1.796055151521231297e+00,-7.901550123756901911e-01,-9.481711696544552481e-01,4.725123828472098109e-01,6.986213974403761018e-01,-2.940975140576667680e-04,-4.181912111468122362e-03,1.652057537589847165e-03,8.356000000000000580e-03
1.694999999999999929e+01,-1.781315268449152667e+00,-8.106537414514749518e-01,-9.174220118939047097e-01,-1.781315268449152667e+00,-8.106537414514749518e-01,-9.174220118939047097e-01,-1.782013048376736020e+00,-8.090169943749472292e-01,-9.130687851951906353e-01,4.650409634529847902e-01,7.283488899094316960e-01,-4.483647955109051203e-04,-4.353226698714074416e-03,1.779280140916622392e-03,8.195000000000000895e-03
1.700000000000000000e+01,-1.766848038373774132e+00,-8.288553141240636579e-01,-8.810045673984330250e-01,-1.766848038373774132e+00,-8.288553141240636579e-01,-8.810045673984330250e-01,-1.767531260177387153e+00,-8.270805742745614975e-01,-8.764942210668307254e-01,4.578527324130610143e-01,7.586059826506319492e-01,-6.105097313399337816e-04,-4.510346331602299585e-03,1.901708065488281248e-03,8.236000000000000265e-03
1.705000000000000071e+01,-1.751948330640925366e+00,-8.462337113930790133e-01,-8.430742682659015941e-01,-1.751948330640925366e+00,-8.462337113930790133e-01,-8.430742682659015941e-01,-1.752613360087726724e+00,-8.443279255020156304e-01,-8.384258043476058297e-01,4.510069449968562849e-01,7.890932779111109463e-01,-7.797634170455015890e-04,-4.648463918295764330e-03,2.018485577775866197e-03,8.276000000000000370e-03
1.710000000000000142e+01,-1.736620268744102136e+00,-8.627716289382236781e-01,-8.036196043703460745e-01,-1.736620268744102136e+00,-8.627716289382236781e-01,-8.036196043703460745e-01,-1.737263028876382176e+00,-8.607420270039440879e-01,-7.988575718927242164e-01,4.445643331962961242e-01,8.194498763868212077e-01,-9.551236786089890938e-04,-4.762032477621858106e-03,2.128949177242169064e-03,8.316000000000002210e-03
1.715000000000000213e+01,-1.720868090642611703e+00,-8.784526168968899151e-01,-7.626471105510050918e-01,-1.720868090642611703e+00,-8.784526168968899151e-01,-7.626471105510050918e-01,-1.721484054007887954e+00,-8.763066800438630288e-01,-7.578022734856992848e-01,4.385865075946851488e-01,8.492531358680041054e-01,-1.135329504525266642e-03,-4.844837065305807045e-03,2.232589493064361143e-03,8.196000000000000160e-03
1.719999999999999929e+01,-1.704696139308637282e+00,-8.932610958325990502e-01,-7.201844537576049810e-01,-1.704696139308637282e+00,-8.932610958325990502e-01,-7.201844537576049810e-01,-1.705280328708185023e+00,-8.910065241883672327e-01,-7.152943146460319923e-01,4.331352123163439982e-01,8.780222965610846586e-01,-1.318842143723721917e-03,-4.890139111572988639e-03,2.329027812955034461e-03,8.205000000000000487e-03
1.725000000000000000e+01,-1.688108853011364374e+00,-9.071823705742200206e-01,-6.762833389295508368e-01,-1.688108853011364374e+00,-9.071823705742200206e-01,-6.762833389295508368e-01,-1.688655851004029929e+00,-9.048270524660196878e-01,-6.713924332034144626e-01,4.282714318952672294e-01,9.052269199137974454e-01,-1.503836211106417652e-03,-4.890905726136374199e-03,2.418001280974958495e-03,8.054999999999999660e-03
1.730000000000000071e+01,-1.671110755856240138e+00,-9.202026419499798049e-01,-6.310219929338609646e-01,-1.671110755856240138e+00,-9.202026419499798049e-01,-6.310219929338609646e-01,-1.671614722736539438e+00,-9.177546256839819172e-01,-6.261818627476207766e-01,4.240543599357949889e-01,9.303008329817954447e-01,-1.688204240025568221e-03,-4.840130186240187982e-03,2.499353167327268525e-03,8.135000000000001605e-03
1.735000000000000142e+01,-1.653706449160690095e+00,-9.323090166382697053e-01,-5.845069512847711479e-01,-1.653706449160690095e+00,-9.323090166382697053e-01,-5.845069512847711479e-01,-1.654161148549122773e+00,-9.297764858882520134e-01,-5.797757117532884585e-01,4.205402530838117103e-01,9.526617960369028193e-01,-1.869577778655189242e-03,-4.731239531482689387e-03,2.573026143206909831e-03,8.276000000000000370e-03
1.740000000000000213e+01,-1.635900604232848110e+00,-9.434895155872689010e-01,-5.368738614829258182e-01,-1.635900604232848110e+00,-9.434895155872689010e-01,-5.368738614829258182e-01,-1.636299434850047918e+00,-9.408807689542247887e-01,-5.323152901395076242e-01,4.177812090307208570e-01,9.717364212733331508e-01,-2.045367229073284839e-03,-4.558571343418194033e-03,2.639057569784140217e-03,1.288400000000000135e-02
1.744999999999999929e+01,-1.617697957000817643e+00,-9.537330816797944255e-01,-4.882870404192591884e-01,-1.617697957000817643e+00,-9.537330816797944255e-01,-4.882870404192591884e-01,-1.618033988749895125e+00,-9.510565162951534202e-01,-4.839691544535007495e-01,4.158239222664380508e-01,9.869890281122628561e-01,-2.212821135803292021e-03,-4.317885965758438971e-03,2.697576615157857519e-03,8.226000000000000673e-03
1.750000000000000000e+01,-1.599103304707110151e+00,-9.630295874849426063e-01,-4.389375890136459901e-01,-1.599103304707110151e+00,-9.630295874849426063e-01,-4.389375890136459901e-01,-1.599369316974180277e+00,-9.602936856769433982e-01,-4.349307235386516979e-01,4.147084837236906241e-01,9.979522562127888241e-01,-2.369103630010014217e-03,-4.006865474994292242e-03,2.748803599612952356e-03,8.135000000000001605e-03
1.755000000000000071e+01,-1.580121504554210521e+00,-9.713698439840220411e-01,-3.890399762030067876e-01,-1.580121504554210521e+00,-9.713698439840220411e-01,-3.890399762030067876e-01,-1.580310024751380160e+00,-9.685831611286314091e-01,-3.854144357899755846e-01,4.144672977236054101e-01,1.004256555690346442e+00,-2.511386460543775425e-03,-3.625540413031203002e-03,2.793052309082120436e-03,8.166000000000001383e-03
1.760000000000000142e+01,-1.560757473813824125e+00,-9.787456110353964789e-01,-3.388271484184892657e-01,-1.560757473813824125e+00,-9.787456110353964789e-01,-3.388271484184892657e-01,-1.560860814676658936e+00,-9.759167619387475456e-01,-3.356505649802157265e-01,4.151241894829378887e-01,1.005655334479623075e+00,-2.636949860415364368e-03,-3.176583438273539173e-03,2.830736043071294290e-03,8.276000000000000370e-03
1.765000000000000213e+01,-1.541016190573664790e+00,-9.851496100321586180e-01,-2.885443816945079121e-01,-1.541016190573664790e+00,-9.851496100321586180e-01,-2.885443816945079121e-01,-1.541026485551579173e+00,-9.822872507286884991e-01,-2.858789635025598130e-01,4.166937675969715760e-01,1.002042718557546674e+00,-2.743284839477131819e-03,-2.665418191948099036e-03,2.862377817258267287e-03,8.145000000000001197e-03
1.769999999999999929e+01,-1.520902694081810003e+00,-9.905755387358782249e-01,-2.384422457666306450e-01,-1.520902694081810003e+00,-9.905755387358782249e-01,-2.384422457666306450e-01,-1.520811931200061640e+00,-9.876883405951377704e-01,-2.363421338615432354e-01,4.191810885937073961e-01,9.934616176670066912e-01,-2.828188750474396745e-03,-2.100111905087409525e-03,2.888624413903338479e-03,8.386000000000001092e-03
1.775000000000000000e+01,-1.500422083633812020e+00,-9.950180877172382088e-01,-1.887691648832801050e-01,-1.500422083633812020e+00,-9.950180877172382088e-01,-1.887691648832801050e-01,-1.500222139260918963e+00,-9.921147013144778759e-01,-1.872781162552326073e-01,4.225816467902531182e-01,9.801009899030390660e-01,-2.889846374288052109e-03,-1.491048628047497715e-03,2.910262935884863362e-03,8.174999999999999975e-03
1.780000000000000071e+01,-1.479579515162324332e+00,-9.984729573145768589e-01,-1.397641153881279408e-01,-1.479579515162324332e+00,-9.984729573145768589e-01,-1.397641153881279408e-01,-1.479262189957219364e+00,-9.955619646030799963e-01,-1.389137044922952313e-01,4.268816856148966443e-01,9.622826340385394195e-01,-2.926890295065235400e-03,-8.504108958327094570e-04,2.928237328527653199e-03,8.216000000000001080e-03
1.785000000000000142e+01,-1.458380195103563537e+00,-1.000936873654405090e+00,-9.164998368620080882e-02,-1.458380195103563537e+00,-1.000936873654405090e+00,-9.164998368620080882e-02,-1.457937254842823105e+00,-9.980267284282715590e-01,-9.145845919515682709e-02,4.320588003393420751e-01,9.404392090992662601e-01,-2.938436716121370102e-03,-1.915244910439817261e-04,2.943661208728440542e-03,8.165000000000000382e-03
1.790000000000000213e+01,-1.436829371643799425e+00,-1.002407602153629451e+00,-4.462802323123771231e-02,-1.436829371643799425e+00,-1.002407602153629451e+00,-4.462802323123771231e-02,-1.436252595526377851e+00,-9.995065603657316000e-01,-4.509988523380714653e-02,4.380827806163800631e-01,9.150862055305269971e-01,-2.924095648311520607e-03,4.718620025694342246e-04,2.957822534358250932e-03,8.226000000000000673e-03
1.794999999999999929e+01,-1.414932323974207762e+00,-1.002883957072698173e+00,1.126287045288609789e-03,-1.414932323974207762e+00,-1.002883957072698173e+00,1.126287045288609789e-03,-1.414213562373095368e+00,-1.000000000000000000e+00,0.000000000000000000e+00,4.449166270752512586e-01,8.867910911104575078e-01,-2.883957072698173363e-03,1.126287045288609789e-03,2.972175404716126575e-03,8.165000000000000382e-03
1.800000000000000000e+01,-1.392694350588839836e+00,-1.002365806076249477e+00,4.546584160081135195e-02,-1.392694350588839836e+00,-1.002365806076249477e+00,4.546584160081135195e-02,-1.391825593184629062e+00,-9.995065603657316000e-01,4.370663352722781170e-02,4.525176706360955481e-01,8.561427908593798319e-01,-2.818556806170602769e-03,1.759208073583540255e-03,2.988314819507128552e-03,8.165000000000000382e-03
1.805000000000000071e+01,-1.370120757868974026e+00,-1.000854069293696469e+00,8.827298114378034910e-02,-1.370120757868974026e+00,-1.000854069293696469e+00,8.827298114378034910e-02,-1.369094211857376564e+00,-9.980267284282714479e-01,8.591347505124380390e-02,4.608387256868396453e-01,8.237241313330582182e-01,-2.728827123715243420e-03,2.359506092536545196e-03,3.007931695239930876e-03,8.224999999999999672e-03
1.810000000000000142e+01,-1.347216850182736625e+00,-9.983507129429477489e-01,1.294591877104331878e-01,-1.347216850182736625e+00,-9.983507129429477489e-01,1.294591877104331878e-01,-1.346025027019546183e+00,-9.955619646030798853e-01,1.265413517787061792e-01,4.698292170910450816e-01,7.900890684810620845e-01,-2.616037659918918432e-03,2.917835931727008614e-03,3.032747888538220565e-03,8.135000000000001605e-03
1.815000000000000213e+01,-1.323987922519925808e+00,-9.948587380808142644e-01,1.689636411344861422e-01,-1.323987922519925808e+00,-9.948587380808142644e-01,1.689636411344861422e-01,-1.322623730647304541e+00,-9.921147013144779869e-01,1.655368238699050920e-01,4.794362337802793306e-01,7.557456272767427707e-01,-2.481731842606253909e-03,3.426817264581050182e-03,3.064434244739340767e-03,8.255999999999999450e-03
1.819999999999999929e+01,-1.300439256343741468e+00,-9.903821654007831654e-01,2.067509224983234972e-01,-1.300439256343741468e+00,-9.903821654007831654e-01,2.067509224983234972e-01,-1.298896096660366872e+00,-9.876883405951376593e-01,2.028698429353830157e-01,4.896054760048930143e-01,7.211446786231906492e-01,-2.327663323632330351e-03,3.881079562940481509e-03,3.104518302716836962e-03,8.064999999999999253e-03
1.825000000000000000e+01,-1.276576118952414962e+00,-9.849260171824314458e-01,2.428081564294828354e-01,-1.276576118952414962e+00,-9.849260171824314458e-01,2.428081564294828354e-01,-1.274847979497379269e+00,-9.822872507286886101e-01,2.385309701662974291e-01,5.002820771494566054e-01,6.866740686333647758e-01,-2.155735813594539165e-03,4.277186263185406290e-03,3.154291421769650494e-03,8.224999999999999672e-03
1.830000000000000071e+01,-1.252403766275900443e+00,-9.784962975153659315e-01,2.771418598611510298e-01,-1.252403766275900443e+00,-9.784962975153659315e-01,2.771418598611510298e-01,-1.250485312671410165e+00,-9.759167619387473236e-01,2.725283905658661965e-01,5.114112929788885431e-01,6.526572339483391882e-01,-1.967948615625545079e-03,4.613469295284833294e-03,3.214726741672273725e-03,8.206000000000001487e-03
1.835000000000000142e+01,-1.227927448736225724e+00,-9.710999718093782374e-01,3.097747215585680003e-01,-1.227927448736225724e+00,-9.710999718093782374e-01,3.097747215585680003e-01,-1.225814107305952971e+00,-9.685831611286311871e-01,3.048849158476665266e-01,5.229390605514434576e-01,6.193552684041501166e-01,-1.766349143477970781e-03,4.889805710901473645e-03,3.286418720070483426e-03,8.174999999999999975e-03
1.840000000000000213e+01,-1.203152419599860634e+00,-9.627449464084912867e-01,3.407424849787754617e-01,-1.203152419599860634e+00,-9.627449464084912867e-01,3.407424849787754617e-01,-1.200840450651768254e+00,-9.602936856769431762e-01,3.356351199971934207e-01,5.348124356508825450e-01,5.869714046148536424e-01,-1.552992887564594304e-03,5.107364981582040997e-03,3.369551838297366996e-03,8.125000000000000278e-03
1.844999999999999929e+01,-1.178083945149223544e+00,-9.534400488960469433e-01,3.700910552095182382e-01,-1.178083945149223544e+00,-9.534400488960469433e-01,3.700910552095182382e-01,-1.175570504584946718e+00,-9.510565162951537532e-01,3.648227049614569673e-01,5.469799216777482265e-01,5.556569822843746564e-01,-1.329910688385709232e-03,5.268350248061270946e-03,3.463901143172660058e-03,8.255000000000000185e-03
1.850000000000000000e+01,-1.152727315985097922e+00,-9.431950094485354041e-01,3.978739043237369266e-01,-1.152727315985097922e+00,-9.431950094485354041e-01,3.978739043237369266e-01,-1.150010504086557583e+00,-9.408807689542256769e-01,3.924981535591460791e-01,5.593917049358719806e-01,5.255181409157011485e-01,-1.099082778698456768e-03,5.375750764590847552e-03,3.568861997549539929e-03,8.245000000000000592e-03
1.855000000000000071e+01,-1.127087858820936983e+00,-9.320204433930683319e-01,4.241498113695221228e-01,-1.127087858820936983e+00,-9.320204433930683319e-01,4.241498113695221228e-01,-1.124166755704261833e+00,-9.297764858882516803e-01,4.187166943902131955e-01,5.719998116688850276e-01,4.966226573848631087e-01,-8.624188305205739667e-04,5.433116979308927341e-03,3.683502233156951168e-03,8.215000000000000080e-03
1.860000000000000142e+01,-1.101170948220467682e+00,-9.199278349609683048e-01,4.489809442387651117e-01,-1.101170948220467682e+00,-9.199278349609683048e-01,4.489809442387651117e-01,-1.098045635996262925e+00,-9.177546256839808070e-01,4.435365795339243355e-01,5.847582015340319073e-01,4.690065215371892471e-01,-6.217431492885196025e-04,5.444364704840776170e-03,3.806627780641050427e-03,8.145000000000001197e-03
1.865000000000000213e+01,-1.074982017840671711e+00,-9.069295221120639017e-01,4.724312703156243742e-01,-1.074982017840671711e+00,-9.069295221120639017e-01,4.724312703156243742e-01,-1.071653589957994201e+00,-9.048270524660200209e-01,4.670176594031847372e-01,5.976228108665159189e-01,4.426799906731031520e-01,-3.787841551829965094e-04,5.413610912439636991e-03,3.936852903363417290e-03,8.206000000000001487e-03
1.869999999999999929e+01,-1.048526570856599172e+00,-8.930386822285004689e-01,4.945652698492795096e-01,-1.048526570856599172e+00,-8.930386822285004689e-01,4.945652698492795096e-01,-1.044997129431898930e+00,-8.910065241883684539e-01,4.892202290015954524e-01,6.105515574144919633e-01,4.176329808152035028e-01,-1.351673469344556126e-04,5.345040847684057184e-03,4.072667807526567617e-03,8.196000000000000160e-03
1.875000000000000000e+01,-1.021810189351118892e+00,-8.782693184369849693e-01,5.154469188900394627e-01,-1.021810189351118892e+00,-8.782693184369849693e-01,5.154469188900394627e-01,-1.018082831500742413e+00,-8.763066800438634729e-01,5.102041145915525711e-01,6.235043164467798382e-01,3.938397393004137714e-01,1.075889696711010510e-04,5.242804298486891668e-03,4.212498784203704862e-03,8.135000000000001605e-03
1.880000000000000071e+01,-9.948385425448484920e-01,-8.626362463066110653e-01,5.351389058550601874e-01,-9.948385425448484920e-01,-8.626362463066110653e-01,5.351389058550601874e-01,-9.909173368648149793e-01,-8.607420270039436438e-01,5.300279680891510914e-01,6.364428764094945956e-01,3.712628031544976670e-01,3.480758062559055621e-04,5.110937765909095987e-03,4.354758403370379005e-03,8.215000000000000080e-03
1.885000000000000142e+01,-9.676173938160533838e-01,-8.461550806779302158e-01,5.537020460127850541e-01,-9.676173938160533838e-01,-8.461550806779302158e-01,5.537020460127850541e-01,-9.635073482034290926e-01,-8.443279255020141871e-01,5.487487372104515870e-01,6.493308807238212799e-01,3.498562859149850213e-01,5.849939857086794079e-04,4.953308802333467042e-03,4.497885166912214162e-03,8.145000000000001197e-03
1.890000000000000213e+01,-9.401526065169906188e-01,-8.288422224008504813e-01,5.711948603085343912e-01,-9.401526065169906188e-01,-8.288422224008504813e-01,5.711948603085343912e-01,-9.358596285211470134e-01,-8.270805742745619416e-01,5.664212815967912817e-01,6.621337609254247525e-01,3.295685572454610801e-01,8.171534266622722861e-04,4.773578711743109437e-03,4.640373281714877708e-03,8.356000000000000580e-03
1.894999999999999929e+01,-9.124501486332753375e-01,-8.107148447885239584e-01,5.876732881708073286e-01,-9.124501486332753375e-01,-8.107148447885239584e-01,5.876732881708073286e-01,-9.079809994790939420e-01,-8.090169943749476733e-01,5.830981081633348495e-01,6.748186651586246532e-01,3.103443894782532131e-01,1.043471554425236866e-03,4.575180007472479105e-03,4.780793886918933457e-03,8.155000000000000790e-03
1.900000000000000000e+01,-8.845160963587213043e-01,-7.917908796273268601e-01,6.031905076447201530e-01,-8.845160963587213043e-01,-7.917908796273268601e-01,6.031905076447201530e-01,-8.798783397118308258e-01,-7.901550123756907462e-01,5.988292022658203706e-01,6.873543850511515396e-01,2.921266469761731321e-01,1.262971100097688270e-03,4.361305378899782426e-03,4.917809307074879829e-03,8.255000000000000185e-03
1.905000000000000071e+01,-8.563566366724607581e-01,-7.720890026162334774e-01,6.177968399935287458e-01,-8.563566366724607581e-01,-7.720890026162334774e-01,6.177968399935287458e-01,-8.515585831301444308e-01,-7.705132427757885871e-01,6.136619346445093548e-01,6.997112831928348209e-01,2.748575908681580859e-01,1.474777486891463377e-03,4.134905349019390997e-03,5.050181865011710639e-03,8.255999999999999450e-03
1.910000000000000142e+01,-8.279780690105783547e-01,-7.516286181402643818e-01,6.315397195369367722e-01,-8.279780690105783547e-01,-7.516286181402643818e-01,6.315397195369367722e-01,-8.230287172102168647e-01,-7.501110696304590375e-01,6.276410272841834725e-01,7.118612227998764030e-01,2.584798654786915617e-01,1.678115950639275404e-03,3.898692252753299670e-03,5.176778604823075239e-03,8.095000000000001500e-03
1.915000000000000213e+01,-7.993868061235355205e-01,-7.304298433110317790e-01,6.444637128108712254e-01,-7.993868061235355205e-01,-7.304298433110317790e-01,6.444637128108712254e-01,-7.942957812695623510e-01,-7.289686274214123296e-01,6.408085642148115824e-01,7.237775006424262969e-01,2.429372251508921665e-01,1.872308499085905461e-03,3.655148596059643040e-03,5.296573037337339550e-03,8.014999999999999555e-03
1.920000000000000284e+01,-7.705893742053672169e-01,-7.085134912320710798e-01,6.566105740684156089e-01,-7.705893742053672169e-01,-7.085134912320710798e-01,6.566105740684156089e-01,-7.653668647301807848e-01,-7.071067811865484609e-01,6.532040358206785413e-01,7.354347839247767915e-01,2.281750521670788678e-01,2.056770780597504469e-03,3.406538247737067593e-03,5.408644781327972585e-03,8.095000000000001500e-03
1.925000000000000000e+01,-7.415924123727293260e-01,-6.859010534674279125e-01,6.680193266767693316e-01,-7.415924123727293260e-01,-6.859010534674279125e-01,6.680193266767693316e-01,-7.362491053693557275e-01,-6.845471059286885041e-01,6.648644074170242391e-01,7.468090515123828599e-01,2.141407087283846433e-01,2.231008906237735064e-03,3.154919259745092575e-03,5.512177761099495109e-03,8.095000000000001500e-03
1.930000000000000071e+01,-7.124026715627087558e-01,-6.626146817089566543e-01,6.787263621131884861e-01,-7.124026715627087558e-01,-6.626146817089566543e-01,6.787263621131884861e-01,-7.069496875585125073e-01,-6.613118653236504940e-01,6.758242047084688231e-01,7.578775396799648512e-01,2.007837588259413775e-01,2.394616248661614322e-03,2.902157404719662992e-03,5.606457445111160190e-03,8.224999999999999672e-03
1.935000000000000142e+01,-6.830270129089024422e-01,-6.386771686512477952e-01,6.887655500544855869e-01,-6.830270129089024422e-01,-6.386771686512477952e-01,6.887655500544855869e-01,-6.774758404905811826e-01,-6.374239897486884132e-01,6.861156102913268384e-01,7.686186923950870664e-01,1.880560894891260826e-01,2.547270225999135555e-03,2.649939763158748463e-03,5.690867471638277539e-03,8.336000000000001395e-03
1.940000000000000213e+01,-6.534724056463163677e-01,-6.141119280933665658e-01,6.981683545289421033e-01,-6.534724056463163677e-01,-6.141119280933665658e-01,6.981683545289421033e-01,-6.478348363963007950e-01,-6.129070536529781510e-01,6.957685666376676181e-01,7.790121160375824694e-01,1.759119553905758304e-01,2.688729068015479045e-03,2.399787891274485219e-03,5.764885902238000431e-03,8.145000000000001197e-03
1.945000000000000284e+01,-6.237459245876586511e-01,-5.889429742941248991e-01,7.069639522984707547e-01,-6.237459245876586511e-01,-5.889429742941248991e-01,7.069639522984707547e-01,-6.180339887498952356e-01,-5.877852522924734702e-01,7.048108820393776952e-01,7.890385383778182327e-01,1.643079660993865265e-01,2.818828554585075131e-03,2.153070259093059491e-03,5.828081266406109559e-03,8.145000000000001197e-03
1.950000000000000000e+01,-5.938547472068285149e-01,-5.631949006127400237e-01,7.151793506034400671e-01,-5.938547472068285149e-01,-5.631949006127400237e-01,7.151793506034400671e-01,-5.880806504646067800e-01,-5.620833778521296953e-01,7.132683368307413119e-01,7.986797715868911851e-01,1.532030313416185285e-01,2.937478712319281995e-03,1.911013772698755275e-03,5.880108505452128279e-03,8.266000000000000777e-03
1.955000000000000071e+01,-5.638061503600103608e-01,-5.368928574699275424e-01,7.228395021705207313e-01,-5.638061503600103608e-01,-5.368928574699275424e-01,7.228395021705207313e-01,-5.579822120784575512e-01,-5.358267949789957685e-01,7.211647878806655143e-01,8.000000000000000444e-01,1.425582763722138824e-01,3.044660453454284786e-03,1.674714289855216975e-03,5.920704885561173594e-03,8.135000000000001605e-03
1.960000000000000142e+01,-5.339034935967772455e-01,-5.103255026105452119e-01,7.299674159891313963e-01,-5.339034935967772455e-01,-5.103255026105452119e-01,7.299674159891313963e-01,-5.277460999307450606e-01,-5.090414157503706516e-01,7.285222698794653340e-01,8.000000000000000444e-01,1.323354379153912075e-01,3.141261048120666532e-03,1.445146109666062273e-03,6.289862941508839005e-03,8.184999999999999568e-03
1.965000000000000213e+01,-5.041841128030011276e-01,-4.835532675957571191e-01,7.365841878849010982e-01,-5.041841128030011276e-01,-4.835532675957571191e-01,7.365841878849010982e-01,-4.973797743297089791e-01,-4.817536741017147683e-01,7.353610923648465914e-01,8.000000000000000444e-01,1.224950349883556500e-01,3.230166409608310404e-03,1.223095520054506835e-03,7.038292321502658509e-03,8.236000000000000265e-03
1.970000000000000284e+01,-4.746358857722356439e-01,-4.565922350178553413e-01,7.427089396343187211e-01,-4.746358857722356439e-01,-4.565922350178553413e-01,7.427089396343187211e-01,-4.668907277118103938e-01,-4.539904997395464159e-01,7.416999317587280594e-01,8.000000000000000444e-01,1.130010281128624589e-01,3.313867053085301200e-03,1.009007875590661740e-03,8.170465093210265914e-03,8.174999999999999975e-03
1.975000000000000000e+01,-4.452468934970661429e-01,-4.294577021004862827e-01,7.483589910399617295e-01,-4.452468934970661429e-01,-4.294577021004862827e-01,7.483589910399617295e-01,-4.362864827930848510e-01,-4.257792915650724375e-01,7.475559179387234465e-01,8.000000000000000444e-01,1.038206346865832297e-01,3.394148882766910395e-03,8.030731012382830158e-04,9.686055133596240679e-03,8.196000000000000160e-03
1.980000000000000071e+01,-4.160054100588264081e-01,-4.021642586858803492e-01,7.535500227742906176e-01,-4.160054100588264081e-01,-4.021642586858803492e-01,7.535500227742906176e-01,-4.055745907130249295e-01,-3.971478906347805649e-01,7.529447150598800320e-01,8.000000000000000444e-01,9.492396259719822205e-02,3.472158555923571428e-03,6.053077144105856178e-04,1.157436566939376750e-02,8.326000000000001802e-03
1.985000000000000142e+01,-3.868998922558151699e-01,-3.747258580418691976e-01,7.582962209041506085e-01,-3.868998922558151699e-01,-3.747258580418691976e-01,7.582962209041506085e-01,-3.747626291714493685e-01,-3.681245526846780858e-01,7.578805964862267430e-01,8.000000000000000444e-01,8.628368426161364679e-02,3.548464882177250826e-03,4.156244179238655079e-04,1.381630875443904186e-02,8.174999999999999975e-03
1.990000000000000213e+01,-3.579189691618390179e-01,-3.471558813462336524e-01,7.626104051172313270e-01,-3.579189691618390179e-01,-3.471558813462336524e-01,7.626104051172313270e-01,-3.438582005588176616e-01,-3.387379202452899807e-01,7.623765137973599337e-01,8.000000000000000444e-01,7.787472618631266497e-02,3.623116509983832084e-03,2.338913198713932218e-04,1.638802254101183464e-02,8.195000000000000895e-03
1.995000000000000284e+01,-3.290514317432069458e-01,-3.194671966195460344e-01,7.665041414265472142e-01,-3.290514317432069458e-01,-3.194671966195460344e-01,7.665041414265472142e-01,-3.128689300804622375e-01,-3.090169943749478954e-01,7.664441599109093062e-01,8.000000000000000444e-01,6.967397670654225383e-02,3.695696161705850150e-03,5.998151563790798946e-05,1.926343912746992376e-02,8.145000000000001197e-03
2.000000000000000000e+01,-3.002862226000485579e-01,-2.916722128131709058e-01,7.699878402618742790e-01,-3.002862226000485579e-01,-2.916722128131709058e-01,7.699878402618742790e-01,-3.128689300804622375e-01,-3.090169943749478954e-01,7.664441599109093062e-01,8.000000000000000444e-01,5.315037875548619950e-02,3.767769323593465197e-03,3.543680350964972803e-03,2.142815845945277367e-02,8.346000000000000987e-03
