time_s,x_m,y_m,yaw_rad,measured_x_m,measured_y_m,measured_yaw_rad,reference_x_m,reference_y_m,reference_yaw_rad,linear_mps,angular_radps,cross_track_error_m,heading_error_rad,position_error_m,compute_ms
0.000000000000000000e+00,-1.499999999999999944e-01,2.500000000000000000e-01,9.655214548437163202e-01,-1.463365573999236002e-01,2.601726748011828350e-01,9.584951022674914611e-01,6.282151815625658386e-02,6.279051952931337388e-02,7.845956463669550018e-01,7.500000000000001110e-02,-1.500000000000000222e-01,2.828500067873760404e-01,1.809258084767613184e-01,2.834438007232443213e-01,3.835200000000000414e-02
5.000000000000000278e-02,-1.479168296233440982e-01,2.529882245968976262e-01,9.584816061477958726e-01,-1.333424848935510776e-01,2.532380841055383303e-01,9.609503822871579004e-01,6.282151815625658386e-02,6.279051952931337388e-02,7.845956463669550018e-01,1.500000000000000222e-01,-3.000000000000000444e-01,2.834928543977972559e-01,1.738859597808408708e-01,2.838764136694905127e-01,8.085000000000000173e-03
1.000000000000000056e-01,-1.438061618274828479e-01,2.587480636910663989e-01,9.434177271005088627e-01,-1.296581531623126060e-01,2.569207054687510650e-01,9.367473656056812814e-01,6.282151815625658386e-02,6.279051952931337388e-02,7.845956463669550018e-01,2.250000000000000333e-01,-4.500000000000000666e-01,2.846645953995556311e-01,1.588220807335538609e-01,2.847707099569196099e-01,6.693000000000000164e-03
1.500000000000000222e-01,-1.374249642548079631e-01,2.673555764106738120e-01,9.222880552761587580e-01,-1.370265020161998415e-01,2.581130606151655904e-01,9.293145655226631163e-01,6.282151815625658386e-02,6.279051952931337388e-02,7.845956463669550018e-01,3.000000000000000444e-01,-6.000000000000000888e-01,2.862473430011620579e-01,1.376924089092037562e-01,2.862612726424568765e-01,6.151000000000000217e-03
2.000000000000000111e-01,-1.286672361972138745e-01,2.785760591863367663e-01,8.938147795046855748e-01,-1.056084411341840085e-01,2.676902663480559275e-01,8.749997888493403764e-01,9.421290141928533035e-02,9.410831331851432502e-02,7.836678937727570293e-01,3.750000000000000555e-01,-7.500000000000001110e-01,2.879910225678999347e-01,1.101468857319285455e-01,2.893162715947811270e-01,6.201000000000000782e-03
2.500000000000000000e-01,-1.172777998900145641e-01,2.922801731509220291e-01,8.609448426674148891e-01,-1.133121203526287479e-01,3.070059752793116714e-01,8.617862230364643494e-01,9.421290141928533035e-02,9.410831331851432502e-02,7.836678937727570293e-01,4.500000000000000666e-01,-9.000000000000001332e-01,2.896584459623531282e-01,7.727694889465785977e-02,2.898282297667619245e-01,6.121000000000000572e-03
3.000000000000000444e-01,-1.029312323519601252e-01,3.083124211708530016e-01,8.207151615525436483e-01,-9.460167706857829095e-02,3.142568096795521626e-01,8.066511884520495279e-01,9.421290141928533035e-02,9.410831331851432502e-02,7.836678937727570293e-01,5.250000000000001332e-01,-9.763114804843501249e-01,2.908875682960435083e-01,3.704726777978661900e-02,2.911171745212416395e-01,5.451000000000000116e-03
3.500000000000000333e-01,-8.615326753873830956e-02,3.256167730721880038e-01,7.809678707784515339e-01,-1.113426229644955412e-01,2.984509065235280145e-01,7.812795216663044329e-01,9.421290141928533035e-02,9.410831331851432502e-02,7.836678937727570293e-01,6.000000000000000888e-01,-8.831433536687911534e-01,2.913014788139844935e-01,-2.700022994305495416e-03,2.934759306009824820e-01,6.192000000000000455e-03
4.000000000000000222e-01,-6.592479049831979909e-02,3.448553427674906913e-01,7.396752309007608162e-01,-7.098519017155213717e-02,3.326652174369527648e-01,7.497884058848574007e-01,1.255810390586267478e-01,1.253332335643042583e-01,7.823658289118942122e-01,6.750000000000000444e-01,-8.436669311729767529e-01,2.906993785017406573e-01,-4.269059801113339603e-02,2.913150170919960869e-01,5.921000000000000915e-03
4.500000000000000111e-01,-4.142194577319128351e-02,3.663312387728788200e-01,6.996435040671826755e-01,-2.040221076079308526e-02,3.689948113950215491e-01,7.052989828118745308e-01,1.882166266370286500e-01,1.873813145857246287e-01,7.786248906646879853e-01,7.500000000000000000e-01,-7.097805697767737287e-01,2.886663016309660157e-01,-7.898138659750530977e-02,2.911304678407810598e-01,6.793000000000000427e-03
5.000000000000000000e-01,-1.420805690918363479e-02,3.885429357109398962e-01,6.694266401945236922e-01,-2.220099569920644042e-02,3.981516609569245579e-01,6.620208255079913506e-01,1.882166266370286500e-01,1.873813145857246287e-01,7.786248906646879853e-01,8.000000000000000444e-01,-6.924358516136999153e-01,2.853660173639013253e-01,-1.091982504701642931e-01,2.853800103765308238e-01,6.032000000000000035e-03
5.500000000000000444e-01,1.551266203581365757e-02,4.113154198292707231e-01,6.381707495938342412e-01,-2.401410701806296760e-03,4.258112813632629612e-01,6.226984061962066441e-01,2.194686221820905392e-01,2.181432413965425365e-01,7.761766847564688376e-01,8.000000000000000444e-01,-6.115669519983438773e-01,2.807297449479507767e-01,-1.380059351626345965e-01,2.809155107850676569e-01,5.800999999999999733e-03
6.000000000000000888e-01,4.589297837149576564e-02,4.331921872709086907e-01,6.100028039509468591e-01,6.489214663090471513e-02,4.163978089183564824e-01,6.034844435321842226e-01,2.506664671286085166e-01,2.486898871648547948e-01,7.733354552277038607e-01,8.000000000000000444e-01,-4.615669519983438551e-01,2.750666225400172360e-01,-1.633326512767570016e-01,2.756325097701353699e-01,5.720000000000000258e-03
6.500000000000000222e-01,7.692968022645693682e-02,4.543698650095264746e-01,5.875514092378484321e-01,8.995653738252332166e-02,4.590363437048983197e-01,5.878497362243679802e-01,2.818024638751653321e-01,2.789911060392292752e-01,7.700940264136821867e-01,8.000000000000000444e-01,-4.294153068113456539e-01,2.685277952387572498e-01,-1.825426171758337546e-01,2.696860518787208005e-01,5.751000000000000903e-03
7.000000000000000666e-01,1.071875453633217151e-01,4.740383918727215651e-01,5.652415260466807645e-01,8.685466973923418321e-02,4.739521930729825305e-01,5.743572047985097129e-01,2.818024638751653321e-01,2.789911060392292752e-01,7.700940264136821867e-01,8.000000000000000444e-01,-4.396949857595219280e-01,2.615811445037486971e-01,-2.048525003670014222e-01,2.617896359253166216e-01,5.420000000000000338e-03
7.500000000000000000e-01,1.385877704697268398e-01,4.934304714524542224e-01,5.412467456319864922e-01,1.335751842505498443e-01,4.782204162626624289e-01,5.516928743905742394e-01,3.128689300804617379e-01,3.090169943749473958e-01,7.664441599109093062e-01,8.000000000000000444e-01,-3.257100759245153410e-01,2.537256418406955705e-01,-2.251974142789228139e-01,2.537365821537733712e-01,5.651000000000000641e-03
8.000000000000000444e-01,1.725012985904127438e-01,5.133042384033452699e-01,5.188960997270126718e-01,2.079924927255873413e-01,5.136978922394568325e-01,5.231892705483613959e-01,3.747626291714492575e-01,3.681245526846779748e-01,7.578805964862258548e-01,8.000000000000000444e-01,-2.249462827713496205e-01,2.444743424960851286e-01,-2.389844967592131830e-01,2.489714581910592028e-01,5.710999999999999931e-03
8.500000000000000888e-01,2.057201453959579818e-01,5.319838233186533483e-01,5.056076346354387852e-01,2.035871627664349037e-01,5.598588698293965882e-01,4.934866465239946542e-01,3.747626291714492575e-01,3.681245526846779748e-01,7.578805964862258548e-01,8.000000000000000444e-01,-2.934990742138330333e-01,2.352071288587267162e-01,-2.522729618507870697e-01,2.354256186010469376e-01,5.811000000000001060e-03
9.000000000000000222e-01,2.399512079713445045e-01,5.504226662593038055e-01,4.825800114168008470e-01,2.632014451144763512e-01,5.400926829338207336e-01,4.606976586890993985e-01,4.055745907130249850e-01,3.971478906347806204e-01,7.529447150598791438e-01,8.000000000000000444e-01,-1.434990742138330111e-01,2.250929852961539024e-01,-2.703647036430782968e-01,2.256640462137136927e-01,5.540000000000000653e-03
9.500000000000000666e-01,2.736580243475559837e-01,5.678461846273482605e-01,4.715938015666978345e-01,2.652241449072879620e-01,5.684818410361750507e-01,4.433036027215755404e-01,4.055745907130249850e-01,3.971478906347806204e-01,7.529447150598791438e-01,8.000000000000000444e-01,-9.999667568680400964e-02,2.147581534590385366e-01,-2.813509134931813094e-01,2.157310549124261956e-01,5.449999999999999983e-03
1.000000000000000000e+00,3.071180283862897098e-01,5.847348834538036444e-01,4.632756198448571006e-01,3.031481230253465498e-01,5.693742492916072928e-01,4.758987758001893553e-01,4.362864827930850731e-01,4.257792915650726595e-01,7.475559179387234465e-01,8.000000000000000444e-01,-9.428125484659748146e-02,2.043854760125799475e-01,-2.842802980938663460e-01,2.048203354321468939e-01,5.641000000000001048e-03
1.050000000000000044e+00,3.405107166137298913e-01,6.014080664755536709e-01,4.629095339647397722e-01,3.293832232975635876e-01,6.205789935182935979e-01,4.563103924024600744e-01,4.668907277118107824e-01,4.539904997395467490e-01,7.416999317587289475e-01,8.000000000000000444e-01,-1.525984217271566523e-01,1.940691456190965503e-01,-2.787903977939891753e-01,1.941747825736290234e-01,5.410000000000000746e-03
1.100000000000000089e+00,3.735527915637476548e-01,6.176420444253402087e-01,4.504371223551815184e-01,3.763556950244149046e-01,6.102107371132261537e-01,4.267201664339070888e-01,4.973797743297095897e-01,4.817536741017153235e-01,7.353610923648465914e-01,8.000000000000000444e-01,-2.598421727156630112e-03,1.838432092365810955e-01,-2.849239700096650729e-01,1.838444202311629860e-01,6.252000000000000612e-03
1.150000000000000133e+00,4.074236827499171931e-01,6.340263421790989229e-01,4.506537937094479140e-01,3.980660610216688600e-01,6.479095478418509524e-01,4.351568298776946619e-01,5.277460999307458378e-01,5.090414157503713177e-01,7.285222698794653340e-01,8.000000000000000444e-01,-5.625525441399419069e-02,1.733654167667664225e-01,-2.778684761700174199e-01,1.734898150054688948e-01,5.891000000000000403e-03
1.200000000000000178e+00,4.423830291035870110e-01,6.508355008850079670e-01,4.457188991666076738e-01,4.415668542265676066e-01,6.278864057683526401e-01,4.312148532222974673e-01,5.277460999307458378e-01,5.090414157503713177e-01,7.285222698794653340e-01,8.000000000000000444e-01,6.369877570490158070e-02,1.626329174831487034e-01,-2.828033707128576602e-01,1.655065450071722122e-01,6.542000000000000072e-03
1.250000000000000000e+00,4.767348047256274590e-01,6.672661563002740825e-01,4.465654201496320752e-01,4.651822898255583150e-01,6.808630031046820630e-01,4.191060273673166137e-01,5.880806504646078903e-01,5.620833778521305835e-01,7.132683368307422000e-01,7.927637811289209857e-01,-2.740497934645808042e-02,1.523966750574493045e-01,-2.667029166811101248e-01,1.531708661769596025e-01,5.710000000000000665e-03
1.300000000000000044e+00,5.104879996236071360e-01,6.834585214469773851e-01,4.480329510137051052e-01,5.160853688620727908e-01,7.117100416695448795e-01,4.460744665659044372e-01,6.180339887498947915e-01,5.877852522924731371e-01,7.048108820393794716e-01,7.806910138706616431e-01,-1.270368319252775935e-01,1.425555385155735655e-01,-2.567779310256743663e-01,1.439427462842841343e-01,5.761000000000000495e-03
1.350000000000000089e+00,5.432552526863035913e-01,6.990537768501403626e-01,4.403975210948640751e-01,5.219432783250067542e-01,7.075791732484039143e-01,4.490657834669242732e-01,6.180339887498947915e-01,5.877852522924731371e-01,7.048108820393794716e-01,7.810967650421024588e-01,-1.173369616941611349e-01,1.332054077513816215e-01,-2.644133609445153965e-01,1.340617168490260414e-01,5.811000000000001060e-03
1.400000000000000133e+00,5.763855310352570260e-01,7.145127204855136194e-01,4.327649431530531388e-01,5.769392386437317555e-01,7.016941311768329914e-01,4.158948545505523064e-01,6.478348363962987966e-01,6.129070536529764857e-01,6.957685666376671740e-01,7.742206761233150214e-01,3.266303830583888734e-02,1.237858351837105159e-01,-2.630036234846140353e-01,1.242123776805674484e-01,5.811000000000001060e-03
1.450000000000000178e+00,6.082883464502053528e-01,7.292380081682325876e-01,4.320977066186810767e-01,5.951360311448337104e-01,7.334129313273494155e-01,4.164593009802564083e-01,6.774758404905828479e-01,6.374239897486897455e-01,6.861156102913255062e-01,7.625711091789268981e-01,-4.095486708581383417e-02,1.148704840571886931e-01,-2.540179036726444295e-01,1.149640087589651888e-01,5.860999999999999890e-03
1.500000000000000000e+00,6.413437587055302869e-01,7.444440749856019446e-01,4.302085976399996348e-01,6.229460978338660082e-01,7.420304426093313754e-01,4.410819878309650832e-01,7.069496875585143947e-01,6.613118653236519373e-01,6.758242047084683790e-01,7.504046482208600599e-01,-1.076471261351816533e-01,1.058982251348889181e-01,-2.456156070684687442e-01,1.059013795185937412e-01,5.710000000000000665e-03
1.550000000000000044e+00,6.734571096306490867e-01,7.591360585084813151e-01,4.279446564217881388e-01,6.935529897996174364e-01,7.611942304940279014e-01,4.486028137240221092e-01,7.362491053693559495e-01,6.845471059286887261e-01,6.648644074170233509e-01,7.388019206825435781e-01,-1.374018436991480407e-01,9.744121315263987171e-02,-2.369197509952352121e-01,9.750049525925665039e-02,5.761000000000000495e-03
1.600000000000000089e+00,7.045790218262122373e-01,7.730056976406493030e-01,4.105250264571029817e-01,7.007750788141625664e-01,7.541220737367054783e-01,3.968161509050700531e-01,7.362491053693559495e-01,6.845471059286887261e-01,6.648644074170233509e-01,7.419128051997356810e-01,1.259815630085198146e-02,8.915588608174625229e-02,-2.543393809599203692e-01,9.395699356244346934e-02,5.681000000000000286e-03
1.650000000000000133e+00,7.358294158935738682e-01,7.866196640321136968e-01,4.111737700584443544e-01,7.469062102945049908e-01,7.946472621607648668e-01,3.967689542392647262e-01,7.942957812695612407e-01,7.289686274214115524e-01,6.408085642148111383e-01,7.164634693643296970e-01,-1.032221182442444457e-01,8.116755236543432561e-02,-2.296347941563667838e-01,8.210942639287510669e-02,5.991000000000000665e-03
1.700000000000000178e+00,7.677385005414717467e-01,8.005400201419583528e-01,4.115487338784973304e-01,7.535544083442720087e-01,8.095416085710726017e-01,3.881795764733584342e-01,7.942957812695612407e-01,7.289686274214115524e-01,6.408085642148111383e-01,7.158078265951091090e-01,-1.238533907058232825e-01,7.324963740066357809e-02,-2.292598303363138079e-01,7.633972370679169284e-02,6.692000000000000899e-03
1.750000000000000000e+00,7.971370815471324756e-01,8.133227821571681337e-01,4.087500178605942835e-01,7.789987780113911686e-01,8.232673932804130956e-01,4.146961259790891141e-01,8.230287172102175308e-01,7.501110696304594816e-01,6.276410272841830285e-01,7.002042541107988960e-01,-2.288622305793094336e-01,6.636903711768057934e-02,-2.188910094235887449e-01,6.830883835836468188e-02,6.311000000000000637e-03
1.800000000000000044e+00,8.272994492370625563e-01,8.261645244925081011e-01,3.962678629259790419e-01,8.224352074214457131e-01,8.250336004914814447e-01,4.022090644054729935e-01,8.515585831301453190e-01,7.705132427757892533e-01,6.136619346445102430e-01,6.889083267966465973e-01,-2.105203262020144961e-01,5.946740053896128197e-02,-2.173940717185312010e-01,6.070890160393384999e-02,7.745000000000001016e-03
1.850000000000000089e+00,8.569377542382119461e-01,8.384006522120692750e-01,3.867987513228365870e-01,8.616269697999323629e-01,8.524708138548370284e-01,3.959565515118557144e-01,9.079809994790934979e-01,8.090169943749474513e-01,5.830981081633392904e-01,6.580935597127113290e-01,-3.108802786711734045e-01,5.263338760366946534e-02,-1.962993568405027034e-01,5.889662327001292386e-02,8.757000000000000894e-03
1.900000000000000133e+00,8.864459924797114532e-01,8.501458194789216494e-01,3.708153327711931624e-01,9.081666703967842258e-01,8.734132692989056146e-01,3.773854910206324575e-01,9.358596285211467913e-01,8.270805742745618305e-01,5.664212815967921699e-01,6.419377925983935640e-01,-3.609608943618859422e-01,4.597920294545103370e-02,-1.956059488255990075e-01,5.453176104961842546e-02,7.524000000000000306e-03
1.950000000000000178e+00,9.145117453241576877e-01,8.607473546937178810e-01,3.515246696285343475e-01,9.246746083265631189e-01,8.374955159125846427e-01,3.523172486630792299e-01,9.358596285211467913e-01,8.270805742745618305e-01,5.664212815967921699e-01,6.517674231291767928e-01,-2.109608943618859200e-01,3.986453932062406641e-02,-2.148966119682578224e-01,3.986457350560719537e-02,5.530000000000000193e-03
2.000000000000000000e+00,9.440704505484783793e-01,8.713826005617882897e-01,3.392337828047473636e-01,9.445439790759222465e-01,8.971880992436548352e-01,3.138358398861984533e-01,9.635073482034306469e-01,8.443279255020150753e-01,5.487487372104546957e-01,6.322030078643299245e-01,-3.143103678515949406e-01,3.322112639988347021e-02,-2.095149544057073321e-01,3.331288689139690756e-02,6.101000000000000520e-03
2.050000000000000266e+00,9.720861401254912160e-01,8.810018173021481047e-01,3.222447223126954086e-01,9.820966598987407314e-01,8.937667196548957360e-01,3.103207564625347636e-01,9.909173368648149793e-01,8.607420270039435328e-01,5.300279680891506473e-01,6.172326697796213235e-01,-3.459139097367529558e-01,2.700025608007272301e-02,-2.077832457764552387e-01,2.765995433044570254e-02,6.232000000000000560e-03
2.100000000000000089e+00,9.998784709717458696e-01,8.900397662970571666e-01,3.065732268009195849e-01,1.019532502060386481e+00,8.879728894322581612e-01,3.067899717918458613e-01,1.018082831500742635e+00,8.763066800438636950e-01,5.102041145915556797e-01,6.046209040709711324e-01,-3.574228927805346290e-01,2.087430427174250674e-02,-2.036308877906360948e-01,2.280342957336345400e-02,5.470000000000000036e-03
2.149999999999999911e+00,1.027375532087177135e+00,8.985342748481114361e-01,2.926746195561396036e-01,1.035139507752325772e+00,8.819534973489320251e-01,2.948724938492075509e-01,1.044997129431897598e+00,8.910065241883677878e-01,4.892202290015981170e-01,5.896914828117544305e-01,-3.693763055609060597e-01,1.492579568864189909e-02,-1.965456094454585134e-01,1.916214296405102657e-02,5.751000000000000903e-03
2.200000000000000178e+00,1.053904595629084451e+00,9.062225825442127292e-01,2.714841070687414870e-01,1.054473090780235989e+00,9.351867637933611865e-01,2.446760877605496098e-01,1.071653589957993313e+00,9.048270524660195768e-01,4.670176594031887340e-01,5.688687686847144764e-01,-4.389094850130959014e-01,9.237136277071254786e-03,-1.955335523344472470e-01,1.780377218138843448e-02,5.479999999999999628e-03
2.250000000000000000e+00,1.078937709480301654e+00,9.129350829128131117e-01,2.524797384949426515e-01,1.083325704937486478e+00,9.460432657061075279e-01,2.353429963181259410e-01,1.098045635996263591e+00,9.177546256839811400e-01,4.435365795339238915e-01,5.472881890137628602e-01,-5.024765972275304637e-01,3.846707031690203837e-03,-1.910568410389812399e-01,1.970636567869680361e-02,5.400000000000000286e-03
2.300000000000000266e+00,1.103494633126316682e+00,9.189424303317332843e-01,2.273556660667495066e-01,1.112602596197844518e+00,9.132644572783616965e-01,2.351310825361583312e-01,1.098045635996263591e+00,9.177546256839811400e-01,4.435365795339238915e-01,5.561444952044264367e-01,-4.585147101800319813e-01,-1.265491429015851372e-03,-2.161809134671743848e-01,5.576957020145341566e-03,5.651000000000000641e-03
2.350000000000000089e+00,1.129283655866722746e+00,9.246119609266273409e-01,2.054450208157150293e-01,1.119353356624482654e+00,9.404258583380448178e-01,2.091907301839883715e-01,1.124166755704261167e+00,9.297764858882513472e-01,4.187166943902145277e-01,5.367087257964535674e-01,-4.970736497146651667e-01,-6.798841210768732241e-03,-2.132716735744994985e-01,7.270143420307248819e-03,5.490000000000000088e-03
2.400000000000000355e+00,1.152828171071925700e+00,9.292828311690898291e-01,1.862386802163213950e-01,1.130576965444614723e+00,9.413212798876023912e-01,1.731730360059682283e-01,1.124166755704261167e+00,9.297764858882513472e-01,4.187166943902145277e-01,5.424966285148412615e-01,-4.467969683698367334e-01,-1.210440606623045152e-02,-2.324780141738931327e-01,2.866566632505770235e-02,6.532000000000000479e-03
2.450000000000000178e+00,1.177999864683759057e+00,9.337418941257839000e-01,1.644154482301165565e-01,1.161644148632230200e+00,9.261607635074352585e-01,1.563293475004416955e-01,1.150010504086557139e+00,9.408807689542255659e-01,3.924981535591443027e-01,5.324843309632927291e-01,-4.344892645219396443e-01,-1.730187773426540565e-02,-2.280827053290277462e-01,2.888542609096077241e-02,5.420000000000000338e-03
2.500000000000000000e+00,1.202695930295743398e+00,9.375858707497867206e-01,1.444092164589281246e-01,1.201133259847503743e+00,9.631806906148402403e-01,1.509186418495827020e-01,1.200840450651768254e+00,9.602936856769431762e-01,3.356351199971938648e-01,4.828065260055375840e-01,-5.844892645219397220e-01,-2.205188595246738645e-02,-1.912259035382657402e-01,2.278349541828899455e-02,5.991000000000000665e-03
2.550000000000000266e+00,1.224779931245221665e+00,9.404819779646905742e-01,1.163835811253117747e-01,1.252714148669265448e+00,9.614556570270690328e-01,1.037230291552528882e-01,1.250485312671410165e+00,9.759167619387473236e-01,2.725283905658684169e-01,4.564915856426289831e-01,-6.058497966409057689e-01,-2.720795718371759458e-02,-1.561448094405566422e-01,4.377659819531327934e-02,5.590000000000000351e-03
2.600000000000000089e+00,1.245769523549226765e+00,9.426345692339994642e-01,8.801218179731407076e-02,1.260224924491047283e+00,9.405180523344500720e-01,8.887608182201667262e-02,1.250485312671410165e+00,9.759167619387473236e-01,2.725283905658684169e-01,4.658656862984830171e-01,-5.685534980310671394e-01,-3.078452408029531615e-02,-1.845162087685543462e-01,3.361462506530267513e-02,6.242000000000000152e-03
2.650000000000000355e+00,1.268001886565393033e+00,9.442829886961086050e-01,6.000705162565456163e-02,1.250505744458699775e+00,9.633930854925720766e-01,5.377340033278166231e-02,1.250485312671410165e+00,9.759167619387473236e-01,2.725283905658684169e-01,4.668304287014762854e-01,-5.334994426398684819e-01,-3.518116884959721080e-02,-2.125213389402138553e-01,3.615972857406492269e-02,5.701000000000000338e-03
2.700000000000000178e+00,1.290178029340720345e+00,9.453119959521883997e-01,3.272951662931955497e-02,1.291779748651353366e+00,9.350181424396279972e-01,3.724922527721652443e-02,1.274847979497379491e+00,9.822872507286887211e-01,2.385309701662947646e-01,4.589858137965025509e-01,-5.435867773811897674e-01,-3.955045617212474274e-02,-2.058014535369752096e-01,4.002723940001889219e-02,5.561000000000000838e-03
2.750000000000000000e+00,1.311848580351816507e+00,9.457244392659343024e-01,5.330754573952045661e-03,1.311443493196047472e+00,9.489854369414172375e-01,7.580521149650465418e-04,1.298896096660367316e+00,9.876883405951377704e-01,2.028698429353794630e-01,4.444803272168350583e-01,-5.515008888376460305e-01,-4.371300338711753275e-02,-1.975390883614274173e-01,4.391737524652836178e-02,6.843000000000000124e-03
2.800000000000000266e+00,1.332910222058120597e+00,9.455472150490982219e-01,-2.215945546247599651e-02,1.309342720254335735e+00,9.663183165358888438e-01,-2.762774622543995307e-02,1.298896096660367316e+00,9.876883405951377704e-01,2.028698429353794630e-01,4.451581779083547685e-01,-5.282889042667807677e-01,-4.813011686612270190e-02,-2.250292983978554595e-01,5.415565703471016124e-02,7.354000000000000294e-03
2.850000000000000089e+00,1.352973121697450321e+00,9.448842010831799421e-01,-4.391003390858916333e-02,1.351578458943776040e+00,9.358407823598472453e-01,-3.767950704760281155e-02,1.346025027019546627e+00,9.955619646030799963e-01,1.265413517787048470e-01,4.220959171396221898e-01,-5.658433204857836740e-01,-5.114943711148834532e-02,-1.704513856872940103e-01,5.115184977136238986e-02,7.975000000000001185e-03
2.900000000000000355e+00,1.372541370894967638e+00,9.437670889832462384e-01,-7.014216212931767558e-02,1.385135506236347069e+00,9.455784612348434592e-01,-5.640170087443197033e-02,1.391825593184628840e+00,9.995065603657316000e-01,4.370663352722470307e-02,3.965646936990444016e-01,-6.143055240419258434e-01,-5.484366102470176335e-02,-1.138487956565423787e-01,5.898109781375699551e-02,6.021000000000000310e-03
2.950000000000000178e+00,1.391390179525535231e+00,9.421581700228849332e-01,-1.001633841124061064e-01,1.400682912409238590e+00,9.304577036432367665e-01,-9.964259750835458007e-02,1.391825593184628840e+00,9.995065603657316000e-01,4.370663352722470307e-02,4.071629744801214534e-01,-5.753148258655275127e-01,-5.727459920554171802e-02,-1.438700176396308095e-01,5.735004324296568562e-02,6.252000000000000612e-03
3.000000000000000000e+00,1.409898859622322309e+00,9.400694017747965869e-01,-1.245925617938286045e-01,1.402856070197991967e+00,9.570100522424535017e-01,-1.382242775315840611e-01,1.391825593184628840e+00,9.995065603657316000e-01,4.370663352722470307e-02,4.066181380116807298e-01,-5.510055931608874857e-01,-6.017006728560021778e-02,-1.682991953210533076e-01,6.212422056727807951e-02,6.963000000000000439e-03
3.050000000000000266e+00,1.428727545831208756e+00,9.374467207722065876e-01,-1.522099524801050485e-01,1.417176657905022674e+00,9.413134971586731847e-01,-1.530481014527915740e-01,1.414213562373094923e+00,1.000000000000000000e+00,0.000000000000000000e+00,3.996783586751167516e-01,-5.508686065342881522e-01,-6.255327922779341243e-02,-1.522099524801050485e-01,6.421501738668838888e-02,6.271000000000000532e-03
3.100000000000000089e+00,1.447044250381730235e+00,9.344333163671574294e-01,-1.739022960554028607e-01,1.438922346396946050e+00,9.295590939132156727e-01,-1.694170330777220457e-01,1.436252595526377851e+00,9.995065603657316000e-01,-4.509988523380359382e-02,3.909590997004814827e-01,-5.671552387387189809e-01,-6.452053831738162326e-02,-1.288024108215992669e-01,6.596201102919027615e-02,6.222000000000000967e-03
3.150000000000000355e+00,1.464856343540538619e+00,9.310636255037781916e-01,-2.000384006771032119e-01,1.486143421251292507e+00,9.411432358683118338e-01,-2.154092059676746551e-01,1.500222139260918963e+00,9.921147013144778759e-01,-1.872781162552294987e-01,3.637321272887769630e-01,-6.147188341857675598e-01,-6.656816749872421224e-02,-1.276028442187371326e-02,7.055475437261100879e-02,7.844999999999999543e-03
3.200000000000000178e+00,1.482057471434556906e+00,9.272994265317731077e-01,-2.308381395484024878e-01,1.474173111047673901e+00,9.207478202727225058e-01,-2.182537106499689017e-01,1.500222139260918963e+00,9.921147013144778759e-01,-1.872781162552294987e-01,3.724706041503212939e-01,-5.876195150473016993e-01,-6.706395101848602880e-02,-4.356002329317298916e-02,6.731251742729280063e-02,6.442000000000000677e-03
3.250000000000000000e+00,1.499040958501137277e+00,9.230408100098697055e-01,-2.605314931584636895e-01,1.516271420849252261e+00,9.235084599384729698e-01,-2.667860481721531229e-01,1.541026485551578507e+00,9.822872507286887211e-01,-2.858789635025540399e-01,3.574339915247145560e-01,-6.118442305065855402e-01,-6.868182817187962197e-02,2.534747034409035038e-02,7.261491044924497928e-02,6.011999999999999983e-03
3.300000000000000266e+00,1.514978930755637387e+00,9.185697127179844879e-01,-2.864708018203496742e-01,1.522162832874785821e+00,9.226580725252904180e-01,-2.709008384252951096e-01,1.541026485551578507e+00,9.822872507286887211e-01,-2.858789635025540399e-01,3.570105207107056033e-01,-6.163261975111878899e-01,-6.847694047602571887e-02,-5.918383177956343388e-04,6.883603533755480730e-02,9.287999999999999381e-03
3.350000000000000089e+00,1.530901771029027802e+00,9.136324751585718218e-01,-3.148731285593076024e-01,1.546729318604576076e+00,9.079311255769367817e-01,-3.081243031534204313e-01,1.580310024751380826e+00,9.685831611286310761e-01,-3.854144357899738083e-01,3.558321863491585302e-01,-6.359753137182531102e-01,-6.949434960564375430e-02,7.054130723066620590e-02,7.389691079113171190e-02,1.298400000000000075e-02
3.400000000000000355e+00,1.546682509814645723e+00,9.082320320505055111e-01,-3.445764222710274716e-01,1.524445978780434086e+00,9.081694548162754232e-01,-3.567065135485059102e-01,1.580310024751380826e+00,9.685831611286310761e-01,-3.854144357899738083e-01,3.709932102539612586e-01,-5.503246235748211479e-01,-6.856596934778544372e-02,4.083801351894633669e-02,6.908739785101850051e-02,8.115000000000000685e-03
3.450000000000000178e+00,1.562488993527184178e+00,9.023149715836552565e-01,-3.718142159371993216e-01,1.559097852570076714e+00,9.160611929358241090e-01,-3.597097888966485080e-01,1.580310024751380826e+00,9.685831611286310761e-01,-3.854144357899738083e-01,3.615439565169804026e-01,-6.013755477674500582e-01,-6.810663016795291680e-02,1.360021985277448664e-02,6.862260632956630746e-02,9.528000000000001746e-03
3.500000000000000000e+00,1.578432385283179196e+00,8.958135330730598866e-01,-4.025807833442813788e-01,1.573704478264564388e+00,8.892159917332874697e-01,-3.927353404581706009e-01,1.599369316974181165e+00,9.602936856769430651e-01,-4.349307235386512538e-01,3.662968647245523068e-01,-5.951767126973167565e-01,-6.729872640976468368e-02,3.234994019436987500e-02,6.779413830453002998e-02,6.312000000000000770e-03
3.550000000000000266e+00,1.594399692184698791e+00,8.887442553523260402e-01,-4.310102894978373733e-01,1.605769741977940868e+00,9.080917675253460386e-01,-4.302119234157606442e-01,1.618033988749894903e+00,9.510565162951536422e-01,-4.839691544534954204e-01,3.586122727928988674e-01,-6.092336976596913756e-01,-6.615296072723401977e-02,5.295886495565804708e-02,6.664381320076664950e-02,5.561000000000000838e-03
3.600000000000000089e+00,1.609641506985398651e+00,8.814908750581957886e-01,-4.573331793114112642e-01,1.608118735914630282e+00,8.881947308898435756e-01,-4.674497809896003275e-01,1.636299434850047030e+00,9.408807689542254549e-01,-5.323152901395142855e-01,3.674574152204082012e-01,-5.840642546921104294e-01,-6.470205816026135259e-02,7.498211082810302130e-02,6.509842252327208145e-02,6.152000000000000350e-03
3.650000000000000355e+00,1.624822829210456288e+00,8.737667033292763064e-01,-4.839835235404312819e-01,1.629111080069294060e+00,8.915419696436718278e-01,-4.687974461555710626e-01,1.654161148549123661e+00,9.297764858882513472e-01,-5.797757117532911231e-01,3.637857355678595361e-01,-6.325310566307325022e-01,-6.292957115609884577e-02,9.579218821285984120e-02,6.322841706006318563e-02,8.897000000000002129e-03
3.700000000000000178e+00,1.640238878529527211e+00,8.653534524839344710e-01,-5.151594724137797954e-01,1.648314080068104648e+00,8.608373078630838782e-01,-4.912778030861932876e-01,1.688655851004030151e+00,9.048270524660194658e-01,-6.713924332034157949e-01,3.678028178618023003e-01,-6.570374764611571772e-01,-6.102517631668417930e-02,1.562329607896359995e-01,6.246893883477160070e-02,9.929000000000000326e-03
3.750000000000000000e+00,1.654980013895366753e+00,8.567300059528895062e-01,-5.434627738823438747e-01,1.643639710751308769e+00,8.377483446725607630e-01,-5.390058671750708186e-01,1.688655851004030151e+00,9.048270524660194658e-01,-6.713924332034157949e-01,3.830739278439290740e-01,-6.038139919712522952e-01,-5.860683908171319262e-02,1.279296593210719202e-01,5.871446064007927040e-02,9.658000000000001653e-03
3.800000000000000266e+00,1.670510575808308307e+00,8.470396407535514260e-01,-5.722316215722895727e-01,1.651530459483825597e+00,8.603853629335072029e-01,-5.811950956599476470e-01,1.688655851004030151e+00,9.048270524660194658e-01,-6.713924332034157949e-01,3.855644902378330130e-01,-5.653622555090880297e-01,-5.653276851601857916e-02,9.916081163112622221e-02,6.056926583965473870e-02,8.716000000000001524e-03
3.850000000000000089e+00,1.686123589598693462e+00,8.366905792615059179e-01,-5.984774589143140311e-01,1.692194920140301706e+00,8.401471105669989781e-01,-5.897026281843591455e-01,1.721484054007887066e+00,8.763066800438636950e-01,-7.578022734857023934e-01,3.849039071273802071e-01,-6.516450613791390234e-01,-5.307928278925280047e-02,1.593248145713883623e-01,5.310176912713714809e-02,8.255999999999999450e-03
3.900000000000000355e+00,1.700526599392737648e+00,8.265674321864044938e-01,-6.267940764600572479e-01,1.695361377706360306e+00,8.025106972235801495e-01,-6.255022030826218327e-01,1.752613360087727390e+00,8.443279255020149643e-01,-8.384258043476089384e-01,4.012948239589786414e-01,-6.428745207343234958e-01,-5.060654496716245065e-02,2.116317278875516905e-01,5.503149791265882218e-02,6.062000000000000548e-03
3.950000000000000178e+00,1.715506941162982857e+00,8.153739823873056292e-01,-6.566311814226848398e-01,1.686296926377393035e+00,8.339058447613438840e-01,-6.491772029823583701e-01,1.752613360087727390e+00,8.443279255020149643e-01,-8.384258043476089384e-01,4.043916036882586607e-01,-5.963699861233230370e-01,-4.695161393850791343e-02,1.817946229249240986e-01,4.706609339331727093e-02,1.009900000000000034e-02
4.000000000000000000e+00,1.730533079788982631e+00,8.034487629134328124e-01,-6.850602838216741652e-01,1.701729357926063280e+00,8.082955899291556223e-01,-6.891822105830520684e-01,1.752613360087727390e+00,8.443279255020149643e-01,-8.384258043476089384e-01,4.114620307748997896e-01,-5.753658731448260122e-01,-4.375191499815152957e-02,1.533655205259347731e-01,4.646121728942183282e-02,5.531000000000000326e-03
4.049999999999999822e+00,1.745303216369811894e+00,7.909916923373191411e-01,-7.162346078640520197e-01,1.768476327023668304e+00,8.018498309431582038e-01,-7.164878867485309222e-01,1.782013048376735576e+00,8.090169943749474513e-01,-9.130687851951857503e-01,4.079719638565250106e-01,-6.746520355535969848e-01,-4.007078281871437331e-02,1.968341773311337306e-01,4.089649470950151855e-02,5.561000000000000838e-03
4.100000000000000533e+00,1.759857472299283909e+00,7.778821851274089205e-01,-7.502058980502646079e-01,1.766905430517673681e+00,7.762573794708517161e-01,-7.506290692271928577e-01,1.796055151521231297e+00,7.901550123756903021e-01,-9.481711696544556922e-01,4.227557496086183364e-01,-6.483626725801719948e-01,-3.656233838579011491e-02,1.979652716041910843e-01,3.822164661185019352e-02,5.530000000000000193e-03
4.150000000000000355e+00,1.774307604235584312e+00,7.640192998914391298e-01,-7.791139228950596518e-01,1.786617364836472266e+00,7.791257241040081549e-01,-7.842761195169982713e-01,1.796055151521231297e+00,7.901550123756903021e-01,-9.481711696544556922e-01,4.235957117007593808e-01,-6.365574945176385446e-01,-3.290818354596257433e-02,1.690572467593960404e-01,3.400045999690142623e-02,6.823000000000000939e-03
4.200000000000000178e+00,1.788113526546188936e+00,7.499214540868912593e-01,-8.126052300341926049e-01,1.805232360918716861e+00,7.151221739220378071e-01,-8.138307626043639331e-01,1.835509251367962280e+00,7.289686274214114414e-01,-1.045038124374674471e+00,4.463211055087271117e-01,-6.858847497113482738e-01,-3.047905912110399074e-02,2.324328943404818659e-01,5.182061053919476828e-02,6.893000000000000689e-03
4.250000000000000000e+00,1.802651451674516681e+00,7.340500386883048733e-01,-8.458376219045549149e-01,1.792303563066980354e+00,7.346937589032819238e-01,-8.474204424556175397e-01,1.835509251367962280e+00,7.289686274214114414e-01,-1.045038124374674471e+00,4.553921479962482755e-01,-6.125247134967244378e-01,-2.586994337799951305e-02,1.992005024701195559e-01,3.324839456512006242e-02,5.520000000000000601e-03
4.299999999999999822e+00,1.817052562779037483e+00,7.172934707493479056e-01,-8.758675688079846644e-01,1.786149839288820429e+00,7.159380041333319733e-01,-8.726467893698535150e-01,1.835509251367962280e+00,7.289686274214114414e-01,-1.045038124374674471e+00,4.635254449938825960e-01,-5.708483015768039959e-01,-2.182339463616390918e-02,1.691705555666898064e-01,2.183938270615212382e-02,5.501000000000000681e-03
4.350000000000000533e+00,1.830448959756974192e+00,7.007863591082609256e-01,-9.022332870191092091e-01,1.831926144930233979e+00,6.947284892475446005e-01,-8.765504943864397269e-01,1.847759065022573477e+00,7.071067811865475727e-01,-1.074685819931865183e+00,4.579088429003640992e-01,-6.607361628018685318e-01,-1.823178514991332516e-02,1.724525329127559736e-01,1.842789948837960864e-02,5.800999999999999733e-03
4.400000000000000355e+00,1.843900367434583298e+00,6.831982303196482142e-01,-9.335468460210556430e-01,1.836975300351519680e+00,6.861166578243650394e-01,-9.173462086090946599e-01,1.859552971776502694e+00,6.845471059286888371e-01,-1.103112110178118499e+00,4.705701925221557613e-01,-6.207875293772860958e-01,-1.457984509791890315e-02,1.695652641570628560e-01,1.571061705005053627e-02,5.731000000000000850e-03
4.450000000000000178e+00,1.857120557761381408e+00,6.648046530616938954e-01,-9.616610084838361772e-01,1.868118824466291850e+00,6.580286677861466593e-01,-9.744892764411319241e-01,1.870888061659734758e+00,6.613118653236518263e-01,-1.130380882521655472e+00,4.801215353917314133e-01,-6.097837147825194704e-01,-1.096470589909594000e-02,1.687198740378192952e-01,1.420365198722468511e-02,5.611000000000000536e-03
4.500000000000000000e+00,1.869916964515504931e+00,6.458485172544201625e-01,-9.923587380910285916e-01,1.843402309754611723e+00,6.679655378634110630e-01,-9.943938836772412415e-01,1.870888061659734758e+00,6.613118653236518263e-01,-1.130380882521655472e+00,4.900480954324045180e-01,-5.322345435291450100e-01,-7.470691746024406971e-03,1.380221444306268808e-01,1.549381047947024324e-02,6.062000000000000548e-03
4.549999999999999822e+00,1.882106728971681520e+00,6.266308376804629043e-01,-1.018716593478712351e+00,1.870846768033559648e+00,6.275095428656713992e-01,-1.019781204473955150e+00,1.881761537908451132e+00,6.374239897486895234e-01,-1.156557088678024758e+00,4.970681780782830184e-01,-5.770854900321853442e-01,-4.028179170040253367e-03,1.378404951993124072e-01,1.079867067920856072e-02,5.520999999999999866e-03
4.600000000000000533e+00,1.893665573598743990e+00,6.072313125927311095e-01,-1.048178748401582538e+00,1.877139184198170163e+00,6.061458000938629853e-01,-1.022826520187968491e+00,1.892170717655090595e+00,6.129070536529763746e-01,-1.181705781771627883e+00,5.024793343548810132e-01,-5.979523740238571472e-01,-7.699537810477671308e-04,1.335270333700453449e-01,5.869295602985926015e-03,7.554000000000000818e-03
4.650000000000000355e+00,1.905096140129491689e+00,5.866274415311244494e-01,-1.080406210872714823e+00,1.906254993803414344e+00,6.020507061586507502e-01,-1.073689753518303203e+00,1.902113032590307062e+00,5.877852522924732481e-01,-1.205891371747593865e+00,5.094732637709742384e-01,-5.788357385122614440e-01,2.373515889709197028e-03,1.254851608748790426e-01,3.199915053471770205e-03,6.603000000000000362e-03
4.700000000000000178e+00,1.916153544852313706e+00,5.652711374445404946e-01,-1.105680145272208925e+00,1.913915707437992220e+00,5.755274658748975591e-01,-1.110316342924060340e+00,1.911586029596660241e+00,5.620833778521308055e-01,-1.229177066822546571e+00,5.206344157670695916e-01,-5.501645834435151539e-01,5.371515807222397750e-03,1.234969215503376461e-01,5.569919822549254836e-03,5.461000000000000576e-03
4.750000000000000000e+00,1.927131718830334073e+00,5.426450366375643597e-01,-1.132437909481894600e+00,1.948332702899144175e+00,5.665787755707222262e-01,-1.141070934864086617e+00,1.911586029596660241e+00,5.620833778521308055e-01,-1.229177066822546571e+00,5.170617583081146273e-01,-5.734100843538326719e-01,8.135255870373610948e-03,9.673915734065197114e-02,2.489010974109746865e-02,7.243000000000001173e-03
4.800000000000000711e+00,1.937000158302822017e+00,5.207802709396315288e-01,-1.161219614228157448e+00,1.941383707446730389e+00,5.217703589088856786e-01,-1.153814310935904031e+00,1.929114836915596154e+00,5.090414157503710957e-01,-1.273293307075958225e+00,5.332377122382521151e-01,-5.643650098227266376e-01,1.097998600118923335e-02,1.120736928478009986e-01,1.414139365601100110e-02,6.062000000000000548e-03
4.850000000000000533e+00,1.946898707880522217e+00,4.970781328500031848e-01,-1.189162231904036693e+00,1.958374149416390875e+00,5.000974682600619614e-01,-1.183614857879319304e+00,1.937166322257262152e+00,4.817536741017152124e-01,-1.294241249945474737e+00,5.395750545159051503e-01,-5.609871002058195444e-01,1.354681214618638080e-02,1.050790180414380437e-01,1.815374247497796023e-02,5.610000000000000403e-03
4.900000000000000355e+00,1.956172646196347786e+00,4.731348148646274399e-01,-1.213359437012148989e+00,1.962530360748672154e+00,4.926164164070774842e-01,-1.207160283419305147e+00,1.937166322257262152e+00,4.817536741017152124e-01,-1.294241249945474737e+00,5.429128164527239342e-01,-5.347766716782925700e-01,1.593079567302803368e-02,8.088181293332574739e-02,2.086923774904567153e-02,6.082000000000000600e-03
4.950000000000000178e+00,1.964825511409145520e+00,4.491634106377188074e-01,-1.235411997603702794e+00,1.961085414798544146e+00,4.423560165079895579e-01,-1.241472443509140433e+00,1.951833523877494647e+00,4.257792915650728816e-01,-1.334194433894803744e+00,5.593138600719125275e-01,-5.041309967075824350e-01,1.811128248283271069e-02,9.878243629110095014e-02,2.675086474913015988e-02,5.961000000000000153e-03
5.000000000000000000e+00,1.973177929110003559e+00,4.241566516053001390e-01,-1.261468261792860535e+00,1.981480897991123147e+00,4.368483851848267707e-01,-1.239827000251757072e+00,1.951833523877494647e+00,4.257792915650728816e-01,-1.334194433894803744e+00,5.537397330079937285e-01,-5.518639653310069004e-01,2.036940462795926859e-02,7.272617210194320947e-02,2.140599437467470556e-02,5.641000000000001048e-03
5.050000000000000711e+00,1.980714185934556282e+00,3.994609537584464243e-01,-1.287747692696988633e+00,1.983440483152763667e+00,3.752767258747198298e-01,-1.300443819490921582e+00,1.964574501457377442e+00,3.681245526846777527e-01,-1.371902576303441368e+00,5.733703155390854622e-01,-5.018552918607607216e-01,2.201310595817679294e-02,8.415488360645273502e-02,3.524853822896742428e-02,5.610000000000000403e-03
5.100000000000000533e+00,1.987941204982543786e+00,3.735659468708023567e-01,-1.309516958801871356e+00,1.987204419392573529e+00,3.522273947060765575e-01,-1.306043369028055290e+00,1.970218652309547958e+00,3.387379202452913129e-01,-1.390036498327183789e+00,5.770247412580116197e-01,-5.160580286139214712e-01,2.369508652828504827e-02,8.051953952531221148e-02,3.907787496620584999e-02,5.540999999999999918e-03
5.150000000000000355e+00,1.994631554761583159e+00,3.472161453407183740e-01,-1.334774317024559842e+00,1.997539716918132147e+00,3.228641325384009053e-01,-1.321529907298082840e+00,1.975376681190275541e+00,3.090169943749475068e-01,-1.407751407822099621e+00,5.801219520005622687e-01,-5.321253390346528667e-01,2.520012718816708533e-02,7.297709079754000072e-02,4.277762605326286549e-02,5.660000000000000100e-03
5.200000000000000178e+00,2.000779920610785911e+00,3.200131832659888764e-01,-1.362251507420293217e+00,1.993868397702583284e+00,3.355252151659945392e-01,-1.360931206092570234e+00,1.975376681190275541e+00,3.090169943749475068e-01,-1.407751407822099621e+00,5.874276134597935517e-01,-4.386388355295678942e-01,2.685127117315305734e-02,4.549990040180640349e-02,2.768105386691831898e-02,5.531000000000000326e-03
5.250000000000000000e+00,2.006150058213151066e+00,2.934081032139978507e-01,-1.381000667786904668e+00,2.005825498751762748e+00,2.813491769847796253e-01,-1.386624216388302244e+00,1.980047315433115074e+00,2.789911060392295528e-01,-1.425090937290525384e+00,5.911369912433830365e-01,-4.586978499047629221e-01,2.791936054281516852e-02,4.409026950362093800e-02,2.981950683995290841e-02,9.318000000000001629e-03
5.300000000000000711e+00,2.011074447839591883e+00,2.661660915147590623e-01,-1.402925220600645728e+00,2.001471519627830098e+00,2.873271829664132970e-01,-1.399271013467932923e+00,1.980047315433115074e+00,2.789911060392295528e-01,-1.425090937290525384e+00,5.939856052161377464e-01,-4.176304590881043111e-01,2.883629198605111923e-02,2.216571668987965538e-02,3.357326232170360081e-02,5.680000000000001020e-03
5.350000000000000533e+00,2.015392875062038680e+00,2.386063139010703715e-01,-1.427808911278841242e+00,1.990162937906897467e+00,2.445744328321567407e-01,-1.434302498505706458e+00,1.984229402628955752e+00,2.486898871648543785e-01,-1.442097143385252966e+00,6.020893897735817291e-01,-3.477830972622979466e-01,2.961157262465246437e-02,1.428823210641194663e-02,3.275424344804225840e-02,5.621000000000000128e-03
5.400000000000000355e+00,2.019098304317925141e+00,2.114981293666947371e-01,-1.442086697248808225e+00,2.001661952237428821e+00,2.266304300341725197e-01,-1.466265096446621508e+00,1.987921910910359413e+00,2.181432413965423145e-01,-1.458810657793825349e+00,6.060830325628214776e-01,-3.290337737531689455e-01,3.023850641356003524e-02,1.672396054501712470e-02,3.187671595055759088e-02,5.601000000000000076e-03
5.450000000000000178e+00,2.022523873880104794e+00,1.835558294183383399e-01,-1.455534538279010359e+00,2.008919773507766404e+00,1.983317710096468289e-01,-1.446182924442711348e+00,1.991123929206159993e+00,1.873813145857245732e-01,-1.475270842638946034e+00,6.036274272839726729e-01,-4.121793130014022588e-01,3.089191367159619186e-02,1.973630435993545262e-02,3.163211757522228773e-02,5.591000000000000483e-03
5.500000000000000000e+00,2.025493589927209737e+00,1.555222758201185440e-01,-1.474976673996197363e+00,2.031608694905352230e+00,1.502739556603958360e-01,-1.468201070420519061e+00,1.993834667466255928e+00,1.564344650402309800e-01,-1.491515948466642039e+00,6.020222921598088472e-01,-4.665146590178316233e-01,3.148723743785052792e-02,1.653927447044445387e-02,3.167206119850703855e-02,5.550000000000000246e-03
5.550000000000000711e+00,2.028076740421205670e+00,1.254481005137997318e-01,-1.495251278689295971e+00,2.035091330140918142e+00,1.313310927665854166e-01,-1.503226331382385039e+00,1.996053456856543118e+00,1.253332335643040918e-01,-1.507583273474969898e+00,6.069719885475157728e-01,-4.235293358174814782e-01,3.196658036160507366e-02,1.233199478567392759e-02,3.202348957685394182e-02,5.559999999999999838e-03
5.600000000000000533e+00,2.029876810118110164e+00,9.695673106310684353e-02,-1.520150154804537079e+00,2.022202535790181610e+00,8.791957541717392022e-02,-1.531754606292839105e+00,1.997779749923940029e+00,9.410831331851435277e-02,-1.523509323095280088e+00,6.126824029805923999e-01,-3.801725550841050794e-01,3.219582434180164043e-02,3.359168290742786667e-03,3.222320214931921611e-02,5.520999999999999866e-03
5.650000000000000355e+00,2.031183287722352127e+00,6.777853723527119123e-02,-1.531950630098961597e+00,2.028357025373175304e+00,5.705754157074749422e-02,-1.533675607248701223e+00,1.999013120731463200e+00,6.279051952931313796e-02,-1.539329969395177633e+00,6.107028972910821807e-01,-4.265647390291408270e-01,3.231117080287135290e-02,7.379339296216258504e-03,3.255456903195971807e-02,5.591000000000000483e-03
5.700000000000000178e+00,2.032042504891595769e+00,3.921371295252522315e-02,-1.549501049593516422e+00,2.027903239140570246e+00,1.117343843607687334e-02,-1.556078464489061508e+00,2.000000000000000000e+00,1.224646799147353207e-16,-1.570796326794896558e+00,6.107522356731442947e-01,-4.353275719086741047e-01,3.204250489159576887e-02,2.129527720138035818e-02,5.064027451792667278e-02,6.682000000000000439e-03
5.750000000000000000e+00,2.032321342914932494e+00,1.013223349272205157e-02,-1.572915861620674649e+00,2.028782759993366103e+00,3.515793257793302894e-03,-1.571042238932486956e+00,2.000000000000000000e+00,1.224646799147353207e-16,-1.570796326794896558e+00,6.123471962146774805e-01,-4.158600662573905815e-01,3.232134291493249378e-02,-2.119534825777869003e-03,3.387228016203947673e-02,5.640000000000000048e-03
5.800000000000000711e+00,2.031969534670294841e+00,-1.941372927298571499e-02,-1.592489968906679154e+00,1.993091410744142866e+00,-2.056825149117404508e-02,-1.592591814806238570e+00,1.999753264963321175e+00,-3.141075907812888174e-02,-1.586512043544509476e+00,6.182072310746354882e-01,-3.187306950880693379e-01,3.202375718003990651e-02,-5.977925362169678181e-03,3.437756183876283095e-02,5.590000000000000351e-03
5.850000000000000533e+00,2.031129536898508281e+00,-4.869097307122575991e-02,-1.606469245619438047e+00,2.046662555063959221e+00,-6.004588305796058206e-02,-1.585171988279149513e+00,1.999013120731463200e+00,-6.279051952931377634e-02,-1.602262684194615705e+00,6.021844632082959947e-01,-4.687306950880693601e-01,3.165692958108261290e-02,-4.206561424822119477e-03,3.507508229125937127e-02,5.500000000000000548e-03
5.900000000000000355e+00,2.029801374595431973e+00,-7.736046561132632615e-02,-1.627710562963166741e+00,2.023682011831184457e+00,-7.869245178149698872e-02,-1.623339863838470176e+00,1.999013120731463200e+00,-6.279051952931377634e-02,-1.602262684194615705e+00,6.121098190938327743e-01,-4.027806345741880012e-01,3.123140038728898851e-02,-2.544787876855103548e-02,3.406170730930763169e-02,5.630000000000000455e-03
5.950000000000000178e+00,2.028007011406614435e+00,-1.052350308173830018e-01,-1.642450252542007938e+00,2.038443609971178461e+00,-9.170157669252221311e-02,-1.637381452173268137e+00,1.997779749923940029e+00,-9.410831331851454706e-02,-1.618083330494513472e+00,6.079261155408958173e-01,-4.283932519126624205e-01,3.071942585337743975e-02,-2.436692204749446589e-02,3.221010988869173891e-02,5.540999999999999918e-03
6.000000000000000000e+00,2.025803501865684364e+00,-1.330216613680854087e-01,-1.657413325403044313e+00,2.016195038337595058e+00,-1.515302923598461637e-01,-1.660881001128589718e+00,1.993834667466255928e+00,-1.564344650402307302e-01,-1.650076705123156628e+00,6.043180394096895336e-01,-4.247734251286729434e-01,3.001418681883888384e-02,-7.336620279887462459e-03,3.962531701637855841e-02,5.720999999999999523e-03
6.050000000000000711e+00,2.022907858955469429e+00,-1.619812017777090551e-01,-1.683495358620622939e+00,2.012189861648302269e+00,-1.525360805534929365e-01,-1.679409109162926850e+00,1.993834667466255928e+00,-1.564344650402307302e-01,-1.650076705123156628e+00,6.076766472026620125e-01,-3.805143867261814861e-01,2.942115819999968976e-02,-3.341865349746608871e-02,2.959758016803684666e-02,5.630000000000000455e-03
6.100000000000000533e+00,2.019369994312995686e+00,-1.901321396128729246e-01,-1.708136091583848604e+00,2.007598073493892077e+00,-2.030969644201019997e-01,-1.713274477702879217e+00,1.991123929206159993e+00,-1.873813145857247675e-01,-1.666321810950852189e+00,6.057832120289536881e-01,-3.813879883525707060e-01,2.837966317056586640e-02,-4.181428063299641451e-02,2.837969753802153591e-02,5.650000000000000508e-03
6.150000000000000355e+00,2.015238245793153915e+00,-2.184771476015095470e-01,-1.722950391722341212e+00,2.027069241075727835e+00,-2.166407815235206202e-01,-1.725334903287997879e+00,1.987921910910359413e+00,-2.181432413965429529e-01,-1.682781995795967767e+00,5.981546260903012335e-01,-4.268837620089878104e-01,2.718254420380300171e-02,-4.016839592637344580e-02,2.731837558828655727e-02,5.680000000000001020e-03
6.200000000000000178e+00,2.010593649525025395e+00,-2.466292782543765827e-01,-1.745660553728298092e+00,2.006314275829701010e+00,-2.772990400497307162e-01,-1.742141283319260214e+00,1.980047315433115074e+00,-2.789911060392292752e-01,-1.716501716299274394e+00,5.872311739603638392e-01,-4.676144384595314341e-01,2.552403098062463668e-02,-2.915883742902369846e-02,4.450130811595392338e-02,6.031000000000000770e-03
6.250000000000000000e+00,2.005377493342171746e+00,-2.742468068910888235e-01,-1.769276630905030290e+00,1.991876678347696439e+00,-2.798529060451738770e-01,-1.775068067362836288e+00,1.980047315433115074e+00,-2.789911060392292752e-01,-1.716501716299274394e+00,5.948555387305480835e-01,-3.783506648912141057e-01,2.437294606350107543e-02,-5.277491460575589599e-02,2.577064778602797951e-02,6.222000000000000967e-03
6.300000000000000711e+00,1.999553582676035335e+00,-3.019238542961093508e-01,-1.787112223067270467e+00,1.988996327122832142e+00,-2.872035241232907543e-01,-1.782128240659992313e+00,1.980047315433115074e+00,-2.789911060392292752e-01,-1.716501716299274394e+00,5.957032080935245055e-01,-3.697660063531057473e-01,2.262918814252267222e-02,-7.061050676799585091e-02,3.010656746236043541e-02,9.638000000000000733e-03
6.350000000000000533e+00,1.993431847291194936e+00,-3.285969800492044013e-01,-1.805685367955016218e+00,1.984820650705313216e+00,-3.226150911910685148e-01,-1.812617301400924585e+00,1.975376681190275541e+00,-3.090169943749468962e-01,-1.733841245767686834e+00,5.915250708615013009e-01,-3.713671979118799982e-01,2.099400282208667076e-02,-7.184412218732916244e-02,2.663390436897898617e-02,5.821000000000000653e-03
6.400000000000000355e+00,1.986680000231225263e+00,-3.555118145367944238e-01,-1.827482525942814462e+00,1.973209359949669395e+00,-3.189612504762810441e-01,-1.799409492952054546e+00,1.975376681190275541e+00,-3.090169943749468962e-01,-1.733841245767686834e+00,5.922703666285639157e-01,-3.668804782666762465e-01,1.870061136197677387e-02,-9.364128017512740598e-02,4.784906815418707438e-02,5.751000000000000903e-03
6.450000000000000178e+00,1.979128875792336872e+00,-3.829425955696430517e-01,-1.851361718900508491e+00,1.965937080495535838e+00,-3.749347706788046519e-01,-1.849489857344469135e+00,1.964574501457377442e+00,-3.681245526846779192e-01,-1.769690077286353080e+00,5.797104567510691364e-01,-3.931544490088497157e-01,1.719526901790967288e-02,-8.167164161415563228e-02,2.077027219905390465e-02,6.651999999999999927e-03
6.500000000000000000e+00,1.970970906922123289e+00,-4.100059137089556160e-01,-1.875785829621460232e+00,1.990319043976446434e+00,-4.066766709623605425e-01,-1.853417758631472845e+00,1.958445621243531498e+00,-3.971478906347807869e-01,-1.788288363900390143e+00,5.610016946448637132e-01,-5.078426207843554918e-01,1.500473367173331754e-02,-8.749746572107008902e-02,1.795025177278438550e-02,1.488800000000000019e-02
6.550000000000000711e+00,1.962772515911642923e+00,-4.348032894850785146e-01,-1.904411430239241865e+00,1.962272352938443154e+00,-4.547615866379273730e-01,-1.897981892375888213e+00,1.944739840795353336e+00,-4.539904997395466935e-01,-1.827068819336157723e+00,5.506943876386497516e-01,-5.033422754853497105e-01,1.258024774305836931e-02,-7.734261090308436337e-02,2.633109206240444658e-02,7.104000000000000072e-03
6.600000000000000533e+00,1.954297993042980686e+00,-4.584820118753588636e-01,-1.924564889438552084e+00,1.957593740272441041e+00,-4.569268585981122177e-01,-1.950848411917824876e+00,1.944739840795353336e+00,-4.539904997395466935e-01,-1.827068819336157723e+00,5.598830716210893010e-01,-4.015361420257400615e-01,1.038449063100563285e-02,-9.749607010239458305e-02,1.056086907668927349e-02,5.831000000000000245e-03
6.650000000000000355e+00,1.945454889031756007e+00,-4.817926544826817148e-01,-1.942201453677434131e+00,1.967933130267984554e+00,-4.753259431328579754e-01,-1.940978355372100950e+00,1.937166322257262152e+00,-4.817536741017157675e-01,-1.847351403644325707e+00,5.414316629097600808e-01,-4.962081169425590632e-01,7.984259136273043692e-03,-9.485005003310842397e-02,8.288658434592640484e-03,7.054000000000000374e-03
6.700000000000000178e+00,1.936027735874791045e+00,-5.050798924023613967e-01,-1.968701458279449312e+00,1.948429241374329157e+00,-5.224416010144843359e-01,-1.974253146319900232e+00,1.929114836915596154e+00,-5.090414157503712067e-01,-1.868299346513841330e+00,5.332332042617566881e-01,-5.254536646871867944e-01,5.447968594719441310e-03,-1.004021117656082041e-01,7.967549137398818870e-03,6.021000000000000310e-03
6.750000000000000000e+00,1.926046457159038106e+00,-5.280795495594395872e-01,-1.991787232268392716e+00,1.936628374448219780e+00,-4.977688388485452253e-01,-1.967702905455818385e+00,1.929114836915596154e+00,-5.090414157503712067e-01,-1.868299346513841330e+00,5.391565948552172749e-01,-4.720944537918065342e-01,2.647130922313431500e-03,-1.234878857545513853e-01,1.928381428199430966e-02,5.962000000000000285e-03
6.800000000000000711e+00,1.915478125711246760e+00,-5.510854000547990017e-01,-2.011052319417000689e+00,1.930293312330238376e+00,-5.693528939197479710e-01,-2.016842731943117695e+00,1.911586029596660463e+00,-5.620833778521302504e-01,-1.912415586767242104e+00,5.105032872494060792e-01,-5.687294268552643972e-01,-1.728272586168887182e-05,-9.863673264975858501e-02,1.166635880623293972e-02,7.003000000000000544e-03
6.850000000000000533e+00,1.904813049057715535e+00,-5.729298854644665484e-01,-2.038910862072470742e+00,1.909818520580949031e+00,-5.565839117227816546e-01,-2.035023195034364019e+00,1.911586029596660463e+00,-5.620833778521302504e-01,-1.912415586767242104e+00,5.211836074785594075e-01,-4.962301058561651712e-01,-2.747869776162751698e-03,-1.264952753052286383e-01,1.278749360763851983e-02,6.692000000000000899e-03
6.900000000000000355e+00,1.893249003153605337e+00,-5.950350905521345490e-01,-2.066652295475742918e+00,1.905490536605352503e+00,-5.822469287954915584e-01,-2.074612121349553640e+00,1.902113032590307284e+00,-5.877852522924730261e-01,-1.935701281842202803e+00,5.128870459208036969e-01,-4.963923965420173334e-01,-5.693220229825287845e-03,-1.309510136335401143e-01,1.145125201215878644e-02,6.492000000000000375e-03
6.950000000000000178e+00,1.881452099047734583e+00,-6.162559962701578131e-01,-2.089678292917026781e+00,1.894718820041812579e+00,-6.441673075044386243e-01,-2.095251874887746890e+00,1.881761537908450910e+00,-6.374239897486899675e-01,-1.985035564911772354e+00,4.803676930367853926e-01,-6.135475131007546157e-01,-8.803249880437537950e-03,-1.046427280052544262e-01,2.117025508386002550e-02,6.050999999999999955e-03
7.000000000000000000e+00,1.870207506676812015e+00,-6.353770510238681002e-01,-2.115122601390020840e+00,1.890722136711648016e+00,-6.229878153281634967e-01,-2.137835314478950810e+00,1.881761537908450910e+00,-6.374239897486899675e-01,-1.985035564911772354e+00,4.953839828178793203e-01,-5.008500826781470128e-01,-1.140070326721209608e-02,-1.300870364782484856e-01,1.173395056427554463e-02,6.211000000000000375e-03
7.050000000000000711e+00,1.857964409785451743e+00,-6.549772150987465125e-01,-2.143154545966876601e+00,1.832211517004331380e+00,-6.641224826264947589e-01,-2.141895249931491385e+00,1.859552971776502694e+00,-6.845471059286887261e-01,-2.038480543411675505e+00,4.668063577962525135e-01,-6.029467132407841934e-01,-1.474868358733666569e-02,-1.046740025552010955e-01,2.961253067358668792e-02,5.660000000000000100e-03
7.100000000000000533e+00,1.846064692312346045e+00,-6.728543625752663182e-01,-2.173019011487370644e+00,1.831290803501977038e+00,-6.709470464680286073e-01,-2.163845261749310911e+00,1.859552971776502694e+00,-6.845471059286887261e-01,-2.038480543411675505e+00,4.695832408810604597e-01,-5.849550625731131381e-01,-1.731116346310261622e-02,-1.345384680756951390e-01,1.785088037134846539e-02,6.402000000000000572e-03
7.150000000000000355e+00,1.833133319453478904e+00,-6.911331656840857818e-01,-2.199993060587515092e+00,1.826113561400211749e+00,-7.094769876706737977e-01,-2.200220770706823092e+00,1.835509251367962280e+00,-7.289686274214115524e-01,-2.096554529215123086e+00,4.405859853684384597e-01,-6.275943417653639944e-01,-2.104349077680923302e-02,-1.034385313723920063e-01,3.790998835846435405e-02,5.741000000000000443e-03
7.200000000000000178e+00,1.820884318554512271e+00,-7.074956734873258934e-01,-2.226810764686882216e+00,1.830873315659691691e+00,-7.379986039466033265e-01,-2.249363622512078109e+00,1.835509251367962280e+00,-7.289686274214115524e-01,-2.096554529215123086e+00,4.414034653070693648e-01,-6.155273074492048080e-01,-2.342635196190020336e-02,-1.302562354717591298e-01,2.598030812852864316e-02,5.681000000000000286e-03
7.250000000000000000e+00,1.808257171028483823e+00,-7.234607567534984129e-01,-2.253144833801418834e+00,1.814547195500377352e+00,-7.460181983616278600e-01,-2.264791824870030723e+00,1.822806553270890362e+00,-7.501110696304598147e-01,-2.127485239566099473e+00,4.318031037471561362e-01,-6.189246174889025953e-01,-2.643399819364141562e-02,-1.256595942353193607e-01,3.036319647328965601e-02,5.671000000000000693e-03
7.300000000000000711e+00,1.795495753001807193e+00,-7.387427193007894966e-01,-2.279965485061719921e+00,1.804903529515648364e+00,-7.385851874069668810e-01,-2.266045251204614530e+00,1.822806553270890362e+00,-7.501110696304598147e-01,-2.127485239566099473e+00,4.360327384767703207e-01,-6.077737318207661055e-01,-2.919390823223080161e-02,-1.524802454956204478e-01,2.958241370402132225e-02,5.670000000000000560e-03
7.350000000000000533e+00,1.781499006432462062e+00,-7.546154224799771493e-01,-2.306977872371123173e+00,1.766824935662443252e+00,-7.465720397984791923e-01,-2.303999902876513683e+00,1.809654104932038932e+00,-7.705132427757893643e-01,-2.159756802087212879e+00,4.340133631181890550e-01,-5.927213105659200343e-01,-3.224267806670996078e-02,-1.472210702839102936e-01,3.233342329044072011e-02,5.671000000000000693e-03
7.400000000000000355e+00,1.767677174757121605e+00,-7.694212095332788603e-01,-2.336696473039281852e+00,1.758317734193661996e+00,-7.872353906410961555e-01,-2.326373868843696791e+00,1.782013048376735798e+00,-8.090169943749473402e-01,-2.228523868394610030e+00,3.999209534024657509e-01,-6.464190384583535787e-01,-3.555087046310974330e-02,-1.081726046446718215e-01,4.211108464128243689e-02,5.710999999999999931e-03
7.450000000000000178e+00,1.754299268060480754e+00,-7.828946868030193240e-01,-2.368574053439774119e+00,1.732159770587142988e+00,-8.056203066484139974e-01,-2.376717290276431527e+00,1.767531260177386487e+00,-8.270805742745621636e-01,-2.265098432522955285e+00,4.011661474591879384e-01,-6.409257696874202104e-01,-3.844109926041676395e-02,-1.034756209168188335e-01,4.612459503377457082e-02,5.791000000000000140e-03
7.500000000000000000e+00,1.741206408933720251e+00,-7.953316092388245107e-01,-2.395189625309082526e+00,1.736805475014108202e+00,-8.017052592540461209e-01,-2.392502550922527949e+00,1.767531260177386487e+00,-8.270805742745621636e-01,-2.265098432522955285e+00,4.056276333082797225e-01,-6.115852891503763544e-01,-4.054521154957063667e-02,-1.300911927861272410e-01,4.124311547205967293e-02,5.771000000000000088e-03
7.550000000000000711e+00,1.727151957505385527e+00,-8.079543199328943492e-01,-2.424434783414197270e+00,1.757724011804678410e+00,-8.129707338001312955e-01,-2.392577784985457257e+00,1.767531260177386487e+00,-8.270805742745621636e-01,-2.265098432522955285e+00,3.996267774688129215e-01,-6.146424997084045661e-01,-4.326943146159146353e-02,-1.593363508912419846e-01,4.467999204811064912e-02,5.841000000000000705e-03
7.600000000000000533e+00,1.712356213441440511e+00,-8.204390697449827075e-01,-2.456975322968814268e+00,1.701335663358575889e+00,-8.125796542404618572e-01,-2.473134297169496509e+00,1.737263028876382398e+00,-8.607420270039437549e-01,-2.342735081697066235e+00,3.982684891360346313e-01,-5.646187701572845663e-01,-4.595957162808380486e-02,-1.142402412717480331e-01,4.737803097352084186e-02,5.741000000000000443e-03
7.650000000000000355e+00,1.697491960698811697e+00,-8.322300909414779291e-01,-2.484990859654989226e+00,1.676799660658576663e+00,-7.850127716928481103e-01,-2.470967768732339032e+00,1.737263028876382398e+00,-8.607420270039437549e-01,-2.342735081697066235e+00,4.085025089252835029e-01,-5.309859386247016699e-01,-4.838615461635310810e-02,-1.422557779579229909e-01,4.893534879833918300e-02,5.650000000000000508e-03
7.700000000000000178e+00,1.682415986528144058e+00,-8.435637769138560893e-01,-2.508926785194918185e+00,1.690047598774608639e+00,-8.457644778372478411e-01,-2.505909222347104670e+00,1.721484054007887288e+00,-8.763066800438635839e-01,-2.383790380104093387e+00,3.832797558585159803e-01,-5.899922698815517341e-01,-5.063528214365085184e-02,-1.251364050908247982e-01,5.097461723233265296e-02,6.833000000000000532e-03
7.750000000000000000e+00,1.667537166557014450e+00,-8.541658728657981481e-01,-2.536042899218375890e+00,1.664703131003851588e+00,-8.322599239626844447e-01,-2.532080863899273560e+00,1.705280328708184578e+00,-8.910065241883677878e-01,-2.426298338943762012e+00,3.841570253994975870e-01,-5.656232139344734566e-01,-5.256447816679448576e-02,-1.097445602746138782e-01,5.274258127017176362e-02,7.433000000000000371e-03
7.800000000000000711e+00,1.653129760237627810e+00,-8.638781695322922394e-01,-2.560854969055440744e+00,1.687547350516730438e+00,-8.603752114575548005e-01,-2.558721013289211754e+00,1.705280328708184578e+00,-8.910065241883677878e-01,-2.426298338943762012e+00,3.793540944218622979e-01,-5.543496893861369346e-01,-5.468161091157619502e-02,-1.345566301116787322e-01,5.878460187964230227e-02,1.022900000000000025e-02
7.850000000000000533e+00,1.638167986464418524e+00,-8.734001771695004690e-01,-2.588788285486229412e+00,1.631874796445417664e+00,-8.634513419196154782e-01,-2.609264351857409903e+00,1.671614722736540326e+00,-9.177546256839812511e-01,-2.515410790842171007e+00,3.765405874459459290e-01,-5.651968400620207555e-01,-5.554076294287546567e-02,-7.337749464405840527e-02,5.555178908262626419e-02,5.630999999999999721e-03
7.900000000000000355e+00,1.623072916116237829e+00,-8.824167872344773622e-01,-2.617501646588147768e+00,1.631102993945614310e+00,-8.618466520536877118e-01,-2.623582337298358880e+00,1.671614722736540326e+00,-9.177546256839812511e-01,-2.515410790842171007e+00,3.798840544582648415e-01,-5.465266573528719807e-01,-5.708141100081726149e-02,-1.020908557459767607e-01,6.004223360473924520e-02,5.600000000000000810e-03
7.950000000000000178e+00,1.607193501608711106e+00,-8.913386008327862653e-01,-2.641895944268112029e+00,1.607208490594402406e+00,-8.787240360748940216e-01,-2.644517562257002297e+00,1.636299434850046808e+00,-9.408807689542254549e-01,-2.609277363450290377e+00,3.677213612650750418e-01,-5.874485530092167229e-01,-5.745935510072872066e-02,-3.261858081782165186e-02,5.745939237428495522e-02,5.571000000000000431e-03
8.000000000000000000e+00,1.591805975157830844e+00,-8.994752899829528969e-01,-2.668470669895637304e+00,1.579082049929352305e+00,-8.992279802155902502e-01,-2.658993565141568372e+00,1.599369316974181388e+00,-9.602936856769429541e-01,-2.706661930051141862e+00,3.498544705478298655e-01,-6.291212629442226589e-01,-5.834295220243078395e-02,3.819126015550455833e-02,6.128687783059033611e-02,5.671000000000000693e-03
8.050000000000000711e+00,1.577058483873823524e+00,-9.067407367234805449e-01,-2.699203574174376286e+00,1.594633790167747200e+00,-9.138370797467098017e-01,-2.713055152833468320e+00,1.599369316974181388e+00,-9.602936856769429541e-01,-2.706661930051141862e+00,3.571558979489574126e-01,-5.744581131880642788e-01,-5.796774381799849052e-02,7.458355876765576653e-03,5.801458105721504083e-02,5.619999999999999996e-03
8.099999999999999645e+00,1.561226024195387474e+00,-9.139440003345297159e-01,-2.730026359972971051e+00,1.550275209603812376e+00,-9.125774180732952878e-01,-2.738078620677228514e+00,1.580310024751380604e+00,-9.685831611286311871e-01,-2.756178217799818864e+00,3.607825238375313992e-01,-6.125369209435111983e-01,-5.780548021134441355e-02,2.615185782684781302e-02,5.787604832316060183e-02,5.731000000000000850e-03
8.150000000000000355e+00,1.545575876820755701e+00,-9.205018406624899674e-01,-2.759557083022378787e+00,1.540124442935821403e+00,-9.050693091603714269e-01,-2.769037948681035033e+00,1.560860814676659380e+00,-9.759167619387474346e-01,-2.805942088609573837e+00,3.649391334010259613e-01,-5.881958251348677891e-01,-5.735716576342953649e-02,4.638500558719504951e-02,5.748428328954489214e-02,5.601000000000000076e-03
8.200000000000001066e+00,1.529335217044601736e+00,-9.267613555909494094e-01,-2.787874807512878306e+00,1.535836865666177609e+00,-9.432326133447365146e-01,-2.774048707658692159e+00,1.541026485551578507e+00,-9.822872507286887211e-01,-2.855713690087237744e+00,3.495894511239344138e-01,-6.236843948410892846e-01,-5.656927741383707686e-02,6.783888257435943814e-02,5.674337661920948045e-02,5.540000000000000653e-03
8.250000000000000000e+00,1.513320408717903742e+00,-9.323849009562634738e-01,-2.819918666115361905e+00,1.518519619070271220e+00,-9.550241033944693037e-01,-2.815523376117959220e+00,1.520811931200062084e+00,-9.876883405951376593e-01,-2.905250519728249881e+00,3.554226296511341365e-01,-6.336722123161573350e-01,-5.552018221125930297e-02,8.533185361288797566e-02,5.580854186404877321e-02,5.520000000000000601e-03
8.300000000000000711e+00,1.497664419404911351e+00,-9.373544157587144765e-01,-2.848546030363230397e+00,1.496635645246146451e+00,-9.387014588146646021e-01,-2.848794662792512256e+00,1.500222139260918741e+00,-9.921147013144778759e-01,-2.954314537334560065e+00,3.650562377100536882e-01,-6.178941217313006495e-01,-5.427899256163244007e-02,1.057685069713296677e-01,5.481998545248405880e-02,5.581000000000000023e-03
8.349999999999999645e+00,1.481405480240273409e+00,-9.420197311557907405e-01,-2.875777074859533933e+00,1.474009758369751344e+00,-9.289688451252016144e-01,-2.868660409009793355e+00,1.479262189957219142e+00,-9.955619646030799963e-01,-3.002678949097496552e+00,3.700569799736698196e-01,-6.216552826797293596e-01,-5.272968519296832718e-02,1.269018742379626197e-01,5.358511412474041558e-02,5.610000000000000403e-03
8.400000000000000355e+00,1.464695124818820915e+00,-9.463328805275947886e-01,-2.902209957765443438e+00,1.481451696253344386e+00,-9.489268340254962686e-01,-2.913330149673725611e+00,1.479262189957219142e+00,-9.955619646030799963e-01,-3.002678949097496552e+00,3.738152829436014457e-01,-5.830530395686116529e-01,-5.077192329103236840e-02,1.004689913320531147e-01,5.133908945099755622e-02,5.630999999999999721e-03
8.450000000000001066e+00,1.447852184842083556e+00,-9.502084471608706062e-01,-2.928647933064373987e+00,1.431594590499543518e+00,-9.537385865903172943e-01,-2.920978534385672454e+00,1.436252595526377629e+00,-9.995065603657316000e-01,-3.096492768355989078e+00,3.746123110448746352e-01,-6.651956452698247757e-01,-4.872502270945566760e-02,1.678448352916150910e-01,5.064439196843347618e-02,5.470000000000000036e-03
8.500000000000000000e+00,1.430129922161436751e+00,-9.537188981213950978e-01,-2.963437188608851081e+00,1.426990861974120728e+00,-9.459938012910386052e-01,-2.990163740480655807e+00,1.436252595526377629e+00,-9.995065603657316000e-01,-3.096492768355989078e+00,3.911989400763867253e-01,-5.898448099092481467e-01,-4.601714235921437746e-02,1.330555797471379975e-01,4.619520692599173722e-02,5.550000000000000246e-03
8.550000000000000711e+00,1.412379050070323716e+00,-9.566924970338696044e-01,-2.987793432150364747e+00,1.403609774707769153e+00,-9.602927701308157094e-01,-2.981203423887860637e+00,1.391825593184628174e+00,-9.995065603657314890e-01,3.097886020062567525e+00,3.912023335567613724e-01,-6.712839594377048025e-01,-4.367121306357112792e-02,1.975058549666535157e-01,4.749198468096301612e-02,6.422000000000000625e-03
8.599999999999999645e+00,1.394381107179631707e+00,-9.591768390914243714e-01,-3.021055915297094163e+00,1.390848844223564473e+00,-9.345059280713023941e-01,-3.023494320350087250e+00,1.391825593184628174e+00,-9.995065603657314890e-01,3.097886020062567525e+00,4.066834684750928464e-01,-6.172222279021210012e-01,-4.040286443779950165e-02,1.642433718199249881e-01,4.041060590787966950e-02,5.571000000000000431e-03
8.650000000000000355e+00,1.375086245214482084e+00,-9.612464687632691351e-01,-3.048419989570370969e+00,1.363008455101582861e+00,-9.568242163497698849e-01,-3.065863421479621653e+00,1.369094211857377674e+00,-9.980267284282715590e-01,3.055679178538552421e+00,4.095384615380751603e-01,-6.309897526031655879e-01,-3.715876663243505157e-02,1.790861390706623979e-01,3.726515751714536834e-02,5.591000000000000483e-03
8.700000000000001066e+00,1.356489960221772595e+00,-9.627330210300901747e-01,-3.075228297799502464e+00,1.351135292466534299e+00,-9.640750762286184328e-01,-3.055137311509038778e+00,1.346025027019546627e+00,-9.955619646030799963e-01,3.015051301811090489e+00,4.111351865175229547e-01,-6.906894444496969321e-01,-3.388716937190072720e-02,1.929057075689932788e-01,3.445655762036598652e-02,5.490000000000000088e-03
8.750000000000000000e+00,1.337114418483254408e+00,-9.637376912888011571e-01,-3.104344804963103055e+00,1.330835008731474201e+00,-9.499583791964937296e-01,-3.114558771486089839e+00,1.322623730647303653e+00,-9.921147013144778759e-01,2.976055829719888024e+00,4.309003471404567187e-01,-6.393641332373798392e-01,-3.037689960288942129e-02,2.027846724965947089e-01,3.186274834279567009e-02,6.112000000000000245e-03
8.800000000000000711e+00,1.316541894076246999e+00,-9.642275751951431273e-01,-3.131224435846631238e+00,1.307711717972336984e+00,-9.625734430637874484e-01,-3.122510945076172995e+00,1.298896096660367538e+00,-9.876883405951377704e-01,2.938722810654413209e+00,4.317589247254550178e-01,-6.754505682025108149e-01,-2.653493672650879265e-02,2.132380606785417854e-01,2.935611826512224756e-02,5.650000000000000508e-03
8.849999999999999645e+00,1.296263263212799277e+00,-9.640964165214541692e-01,3.118288962470028736e+00,1.273926899428485360e+00,-9.669000597603115699e-01,3.120500920706255954e+00,1.274847979497379047e+00,-9.822872507286886101e-01,2.903061683423501016e+00,4.434563732959919680e-01,-7.037187412386693985e-01,-2.273568680086012622e-02,2.152272790465277197e-01,2.809841322507435762e-02,7.985000000000000778e-03
8.900000000000000355e+00,1.275136487642196892e+00,-9.632062785816936090e-01,3.080679823193943179e+00,1.279512779962060254e+00,-9.798186342003210036e-01,3.087319493586207386e+00,1.274847979497379047e+00,-9.822872507286886101e-01,2.903061683423501016e+00,4.478803929834218045e-01,-6.633227217676733733e-01,-1.860888316054213829e-02,1.776181397704421627e-01,1.908315317299594596e-02,6.050999999999999955e-03
8.950000000000001066e+00,1.253719882948350683e+00,-9.615549308600126466e-01,3.048598105238782274e+00,1.233147169102163820e+00,-9.669809622467827603e-01,3.022208716157393837e+00,1.225814107305952749e+00,-9.685831611286310761e-01,2.836707737742125701e+00,4.742253121445004216e-01,-6.361589879056389618e-01,-1.508094949518111808e-02,2.118903674966565731e-01,2.877721902673317789e-02,6.232000000000000560e-03
9.000000000000000000e+00,1.232057008881282556e+00,-9.591868998895314302e-01,3.016826076769229203e+00,1.225362271044519114e+00,-9.937705800527415478e-01,3.011063318977038605e+00,1.225814107305952749e+00,-9.685831611286310761e-01,2.836707737742125701e+00,4.680766311739864016e-01,-6.526364747504389552e-01,-1.083693523854857566e-02,1.801183390271035023e-01,1.128111454390308931e-02,6.202000000000000048e-03
9.050000000000000711e+00,1.210281982660532440e+00,-9.561123938546222112e-01,2.985825368891804388e+00,1.209288042253612527e+00,-9.332810647817944005e-01,2.983560093752521958e+00,1.200840450651768032e+00,-9.602936856769430651e-01,2.805957533592601472e+00,4.979230820974880900e-01,-6.055739313850724281e-01,-7.057728397847671566e-03,1.798678352992029161e-01,1.032597346384011086e-02,7.003999999999999809e-03
9.099999999999999645e+00,1.187155560849953773e+00,-9.521270601233453590e-01,2.956055838638935285e+00,1.193823534407788101e+00,-9.553357786708868149e-01,2.953125287814319933e+00,1.200840450651768032e+00,-9.602936856769430651e-01,2.805957533592601472e+00,4.957912269933276161e-01,-6.103042110051223323e-01,-3.203561217835561824e-03,1.500983050463338131e-01,1.593643566863290131e-02,5.619999999999999996e-03
9.150000000000000355e+00,1.164254279024913519e+00,-9.474596363428700041e-01,2.925024073153826620e+00,1.140925202695213914e+00,-9.457092978326112620e-01,2.935674774870898673e+00,1.150010504086557361e+00,-9.408807689542255659e-01,2.749094500030647481e+00,5.122724689278780330e-01,-6.592136023991590488e-01,6.303742132718016464e-04,1.759295731231791393e-01,1.568969791334148822e-02,6.642000000000000334e-03
9.200000000000001066e+00,1.140378346686806266e+00,-9.418457824882976448e-01,2.896298398146361919e+00,1.137905380408884337e+00,-9.309423713593925065e-01,2.899025270278450250e+00,1.124166755704261611e+00,-9.297764858882515693e-01,2.722875959199578588e+00,5.346248671830761134e-01,-6.128949401541398112e-01,4.435203848683032246e-03,1.734224389467833305e-01,2.021097727981521763e-02,7.053000000000000241e-03
9.250000000000000000e+00,1.116276745072992460e+00,-9.353672209858751030e-01,2.861696896826448899e+00,1.130236555936896092e+00,-9.330800230053595268e-01,2.894971349082871903e+00,1.124166755704261611e+00,-9.297764858882515693e-01,2.722875959199578588e+00,5.336175575174612051e-01,-6.226099140037745228e-01,8.315746076748894294e-03,1.388209376268703110e-01,9.669983800055709233e-03,5.921000000000000915e-03
9.300000000000000711e+00,1.091777397218455459e+00,-9.279561784575249828e-01,2.833991590282938233e+00,1.089269827983876615e+00,-9.269438736354667085e-01,2.815110639596964504e+00,1.098045635996263369e+00,-9.177546256839810290e-01,2.698056074055870113e+00,5.540088182608556844e-01,-5.502909565552608351e-01,1.190437703119142168e-02,1.359355162270681205e-01,1.197340788443361850e-02,6.552000000000000532e-03
9.349999999999999645e+00,1.067599558042666041e+00,-9.199297506412678072e-01,2.808139374357462970e+00,1.046248997241565615e+00,-9.297025006549070048e-01,2.793428813120244492e+00,1.071653589957992425e+00,-9.048270524660191327e-01,2.674574994186608379e+00,5.613848272709072162e-01,-5.919583765637620454e-01,1.531065327108251106e-02,1.335643801708545908e-01,1.563734846267565010e-02,7.183000000000000149e-03
9.400000000000000355e+00,1.042413620720113343e+00,-9.107582515739016671e-01,2.776593972214121742e+00,1.043766576037811866e+00,-9.140793654985113204e-01,2.780290988657553974e+00,1.044997129431897820e+00,-8.910065241883680098e-01,2.652372424588197219e+00,5.783230330752353598e-01,-5.481556889662798637e-01,1.864892949787027784e-02,1.242215476259245222e-01,1.991997118412339868e-02,6.813000000000000479e-03
9.450000000000001066e+00,1.016815149072504143e+00,-9.005993282416615564e-01,2.751004042156375284e+00,1.010816813439259443e+00,-9.043449680863178131e-01,2.751218690508665077e+00,1.018082831500742191e+00,-8.763066800438633619e-01,2.631388538998237436e+00,5.923592717482445424e-01,-5.654928556244447346e-01,2.181793375976577923e-02,1.196155031581378481e-01,2.432570194672399252e-02,7.484000000000001068e-03
9.500000000000000000e+00,9.911982755022493707e-01,-8.896889769466675979e-01,2.726907597753651658e+00,9.867921036713721561e-01,-8.983434529667919666e-01,2.719386311299365033e+00,9.909173368648155344e-01,-8.607420270039439769e-01,2.611564685500640692e+00,6.070281572307146822e-01,-5.368364752759751113e-01,2.483319316812134317e-02,1.153429122530109652e-01,2.894831320655057161e-02,6.052000000000000955e-03
9.550000000000000711e+00,9.653250969549058702e-01,-8.779571689999619011e-01,2.704863902149462263e+00,9.629892437379719006e-01,-8.932961482723987823e-01,2.713302034553399800e+00,9.909173368648155344e-01,-8.607420270039439769e-01,2.611564685500640692e+00,6.049493556086359414e-01,-5.690187731201978849e-01,2.779145094031328783e-02,9.329921664882157017e-02,3.084353834354017568e-02,6.833000000000000532e-03
9.600000000000001421e+00,9.401965799789919753e-01,-8.658528934540190569e-01,2.680528426915530282e+00,9.692456474462040061e-01,-8.974850554302135075e-01,2.672197646979261876e+00,9.909173368648155344e-01,-8.607420270039439769e-01,2.611564685500640692e+00,6.122725802038064824e-01,-4.801410604022191553e-01,3.005187707911566308e-02,6.896374141488958998e-02,5.097760424874163421e-02,5.511000000000000273e-03
9.650000000000000355e+00,9.143404570515715202e-01,-8.527146549747752768e-01,2.662398053787384811e+00,9.118105566843595078e-01,-8.516447646677933747e-01,2.659407854288467377e+00,9.358596285211460142e-01,-8.270805742745613864e-01,2.575171371993001834e+00,6.376693085583449161e-01,-4.921977724921641761e-01,3.317824822620343145e-02,8.722668179438297642e-02,3.346910267817210238e-02,6.642000000000000334e-03
9.700000000000001066e+00,8.881589654933129685e-01,-8.386949476895628752e-01,2.637530515740033721e+00,9.044062457448308612e-01,-8.598677809086748836e-01,2.621659298603448818e+00,9.358596285211460142e-01,-8.270805742745613864e-01,2.575171371993001834e+00,6.410115264768201371e-01,-4.420266163072979482e-01,3.539744261188102620e-02,6.235914374703188656e-02,4.909426568468024110e-02,5.550000000000000246e-03
9.750000000000000000e+00,8.617204962741221719e-01,-8.238108580690806093e-01,2.620160535633679899e+00,8.903798989702635946e-01,-8.253590737074285588e-01,2.622926506187013729e+00,9.079809994790937200e-01,-8.090169943749475623e-01,2.558494545426458266e+00,6.566082783047293425e-01,-4.354871833552068638e-01,3.782096059401905686e-02,6.166599020722163260e-02,4.856843172038573242e-02,5.501000000000000681e-03
9.800000000000000711e+00,8.349334955883356280e-01,-8.080610792526760067e-01,2.599980525631484518e+00,8.239466510875951277e-01,-7.827407204947312014e-01,2.604356363438691702e+00,8.515585831301457631e-01,-7.705132427757895863e-01,2.527930718945285093e+00,6.802191285593631731e-01,-4.586635687620557178e-01,4.027084346163582740e-02,7.204980668619942463e-02,4.106377430129691530e-02,5.491000000000000221e-03
9.850000000000001421e+00,8.067326710160007686e-01,-7.905997440888551386e-01,2.574401025437049739e+00,8.146910174134172067e-01,-7.843043093252558551e-01,2.589140155329271664e+00,8.230287172102174198e-01,-7.501110696304594816e-01,2.513951626305612308e+00,6.925307394228327196e-01,-4.358101332867387878e-01,4.234178323274845335e-02,6.044939913143743127e-02,4.364508999832608649e-02,5.761000000000000495e-03
9.900000000000000355e+00,7.794768949730552787e-01,-7.728669330917933289e-01,2.555180015379013625e+00,7.768538208020938640e-01,-7.684944763400913814e-01,2.561708042617764747e+00,7.942957812695612407e-01,-7.289686274214115524e-01,2.500784089374981534e+00,7.050019308530488527e-01,-4.234466292433419210e-01,4.404881521289850249e-02,5.439592600403209133e-02,4.633206915084890631e-02,6.291999999999999850e-03
9.950000000000001066e+00,7.517071210908911061e-01,-7.539956976470688632e-01,2.534253459799488795e+00,7.602513054792588987e-01,-7.518380425123835087e-01,2.532994069470649201e+00,7.942957812695612407e-01,-7.289686274214115524e-01,2.500784089374981534e+00,7.088427947325213196e-01,-3.697207708656927716e-01,4.552338155411821130e-02,3.346937042450726096e-02,4.939785643015520700e-02,5.440999999999999656e-03
1.000000000000000000e+01,7.245674351446010908e-01,-7.348623211239269093e-01,2.520789286806459195e+00,7.336365698337864449e-01,-7.165107117188076469e-01,2.520702629384417470e+00,7.362491053693555054e-01,-6.845471059286882820e-01,2.476728246172768877e+00,7.340985237280478470e-01,-3.386192524241877222e-01,4.680513162250705961e-02,4.406104063369031820e-02,5.165348293564613058e-02,5.490000000000000088e-03
1.005000000000000071e+01,6.962446192386178012e-01,-7.143135077016652401e-01,2.507096079658840182e+00,6.907417961496937764e-01,-7.242361687640298529e-01,2.519094099963131050e+00,7.362491053693555054e-01,-6.845471059286882820e-01,2.476728246172768877e+00,7.272403318339388800e-01,-4.643682027510452892e-01,4.810703629540825921e-02,3.036783348607130506e-02,4.986379032017793783e-02,5.590000000000000351e-03
1.010000000000000142e+01,6.687442220429663520e-01,-6.936040141156675221e-01,2.485173895529622534e+00,6.849570535594088350e-01,-6.947598860324525338e-01,2.491794891353154462e+00,7.069496875585148388e-01,-6.613118653236522704e-01,2.465768448881324737e+00,7.451482125639976584e-01,-3.376707020118153713e-01,4.909313316412210193e-02,1.940544664829779720e-02,5.002439873567114670e-02,5.460000000000000443e-03
1.015000000000000036e+01,6.411797931467442258e-01,-6.719753410581700281e-01,2.467378751671078341e+00,6.385406633783805574e-01,-6.526843843593022054e-01,2.470160996588472990e+00,6.478348363962989076e-01,-6.129070536529764857e-01,2.445824086952127274e+00,7.679977333249000671e-01,-2.940820205379268137e-01,4.960425125235713023e-02,2.155466471895106650e-02,5.944200684394824324e-02,5.590000000000000351e-03
1.020000000000000107e+01,6.124424288992407206e-01,-6.486164873894199046e-01,2.450764981968439393e+00,5.934899456454253430e-01,-6.405253898300389270e-01,2.460201163890145537e+00,6.180339887498950135e-01,-5.877852522924733591e-01,2.436781771550414533e+00,7.753970829310838919e-01,-3.457368702343829314e-01,4.995994019249808821e-02,1.398321041802486064e-02,6.108768046818793818e-02,5.510000000000001008e-03
1.025000000000000000e+01,5.844516422831371738e-01,-6.251379533396901333e-01,2.436514415219060758e+00,5.673691150698774166e-01,-6.258316404881882900e-01,2.428514961593596588e+00,6.180339887498950135e-01,-5.877852522924733591e-01,2.436781771550414533e+00,7.773597877953326574e-01,-3.095010806533358694e-01,5.021048503506149452e-02,-2.673563313537741237e-04,5.022945619590273719e-02,5.591000000000000483e-03
1.030000000000000071e+01,5.569903699055067658e-01,-6.015094621541978714e-01,2.425635092880533250e+00,5.638445387617204707e-01,-6.087060565189800210e-01,2.438761081560846478e+00,5.880806504646083344e-01,-5.620833778521309165e-01,2.428324316759050916e+00,7.875779614229050374e-01,-2.927604511508781759e-01,5.015773214981332495e-02,-2.689223878517665867e-03,5.020977662405340380e-02,5.550000000000000246e-03
1.035000000000000142e+01,5.287344486560456858e-01,-5.765331457270913562e-01,2.409817087860417928e+00,5.374361406495734572e-01,-5.513904813774448410e-01,2.392641178832055182e+00,5.579822120784591055e-01,-5.358267949789971007e-01,2.420427865709130266e+00,8.000000000000000444e-01,-1.427604511508781537e-01,4.988310861139511054e-02,-1.061077784871233831e-02,5.012423222793879751e-02,5.610000000000000403e-03
1.040000000000000036e+01,5.005898831496595758e-01,-5.509589955985509935e-01,2.398198018953950239e+00,5.242826551723839268e-01,-5.383572359110869732e-01,2.406795302861622687e+00,5.277460999307456158e-01,-5.090414157503712067e-01,2.413070383710326894e+00,8.000000000000000444e-01,-1.459891958883555996e-01,4.935691430104574562e-02,-1.487236475637665478e-02,4.994540629717478947e-02,5.670000000000000560e-03
1.045000000000000107e+01,4.727345686338982333e-01,-5.250762358501266380e-01,2.387571691018655962e+00,4.804003334529135527e-01,-5.218850311485985216e-01,2.391223955473465779e+00,4.973797743297087570e-01,-4.817536741017145463e-01,2.406231561224946525e+00,8.000000000000000444e-01,-1.708220966428943832e-01,4.866087523909033014e-02,-1.865987020629056303e-02,4.984205573844030512e-02,5.891000000000000403e-03
1.050000000000000000e+01,4.447497341804803050e-01,-4.988117995726943366e-01,2.388221709868982856e+00,4.141915381641306237e-01,-5.166565010058613572e-01,2.389258582426453614e+00,4.668907277118110599e-01,-4.539904997395469710e-01,2.399892721831064613e+00,8.000000000000000444e-01,-3.208220966428944054e-01,4.800487408392248301e-02,-1.167101196208175651e-02,4.999172444802565951e-02,5.701000000000000338e-03
1.055000000000000071e+01,4.168903245853661232e-01,-4.723448874208989179e-01,2.375420238129796857e+00,4.411903464359362981e-01,-4.754596880356142252e-01,2.377777139623825420e+00,4.668907277118110599e-01,-4.539904997395469710e-01,2.399892721831064613e+00,8.000000000000000444e-01,-1.708220966428943832e-01,4.731046652154707877e-02,-2.447248370126775541e-02,5.326278118878480933e-02,5.601000000000000076e-03
1.060000000000000142e+01,3.910226983452633198e-01,-4.471772005519285553e-01,2.364396632796157860e+00,3.901321093682303953e-01,-4.443964742666109413e-01,2.349453125018413857e+00,4.055745907130255401e-01,-3.971478906347811755e-01,2.388647938529914860e+00,8.000000000000000444e-01,-1.092881945150983025e-01,4.645575473706482078e-02,-2.425130573375700038e-02,5.210268152666346075e-02,5.731000000000000850e-03
1.065000000000000036e+01,3.637874805299811110e-01,-4.203353341968940060e-01,2.362539896856026722e+00,3.569857200504391037e-01,-4.089047996598447754e-01,2.366832672195766207e+00,3.747626291714491464e-01,-3.681245526846778637e-01,2.383712057103566373e+00,8.000000000000000444e-01,-1.568262071136508062e-01,4.546454068118026270e-02,-2.117216024753965087e-02,5.335184714533029726e-02,6.111000000000000112e-03
1.070000000000000107e+01,3.375365439313474658e-01,-3.942771839736684547e-01,2.357220097409799209e+00,3.550195617688362004e-01,-4.090117640566886537e-01,2.371818887099001572e+00,3.747626291714491464e-01,-3.681245526846778637e-01,2.383712057103566373e+00,8.000000000000000444e-01,-1.769947096343001125e-01,4.458311528078965497e-02,-2.649195969376716420e-02,4.549441224635401154e-02,6.031000000000000770e-03
1.075000000000000000e+01,3.107042139105514189e-01,-3.672587207243776519e-01,2.348255986211656321e+00,3.060088055580797994e-01,-3.397812935017950342e-01,2.339192195414448783e+00,3.128689300804619600e-01,-3.090169943749476178e-01,2.375148493678882922e+00,8.000000000000000444e-01,-3.231782675651141690e-02,4.345766017982737733e-02,-2.689250746722660068e-02,5.828194132197524191e-02,1.139200000000000108e-02
1.080000000000000071e+01,2.846621710377262304e-01,-3.407647698422561766e-01,2.346929670067025242e+00,2.861189719675895082e-01,-3.526235948266332465e-01,2.333175548836610602e+00,3.128689300804619600e-01,-3.090169943749476178e-01,2.375148493678882922e+00,8.000000000000000444e-01,-1.031210134502032472e-01,4.243409863092402479e-02,-2.821882361185767962e-02,4.246813514645531029e-02,6.372000000000000060e-03
1.085000000000000142e+01,2.584307298669953901e-01,-3.137451347795921497e-01,2.335858543715547242e+00,2.465624180687638334e-01,-3.319337123380764476e-01,2.347306097258369917e+00,2.818024638751648325e-01,-2.789911060392287756e-01,2.371498627176110929e+00,8.000000000000000444e-01,-1.940595437057840711e-01,4.121947831695653430e-02,-3.564008346056368737e-02,4.188174380603829766e-02,5.430000000000000798e-03
1.090000000000000036e+01,2.326964280682906616e-01,-2.867472451097328179e-01,2.328614881835207484e+00,2.247049821468738440e-01,-3.278651867263683295e-01,2.319164022674410575e+00,2.818024638751648325e-01,-2.789911060392287756e-01,2.371498627176110929e+00,8.000000000000000444e-01,-1.720054730701616463e-01,3.975546387697883460e-02,-4.288374534090344525e-02,4.971479101783499860e-02,5.410000000000000746e-03
1.095000000000000107e+01,2.065089926638098983e-01,-2.589152127419752092e-01,2.322903852884223852e+00,1.902637322840183276e-01,-2.282463202800158186e-01,2.302288401016792108e+00,2.194686221820904282e-01,-2.181432413965424255e-01,2.365415968833324278e+00,8.000000000000000444e-01,-2.200547307016162413e-02,3.817371367821217193e-02,-4.251211594910042635e-02,4.278207153287320874e-02,6.612999999999999955e-03
1.100000000000000000e+01,1.806125226108970805e-01,-2.312901519285804619e-01,2.324913353282269668e+00,1.832069773627808540e-01,-2.498125363036006741e-01,2.339023375964448093e+00,2.194686221820904282e-01,-2.181432413965424255e-01,2.365415968833324278e+00,8.000000000000000444e-01,-1.283249447793736175e-01,3.660248145199480885e-02,-4.050261555105461042e-02,4.101996746005418665e-02,6.052000000000000955e-03
1.105000000000000071e+01,1.554613030426258702e-01,-2.042007878717534697e-01,2.313308922086476649e+00,1.756382678571966338e-01,-2.182122117237257075e-01,2.300919410662168652e+00,1.882166266370287055e-01,-1.873813145857246842e-01,2.362967762925104687e+00,8.000000000000000444e-01,2.167505522062640466e-02,3.497754793816396784e-02,-4.965884083862803777e-02,3.682126974173322714e-02,5.420000000000000338e-03
1.110000000000000142e+01,1.292402500740013338e-01,-1.756334692336944947e-01,2.313484049575603940e+00,1.473604885147531407e-01,-1.515304735286557292e-01,2.306099017515080618e+00,1.569181914556901369e-01,-1.564344650402311188e-01,2.360906432145567280e+00,8.000000000000000444e-01,1.536963538652848793e-01,3.311838771735997611e-02,-4.742238256996333945e-02,3.368486605508215492e-02,6.291999999999999850e-03
1.115000000000000036e+01,1.039965000309083509e-01,-1.484184451741332733e-01,2.323785106781599552e+00,9.959744617662315280e-02,-1.509215529277692369e-01,2.333076754967331468e+00,1.255810390586262759e-01,-1.253332335643037865e-01,2.359226824677898904e+00,8.000000000000000444e-01,3.696353865284857099e-03,3.158935608469143341e-02,-3.544171789629935176e-02,3.160410289993507288e-02,5.619999999999999996e-03
1.120000000000000107e+01,7.752053345084121416e-02,-1.200435858501414377e-01,2.319393076640233531e+00,6.801235374647128518e-02,-1.079882818287090512e-01,2.328201291604033329e+00,9.421290141928502504e-02,-9.410831331851403359e-02,2.357924759817036531e+00,8.000000000000000444e-01,-1.213961549063214546e-02,3.015355709610201274e-02,-3.853168317680299992e-02,3.084272215099886222e-02,5.420000000000000338e-03
1.125000000000000000e+01,5.247995890959293586e-02,-9.310128669160730452e-02,2.319861166787938522e+00,5.773012400593664772e-02,-1.055324453612193347e-01,2.322940541144824067e+00,9.421290141928502504e-02,-9.410831331851403359e-02,2.357924759817036531e+00,8.000000000000000444e-01,-2.129888297347690834e-02,2.874523648170433654e-02,-3.806359302909800846e-02,4.174509064721939472e-02,5.570000000000000298e-03
1.130000000000000071e+01,2.657568606036752462e-02,-6.522643635735861367e-02,2.319276479145896630e+00,-6.944727210680831653e-03,-4.901294778445362127e-02,2.307535051782691582e+00,3.141463462364142006e-02,-3.141075907812836132e-02,2.356441270890159423e+00,8.000000000000000444e-01,1.276604802209821941e-02,2.733800367310978280e-02,-3.716479174426279286e-02,3.416014421882700158e-02,5.690999999999999878e-03
1.135000000000000142e+01,1.687891124577310664e-03,-3.830061853512813086e-02,2.314485564601464596e+00,1.530459348079431410e-02,-4.540417454792388535e-02,2.344640501098805174e+00,3.141463462364142006e-02,-3.141075907812836132e-02,2.356441270890159423e+00,8.000000000000000444e-01,-2.220183876198408499e-02,2.588786242264450380e-02,-4.195570628869482732e-02,3.051474139487928700e-02,5.579999999999999891e-03
1.140000000000000036e+01,-2.375122358186900970e-02,-1.076237514258064631e-02,2.318698591065931680e+00,-3.058649830303237366e-02,4.998709964341836037e-03,2.328915428950049105e+00,-3.141463462364092740e-02,3.141075907812786866e-02,2.356441270890159423e+00,8.000000000000000444e-01,6.081766224749780153e-02,2.441075502589997240e-02,-3.774267982422774281e-02,4.286375063842462474e-02,5.520999999999999866e-03
1.145000000000000107e+01,-4.970198529385377872e-02,1.700472035515378927e-02,2.326091190108637186e+00,-5.104648291400634003e-02,2.991132465108087973e-02,2.349085418031958028e+00,-3.141463462364092740e-02,3.141075907812786866e-02,2.356441270890159423e+00,8.000000000000000444e-01,1.457607762059689831e-02,2.311703934584080286e-02,-3.035008078152223732e-02,2.328005898238153307e-02,5.410000000000000746e-03
1.150000000000000000e+01,-7.550594881490904631e-02,4.436460994409006237e-02,2.327781261841628258e+00,-7.864509552522357116e-02,5.221140162403051926e-02,2.306041977397862652e+00,-6.282151815625776348e-02,6.279051952931455349e-02,2.356997007222839002e+00,8.000000000000000444e-01,1.368085734074478144e-01,2.200158355696767154e-02,-2.921574538121074482e-02,2.236982175112265867e-02,5.551000000000000378e-03
1.155000000000000071e+01,-1.015798510292071216e-01,7.180695221768272629e-02,2.333477750947674068e+00,-9.607863558779232427e-02,7.089312400987957119e-02,2.330576923212476004e+00,-9.421290141928542750e-02,9.410831331851442216e-02,2.357924759817036531e+00,8.000000000000000444e-01,7.694111193512079283e-02,2.099690431169746671e-02,-2.444700886936246320e-02,2.348664840935833775e-02,5.571000000000000431e-03
1.160000000000000142e+01,-1.277241602118437125e-01,9.911139410950507711e-02,2.335507013380611063e+00,-1.197061573969691178e-01,1.049910919591646313e-01,2.347502787423271897e+00,-1.255810390586275527e-01,1.253332335643050632e-01,2.359226824677898904e+00,8.000000000000000444e-01,6.657350858476539235e-02,2.010859291133132096e-02,-2.371981129728784055e-02,2.630927275069890395e-02,5.460000000000000443e-03
1.165000000000000036e+01,-1.536814567785342589e-01,1.261590083177650534e-01,2.335747518040271586e+00,-1.764809074898261165e-01,1.213348346053494953e-01,2.352975881192487684e+00,-1.569181914556887492e-01,1.564344650402297310e-01,2.360906432145567280e+00,8.000000000000000444e-01,-4.323666128902132338e-02,1.923070851780626922e-02,-2.515891410529569328e-02,3.044798402397318193e-02,5.380000000000000233e-03
1.170000000000000107e+01,-1.796938048502856322e-01,1.534335426912709077e-01,2.329277072805014726e+00,-1.890185947547197154e-01,1.555211920830948114e-01,2.310902991860155353e+00,-1.882166266370290941e-01,1.873813145857250728e-01,2.362967762925104687e+00,8.000000000000000444e-01,1.067633387109787058e-01,1.818115049633717978e-02,-3.369069012008996111e-02,3.500128151663137871e-02,5.501000000000000681e-03
1.175000000000000000e+01,-2.044938688450303188e-01,1.794623946330154984e-01,2.334771366442362606e+00,-2.150986852910270475e-01,1.643202779516425849e-01,2.315549168661249269e+00,-1.882166266370290941e-01,1.873813145857250728e-01,2.362967762925104687e+00,8.000000000000000444e-01,9.406692673602808086e-02,1.706884661225323979e-02,-2.819639648274208099e-02,1.810132335259934458e-02,5.410000000000000746e-03
1.180000000000000071e+01,-2.304020305150990822e-01,2.063851278749910534e-01,2.339214067042570733e+00,-2.213595915218326271e-01,2.134049311073852873e-01,2.327730301459864037e+00,-2.194686221820917049e-01,2.181432413965437023e-01,2.365415968833324278e+00,8.000000000000000444e-01,1.949241691661166842e-01,1.605002424276322573e-02,-2.620190179075354564e-02,1.605592262568534059e-02,5.479999999999999628e-03
1.185000000000000142e+01,-2.556835460690109474e-01,2.323455454889815641e-01,2.346678553870651385e+00,-2.598861674676505862e-01,2.239670165037644378e-01,2.344385453856173029e+00,-2.506664671286085722e-01,2.486898871648548781e-01,2.368257198362089255e+00,8.000000000000000444e-01,8.364864049676047630e-02,1.520032137963645523e-02,-2.157864449143787056e-02,1.709703441863290665e-02,5.430000000000000798e-03
1.190000000000000036e+01,-2.818228631460313327e-01,2.589767210048626866e-01,2.347069547040228521e+00,-2.677683024162157421e-01,2.687489520366261875e-01,2.343707694126714536e+00,-2.818024638751652211e-01,2.789911060392291642e-01,2.371498627176110041e+00,8.000000000000000444e-01,2.061214419942484777e-01,1.438143248301947466e-02,-2.442908013588152016e-02,2.001439543014289085e-02,5.460000000000000443e-03
1.195000000000000107e+01,-3.078455476203950658e-01,2.852979270991480298e-01,2.353913388426789766e+00,-2.979829264489324281e-01,2.889427252034157401e-01,2.358454849287969779e+00,-2.818024638751652211e-01,2.789911060392291642e-01,2.371498627176110041e+00,8.000000000000000444e-01,1.552001653578558571e-01,1.360394491577730097e-02,-1.758523874932027553e-02,2.679586167382737999e-02,5.460000000000000443e-03
1.200000000000000000e+01,-3.342455331651039696e-01,3.115174356872832950e-01,2.365335264474722088e+00,-3.491197886228518676e-01,3.067339554726226658e-01,2.388450112414760795e+00,-3.438582005588195489e-01,3.387379202452918125e-01,2.379216139792434070e+00,8.000000000000000444e-01,1.612836108483989284e-02,1.304685292175172123e-02,-1.388087531771198258e-02,2.886794336275071149e-02,5.500000000000000548e-03
1.205000000000000071e+01,-3.608347610175005604e-01,3.377522315501557681e-01,2.360472862954377860e+00,-3.769031554137682871e-01,3.386935005066575854e-01,2.368840311878364524e+00,-3.747626291714495350e-01,3.681245526846781968e-01,2.383712057103567261e+00,8.000000000000000444e-01,1.088731096628677703e-01,1.248546006143045478e-02,-2.323919414918940163e-02,3.341352125131896028e-02,5.530000000000000193e-03
1.210000000000000142e+01,-3.879554376421463502e-01,3.644835549570653588e-01,2.366375986456541014e+00,-3.813272419568802252e-01,3.493279726700594945e-01,2.379781178713265888e+00,-3.747626291714495350e-01,3.681245526846781968e-01,2.383712057103567261e+00,8.000000000000000444e-01,9.777737556521805262e-02,1.171295778964224696e-02,-1.733607064702624712e-02,1.368601694420153343e-02,5.420000000000000338e-03
1.215000000000000036e+01,-4.148393533253312282e-01,3.907834303829756939e-01,2.367975203446335719e+00,-4.232300148533875706e-01,3.893957354321425091e-01,2.366621237112822129e+00,-4.055745907130259287e-01,3.971478906347815085e-01,2.388647938529913972e+00,8.000000000000000444e-01,1.689685361035800359e-01,1.097916549097978020e-02,-2.067273508357825307e-02,1.124020375968275143e-02,5.511000000000000273e-03
1.220000000000000107e+01,-4.412760971464715354e-01,4.163764107572078266e-01,2.376844834556147035e+00,-4.581623169901702375e-01,3.951070671767146214e-01,2.362995882355170885e+00,-4.362864827930859057e-01,4.257792915650733812e-01,2.394036735651070558e+00,8.000000000000000444e-01,1.390559241260716783e-01,1.028780910526764722e-02,-1.719190109492352292e-02,1.064473667511029939e-02,5.460000000000000443e-03
1.225000000000000000e+01,-4.683090874346433896e-01,4.422822812521707281e-01,2.378119657012019772e+00,-4.655804497721530155e-01,4.590103556999667878e-01,2.368861161565258833e+00,-4.668907277118105603e-01,4.539904997395465824e-01,2.399892721831065501e+00,8.000000000000000444e-01,2.890559241260717283e-01,9.590880242014737656e-03,-2.177306481904572877e-02,1.179381721290796367e-02,5.600000000000000810e-03
1.230000000000000071e+01,-4.959114582577099917e-01,4.683280272228692032e-01,2.392283968681580220e+00,-5.188783601188913241e-01,4.866292961979880038e-01,2.379404190753414916e+00,-4.973797743297091456e-01,4.817536741017148794e-01,2.406231561224947413e+00,8.000000000000000444e-01,2.652770213104027053e-01,8.971279000221311223e-03,-1.394759254336719323e-02,1.350570050766526121e-02,5.701000000000000338e-03
1.235000000000000142e+01,-5.238520756480266050e-01,4.941046315974186864e-01,2.400632016711954364e+00,-5.082013645684105851e-01,5.063647150409511521e-01,2.406918987284345945e+00,-5.277460999307469480e-01,5.090414157503723169e-01,2.413070383710326894e+00,8.000000000000000444e-01,2.799506545797266210e-01,8.552700801272170028e-03,-1.243836699837252979e-02,1.543602753127702905e-02,5.501000000000000681e-03
1.240000000000000036e+01,-5.515294935962250511e-01,5.189494356963201271e-01,2.419516010396300487e+00,-5.765789888773674710e-01,5.273583603816475174e-01,2.415412518985377233e+00,-5.579822120784585504e-01,5.358267949789966567e-01,2.420427865709129378e+00,8.000000000000000444e-01,2.068565437908141957e-01,8.415052874400339583e-03,-9.118553128288908738e-04,1.806883593836374965e-02,6.232000000000000560e-03
1.245000000000000107e+01,-5.788312893067455445e-01,5.428546223713662799e-01,2.425340868779477077e+00,-5.625552334881264160e-01,5.481557126633965771e-01,2.418848979722593384e+00,-5.579822120784585504e-01,5.358267949789966567e-01,2.420427865709129378e+00,7.977044135723903029e-01,2.907293761918755548e-01,8.487650396659305457e-03,4.913003070347699008e-03,2.200169036978786435e-02,5.360000000000000181e-03
1.250000000000000000e+01,-6.064365736313911404e-01,5.665616091202866356e-01,2.438700859031291301e+00,-5.938798374751784737e-01,5.709029056011144521e-01,2.428257973219868582e+00,-5.880806504646077792e-01,5.620833778521304724e-01,2.428324316759052692e+00,7.885390006737353907e-01,2.909156295025674965e-01,8.623882028998414162e-03,1.037654227223860914e-02,1.889429730357669590e-02,5.761000000000000495e-03
1.255000000000000071e+01,-6.342048273838991612e-01,5.898354460675283573e-01,2.449341386190388548e+00,-6.440694981648217299e-01,5.999278307164780388e-01,2.473978088593688618e+00,-6.478348363962992407e-01,6.129070536529768187e-01,2.445824086952123722e+00,7.710652567508533561e-01,2.064978020983017082e-01,8.972370487747710621e-03,3.517299238264826045e-03,2.679694427084980748e-02,5.901000000000000863e-03
1.260000000000000142e+01,-6.616992864894835069e-01,6.124076884055874581e-01,2.459044112107639179e+00,-6.583690415782660343e-01,6.244658371175235700e-01,2.496767326647960417e+00,-6.478348363962992407e-01,6.129070536529768187e-01,2.445824086952123722e+00,7.712555072839490933e-01,2.006764058549924679e-01,9.270066971372501949e-03,1.322002515551545798e-02,1.387344016589603726e-02,6.653000000000000927e-03
1.265000000000000036e+01,-6.904242320708329217e-01,6.355328682387750838e-01,2.468509066674275942e+00,-6.847420733784997937e-01,6.213813984949201341e-01,2.459316653454838075e+00,-6.774758404905838471e-01,6.374239897486906337e-01,2.455477043298466278e+00,7.583180903832863473e-01,2.761752673359859078e-01,9.666464377991380863e-03,1.303202337580966486e-02,1.308576268624532177e-02,5.550000000000000246e-03
1.270000000000000107e+01,-7.187105362337008474e-01,6.578424463961114466e-01,2.479043590785586559e+00,-7.486965566365061386e-01,6.479228118050146534e-01,2.465487941387298321e+00,-7.362491053693558385e-01,6.845471059286886151e-01,2.476728246172770653e+00,7.354327674153637862e-01,3.016968416483370441e-01,1.019611618279139820e-02,2.315344612815906089e-03,3.194902577664950755e-02,5.640000000000000048e-03
1.275000000000000000e+01,-7.460390719830519712e-01,6.789026707917539261e-01,2.490991909118205783e+00,-7.390393364403398113e-01,6.804724366314325312e-01,2.497663814767149049e+00,-7.362491053693558385e-01,6.845471059286886151e-01,2.476728246172770653e+00,7.335552135200245072e-01,3.316076328568423048e-01,1.048211663554965249e-02,1.426366294543512936e-02,1.130057937949855047e-02,6.181999999999999995e-03
1.280000000000000071e+01,-7.737600033062767002e-01,6.996737722868039411e-01,2.506096369024781723e+00,-7.851208521722640166e-01,7.019533918612155254e-01,2.502057732768098397e+00,-7.653668647301793415e-01,7.071067811865473507e-01,2.488388617769112798e+00,7.219127742994141395e-01,3.524675546550637417e-01,1.100365019566723265e-02,1.770775125566892427e-02,1.121135123262304717e-02,7.434000000000000503e-03
1.285000000000000142e+01,-8.017383795166611593e-01,7.200369245830375853e-01,2.518783906446055099e+00,-7.680191732480912137e-01,6.965425623084350315e-01,2.519564407336096323e+00,-7.653668647301793415e-01,7.071067811865473507e-01,2.488388617769112798e+00,7.233071938277223500e-01,3.094336873534752064e-01,1.183585246769604249e-02,3.039528867694230030e-02,3.860149862527445519e-02,5.370000000000000641e-03
1.290000000000000036e+01,-8.294022175728077428e-01,7.397747205374888280e-01,2.524960243518866498e+00,-8.013594898760119101e-01,7.559285559458700510e-01,2.542777078715984018e+00,-8.230287172102177529e-01,7.501110696304597036e-01,2.513951626305612308e+00,6.904359913780273583e-01,4.463510135679858437e-01,1.210915163329070662e-02,1.100861721325419040e-02,1.214337759619186705e-02,5.500000000000000548e-03
1.295000000000000107e+01,-8.564163091406565842e-01,7.584711423029721900e-01,2.547418115966102015e+00,-8.768221836959355642e-01,7.575737401135503868e-01,2.558161475791211004e+00,-8.515585831301453190e-01,7.705132427757892533e-01,2.527930718945283317e+00,6.827111433332522239e-01,4.018097920374142928e-01,1.264235062650081141e-02,1.948739702081869751e-02,1.298497923720398628e-02,5.781000000000000548e-03
1.300000000000000000e+01,-8.831390254600448575e-01,7.761305455879660142e-01,2.567853291618744649e+00,-8.578374116949515349e-01,7.568277934288399900e-01,2.557834999752380156e+00,-8.515585831301453190e-01,7.705132427757892533e-01,2.527930718945283317e+00,6.812889156846929639e-01,4.113631518787095875e-01,1.359367861623818168e-02,3.992257267346133176e-02,3.207613487681768016e-02,5.479999999999999628e-03
1.305000000000000071e+01,-9.107203132661648715e-01,7.934450024996591022e-01,2.594167429959014726e+00,-9.300547178067744003e-01,7.913745612899270032e-01,2.601385271852326042e+00,-9.079809994790933869e-01,8.090169943749472292e-01,2.558494545426455602e+00,6.545536145568598974e-01,4.426315938140997774e-01,1.450718951885851711e-02,3.567288453255912373e-02,1.581109645116616710e-02,5.449999999999999983e-03
1.310000000000000142e+01,-9.364840058106712606e-01,8.088161063820209495e-01,2.613158616045849314e+00,-9.285795691210408931e-01,7.945579987598315741e-01,2.608271295631085174e+00,-9.079809994790933869e-01,8.090169943749472292e-01,2.558494545426455602e+00,6.547412693493682712e-01,4.374083483010399176e-01,1.586181224593478586e-02,5.466407061939371204e-02,2.850371424786023178e-02,5.571000000000000431e-03
1.315000000000000036e+01,-9.630183180344129568e-01,8.239963149032585310e-01,2.630726508171010281e+00,-9.525627296071246253e-01,8.172459878379185749e-01,2.610542442530421781e+00,-9.358596285211463472e-01,8.270805742745616085e-01,2.575171371992997393e+00,6.331451993738427264e-01,5.363248775895017584e-01,1.717635907876590221e-02,5.555513617801288717e-02,2.733325944609403188e-02,5.860999999999999890e-03
1.320000000000000107e+01,-9.897406031457225417e-01,8.384625457647568725e-01,2.660095970689805078e+00,-1.005963875448889544e+00,8.406473701965943013e-01,2.662970286313464996e+00,-9.909173368648150904e-01,8.607420270039436438e-01,2.611564685500641581e+00,6.042637330390520090e-01,5.565304891733073855e-01,1.862767240356259790e-02,4.853128518916349776e-02,2.231053532600517017e-02,5.640000000000000048e-03
1.325000000000000000e+01,-1.015288999501978484e+00,8.514111372032987513e-01,2.684902371100156060e+00,-1.010425536520210166e+00,8.774271321568387627e-01,2.693607816626782281e+00,-1.018082831500742413e+00,8.763066800438635839e-01,2.631388538998241877e+00,5.827969684769537251e-01,6.082423733170648772e-01,2.036058425450645859e-02,5.351383210191418272e-02,2.505181731060076439e-02,5.559999999999999838e-03
1.330000000000000071e+01,-1.040428522218264540e+00,8.633215444829883678e-01,2.713390746411235455e+00,-1.036053418169567530e+00,8.753767448184055500e-01,2.712979934757778544e+00,-1.018082831500742413e+00,8.763066800438635839e-01,2.631388538998241877e+00,5.882795700583930421e-01,5.842361094491795859e-01,2.224404981934881634e-02,8.200220741299357741e-02,2.584460561079353347e-02,5.400000000000000286e-03
1.335000000000000142e+01,-1.065189503389674330e+00,8.742688688924927787e-01,2.737231350041088973e+00,-1.064930209350136270e+00,8.442336784729403965e-01,2.770043850143043329e+00,-1.044997129431898264e+00,8.910065241883681209e-01,2.652372424588198996e+00,5.878866761231119620e-01,4.365836427779769546e-01,2.426347947721623280e-02,8.485892545288997724e-02,2.622748693363923661e-02,5.490000000000000088e-03
1.340000000000000036e+01,-1.090994396983147485e+00,8.849924050931606834e-01,2.758254765767425454e+00,-1.085823862487899083e+00,8.864851278175821525e-01,2.768075690622024965e+00,-1.071653589957993535e+00,9.048270524660196878e-01,2.674574994186603938e+00,5.594781615045113510e-01,5.865836427779769213e-01,2.641837474400654528e-02,8.367977158082151590e-02,2.770343034336915714e-02,5.581000000000000023e-03
1.345000000000000107e+01,-1.115232946386524260e+00,8.944004694561150659e-01,2.784441151183020935e+00,-1.126999711310336938e+00,8.592596679910420310e-01,2.788826906051065535e+00,-1.098045635996263591e+00,9.177546256839812511e-01,2.698056074055866560e+00,5.511188470149542828e-01,5.584357706075376848e-01,2.847010223754696534e-02,8.638507712715437492e-02,2.899690072346945355e-02,5.981000000000000205e-03
1.350000000000000000e+01,-1.140513467012557403e+00,9.034303606507582129e-01,2.812616723564949517e+00,-1.138398874977718744e+00,9.051563474589483516e-01,2.818288671925048838e+00,-1.124166755704260501e+00,9.297764858882511252e-01,2.722875959199579476e+00,5.244747864106540369e-01,6.425352283041931845e-01,3.071650450033008156e-02,8.974076436537004042e-02,3.100537510862370894e-02,5.460000000000000443e-03
1.355000000000000071e+01,-1.163786485356857803e+00,9.109601476487203531e-01,2.844744263007710217e+00,-1.188173222595240386e+00,9.224232925128237337e-01,2.851927763461484133e+00,-1.175570504584946052e+00,9.510565162951535312e-01,2.776769948628337481e+00,4.892840282813712416e-01,7.027780059300418047e-01,3.325316194551079796e-02,6.797431437937273557e-02,4.179212710306359768e-02,5.540000000000000653e-03
1.360000000000000142e+01,-1.185410584948309864e+00,9.172489174721251137e-01,2.872409562742786804e+00,-1.197792608187922658e+00,9.322209170489805796e-01,2.880696960961330433e+00,-1.200840450651767810e+00,9.602936856769429541e-01,2.805957533592601472e+00,4.684981150729961019e-01,6.964190395341720574e-01,3.556080842106123380e-02,6.645202915018533218e-02,4.572671894454318625e-02,5.500000000000000548e-03
1.365000000000000036e+01,-1.207116312537203529e+00,9.228587555642177032e-01,2.904945053216003714e+00,-1.198105583683772180e+00,9.384355740668615109e-01,2.896450040698786310e+00,-1.200840450651767810e+00,9.602936856769429541e-01,2.805957533592601472e+00,4.699589096889001394e-01,6.839607287484960052e-01,3.741318393563616146e-02,9.898751962340224253e-02,3.795735020980374463e-02,5.741000000000000443e-03
1.370000000000000107e+01,-1.229275943366784807e+00,9.278058393078378874e-01,2.938948594070199150e+00,-1.210082628918927705e+00,9.410857774855387881e-01,2.937475569363355632e+00,-1.200840450651767810e+00,9.602936856769429541e-01,2.805957533592601472e+00,4.777064676314417002e-01,6.495691204626231618e-01,4.004083459409416013e-02,1.329910604775976779e-01,4.317449950663421188e-02,5.559999999999999838e-03
1.375000000000000000e+01,-1.251683882143057591e+00,9.320689855467122475e-01,2.968227172164546346e+00,-1.251878492369601581e+00,9.391148043907023846e-01,2.946399391241046217e+00,-1.250485312671410387e+00,9.759167619387474346e-01,2.869064263023926920e+00,4.431202260897511569e-01,6.985985711706093060e-01,4.255212051033920029e-02,9.916290914061942630e-02,4.386415465165472566e-02,5.511000000000000273e-03
1.380000000000000071e+01,-1.272219386369805250e+00,9.353046407708783816e-01,3.002399889291647028e+00,-1.257651343416235079e+00,9.435171299806491829e-01,2.990023707006921327e+00,-1.250485312671410387e+00,9.759167619387474346e-01,2.869064263023926920e+00,4.512901928222300962e-01,6.571544300123461912e-01,4.496336994983899521e-02,1.333356262677201087e-01,4.606207057092567142e-02,5.389999999999999826e-03
1.385000000000000142e+01,-1.293445705274078428e+00,9.379344038274564088e-01,3.034258379778731474e+00,-1.290787213794301280e+00,9.254497162746183614e-01,3.028608796465476871e+00,-1.274847979497379935e+00,9.822872507286888322e-01,2.903061683423496575e+00,4.466120064457138605e-01,6.396870609995554124e-01,4.749123161898292228e-02,1.311966963552348986e-01,4.809418293629114105e-02,5.561000000000000838e-03
1.390000000000000036e+01,-1.315084890578576360e+00,9.399051173775535561e-01,3.067284957465959749e+00,-1.308368846454563750e+00,9.679130556488128034e-01,3.062138997260444029e+00,-1.298896096660366428e+00,9.876883405951375483e-01,2.938722810654413209e+00,4.208847002422665962e-01,6.668619722346106338e-01,5.006504040200993738e-02,1.285621468115465404e-01,5.045109978571060694e-02,5.540000000000000653e-03
1.395000000000000107e+01,-1.334892940112681003e+00,9.410558758821743197e-01,3.099839807620144327e+00,-1.372149676225701720e+00,9.263228560539444878e-01,3.119093127710966584e+00,-1.369094211857377452e+00,9.980267284282715590e-01,3.055679178538551533e+00,3.947085886239712349e-01,6.685908080302451761e-01,5.382599062405565155e-02,4.416062908159279488e-02,6.644851412020984227e-02,6.172000000000000403e-03
1.400000000000000000e+01,-1.353065754359893624e+00,9.415100701398961824e-01,3.133369781358752881e+00,-1.365681283582212302e+00,9.533892517660433885e-01,3.122102622961749674e+00,-1.369094211857377452e+00,9.980267284282715590e-01,3.055679178538551533e+00,3.873050784634123889e-01,6.663011710265184240e-01,5.493284122101033812e-02,7.769060282020134878e-02,5.874558803717633282e-02,5.430000000000000798e-03
1.405000000000000071e+01,-1.371218083098039608e+00,9.413728554789199121e-01,-3.118251936195555629e+00,-1.382904091475309682e+00,9.502505844117375977e-01,-3.119032027255377759e+00,-1.369094211857377452e+00,9.980267284282715590e-01,3.055679178538551533e+00,3.948705166757834895e-01,6.487618035525392068e-01,5.662716163025671712e-02,1.092541924454790703e-01,5.669366939269489952e-02,5.430000000000000798e-03
1.410000000000000142e+01,-1.389100321784623171e+00,9.406853516543247640e-01,-3.088078856117407067e+00,-1.387946008819775923e+00,9.212774071876245197e-01,-3.099901579397832840e+00,-1.391825593184628618e+00,9.995065603657316000e-01,3.097886020062568413e+00,4.005877678448777068e-01,6.196545103298585211e-01,5.864596094556360356e-02,9.722043099961119594e-02,5.888430774386815142e-02,5.430000000000000798e-03
1.415000000000000036e+01,-1.407438254481382822e+00,9.394383797673472314e-01,-3.059316310899641955e+00,-1.424388594479172099e+00,9.401988509974436026e-01,-3.068578872381225064e+00,-1.436252595526377851e+00,9.995065603657314890e-01,-3.096492768355988634e+00,3.702310335793328466e-01,6.554920416921338200e-01,6.130618460385811597e-02,3.717645745634667875e-02,6.662171245365426653e-02,5.540999999999999918e-03
1.420000000000000107e+01,-1.425453078715716915e+00,9.376557528500086836e-01,-3.026604511530964547e+00,-1.427567327935909347e+00,9.368223491090978960e-01,-3.031420166222543511e+00,-1.436252595526377851e+00,9.995065603657314890e-01,-3.096492768355988634e+00,3.789567930547201868e-01,6.209647802151329055e-01,6.227480778981894088e-02,6.988825682502408654e-02,6.278655870240652803e-02,5.420000000000000338e-03
1.425000000000000000e+01,-1.443239305488956958e+00,9.353528338997617597e-01,-2.999058182413806506e+00,-1.451886826829779098e+00,9.455706680543328746e-01,-2.996509077300125501e+00,-1.457937254842823105e+00,9.980267284282715590e-01,-3.050134194394636289e+00,3.681669542316512445e-01,6.243103696982129636e-01,6.375433315512278598e-02,5.107601198082978300e-02,6.437427102950048219e-02,5.479999999999999628e-03
1.430000000000000071e+01,-1.460137040565923527e+00,9.326908374661204704e-01,-2.971624026962167875e+00,-1.471413957548379114e+00,9.221732486373943605e-01,-2.970999968847056749e+00,-1.479262189957220031e+00,9.955619646030798853e-01,-3.002678949097498329e+00,3.662633158495085528e-01,6.243242198426808276e-01,6.491369842817514002e-02,3.105492213533045387e-02,6.571567519786374045e-02,6.160999999999999810e-03
1.435000000000000142e+01,-1.476997978278452139e+00,9.295333745210823118e-01,-2.941319500963770039e+00,-1.475322511356551347e+00,9.335177548369947287e-01,-2.945224359191083163e+00,-1.479262189957220031e+00,9.955619646030798853e-01,-3.002678949097498329e+00,3.678117753157439385e-01,6.056185137688658848e-01,6.570605590105552118e-02,6.135944813372828932e-02,6.606740015122992971e-02,5.461000000000000576e-03
1.440000000000000036e+01,-1.493784981812668722e+00,9.258773743063534178e-01,-2.912987790139659694e+00,-1.518929242816367875e+00,9.453735144834545245e-01,-2.895615158491704921e+00,-1.520811931200061196e+00,9.876883405951378814e-01,-2.905250519728246772e+00,3.532876167471700191e-01,6.336136080655146996e-01,6.642098738795776391e-02,-7.737270411412922044e-03,6.746148194890121130e-02,7.113000000000000399e-03
1.445000000000000107e+01,-1.509586517664379013e+00,9.219649369688516227e-01,-2.884763118454310327e+00,-1.507421474691676977e+00,9.339361328487547631e-01,-2.872671084582929968e+00,-1.520811931200061196e+00,9.876883405951378814e-01,-2.905250519728246772e+00,3.641794505691416939e-01,5.934260380771257948e-01,6.652476438971009765e-02,2.048740127393644528e-02,6.667515049304961749e-02,5.400000000000000286e-03
1.450000000000000000e+01,-1.526007266265992923e+00,9.174167699789597119e-01,-2.858015930736964805e+00,-1.505085087165131563e+00,9.339937317109102688e-01,-2.839408549136591020e+00,-1.520811931200061196e+00,9.876883405951378814e-01,-2.905250519728246772e+00,3.714445683341773274e-01,5.531158660424846385e-01,6.710161092997489474e-02,4.723458899128196720e-02,7.046336028966980469e-02,5.510000000000001008e-03
1.455000000000000071e+01,-1.542285432849362703e+00,9.124390708401375338e-01,-2.831649096350465022e+00,-1.555844229289601088e+00,9.221213222948970722e-01,-2.820214894137239803e+00,-1.580310024751380826e+00,9.685831611286310761e-01,-2.756178217799814423e+00,3.529275722261101533e-01,6.347629883700599551e-01,6.632059872919511545e-02,-7.547087855065059969e-02,6.780876391468537712e-02,6.923000000000000334e-03
1.460000000000000142e+01,-1.558025466823482530e+00,9.071236926750598784e-01,-2.800188996377344530e+00,-1.546200322347611067e+00,8.994326906650471631e-01,-2.790999430015280502e+00,-1.580310024751380826e+00,9.685831611286310761e-01,-2.756178217799814423e+00,3.666083883910424834e-01,5.898600340051182167e-01,6.532869635942414877e-02,-4.401077857753010747e-02,6.537482531248070550e-02,5.600000000000000810e-03
1.465000000000000036e+01,-1.574122483227846425e+00,9.011215854753107379e-01,-2.769190993074139850e+00,-1.579588268097889214e+00,9.027059933988579310e-01,-2.753266178461749369e+00,-1.599369316974180943e+00,9.602936856769430651e-01,-2.706661930051134313e+00,3.610399371398337331e-01,6.090654367576078254e-01,6.430082453454828706e-02,-6.252906302300553776e-02,6.433304016201217557e-02,5.520000000000000601e-03
1.470000000000000107e+01,-1.589208423988955010e+00,8.949603060493585005e-01,-2.738520290612914021e+00,-1.587111329009315730e+00,8.930988122869664148e-01,-2.760474374516951990e+00,-1.618033988749894680e+00,9.510565162951536422e-01,-2.657623499136292367e+00,3.563421884709926934e-01,6.342917570251145332e-01,6.306626904933411437e-02,-8.089679147662165448e-02,6.306899386963120413e-02,5.479999999999999628e-03
1.475000000000000000e+01,-1.604465017886639977e+00,8.881865404110353968e-01,-2.708976493267385877e+00,-1.583496430711698544e+00,8.574025178002619985e-01,-2.709735195660249119e+00,-1.636299434850047696e+00,9.408807689542250108e-01,-2.609277363450283271e+00,3.724412095484239682e-01,5.868378635742467209e-01,6.156006482660136836e-02,-9.969912981710260524e-02,6.156388409743167311e-02,6.392000000000000980e-03
1.480000000000000071e+01,-1.620541308389138901e+00,8.804695640390368672e-01,-2.679132774328457867e+00,-1.601773444781431133e+00,8.831518362806809463e-01,-2.671795176511040815e+00,-1.636299434850047696e+00,9.408807689542250108e-01,-2.609277363450283271e+00,3.704805937188625498e-01,5.726151131270894590e-01,6.005008256017430046e-02,-6.985541087817459527e-02,6.243262151201762339e-02,5.479999999999999628e-03
1.485000000000000142e+01,-1.636124895083744368e+00,8.724333022826802342e-01,-2.651815037825580479e+00,-1.660354726813599191e+00,8.830112518829141832e-01,-2.639315811532789713e+00,-1.688655851004029707e+00,9.048270524660200209e-01,-2.470200220386371548e+00,3.627927251619338933e-01,6.540014500345329163e-01,5.804117751981219958e-02,-1.816148174392089309e-01,6.171593295770216175e-02,6.422999999999999890e-03
1.490000000000000036e+01,-1.651169386033935149e+00,8.640952969663798777e-01,-2.619210714839725007e+00,-1.660863078821531058e+00,8.451674848197510137e-01,-2.621915303603907788e+00,-1.705280328708184800e+00,8.910065241883675657e-01,-2.426298338943760680e+00,3.772571614436560083e-01,6.722320500867726700e-01,5.580339243642341851e-02,-1.929123758959643276e-01,6.043350285801232097e-02,5.831000000000000245e-03
1.495000000000000107e+01,-1.666023765501416953e+00,8.552266892872709692e-01,-2.587499283936550931e+00,-1.676498126012961887e+00,8.331232410146670597e-01,-2.584435906186894449e+00,-1.721484054007887510e+00,8.763066800438633619e-01,-2.383790380104096940e+00,3.837513374988513748e-01,6.658739919431527765e-01,5.343075801631628347e-02,-2.037089038324539914e-01,5.933135437118362832e-02,5.551000000000000378e-03
1.500000000000000000e+01,-1.681203725017607287e+00,8.454934872016396374e-01,-2.555375506785840578e+00,-1.686582893902426550e+00,8.374088545732104594e-01,-2.558169233677165089e+00,-1.721484054007887510e+00,8.763066800438633619e-01,-2.383790380104096940e+00,3.856750257510646041e-01,6.510129937110036291e-01,5.006686013237973687e-02,-1.715851266817436382e-01,5.071447285240453934e-02,5.491000000000000221e-03
1.505000000000000071e+01,-1.696229825598938312e+00,8.351946796744889046e-01,-2.526097303125418581e+00,-1.690038558434625804e+00,8.390202242611163319e-01,-2.524635196402218007e+00,-1.721484054007887510e+00,8.763066800438633619e-01,-2.383790380104096940e+00,3.913700296642144139e-01,6.180365420168706381e-01,4.721954017867037445e-02,-1.423069230213216407e-01,4.824906866357963481e-02,5.510000000000001008e-03
1.510000000000000142e+01,-1.710969488484829881e+00,8.244276410676458777e-01,-2.495305513963222754e+00,-1.710715538295947580e+00,8.508698373823402328e-01,-2.512357123480837284e+00,-1.721484054007887510e+00,8.763066800438633619e-01,-2.383790380104096940e+00,3.861198045064204165e-01,6.322051793325351721e-01,4.490919538517482157e-02,-1.115151338591258146e-01,5.293383391777479324e-02,5.380000000000000233e-03
1.515000000000000036e+01,-1.725456472191778223e+00,8.131900380751466706e-01,-2.468381008198146986e+00,-1.728805421180176216e+00,8.418115243186641283e-01,-2.456830281625493217e+00,-1.737263028876382620e+00,8.607420270039435328e-01,-2.342735081697068900e+00,3.959747229925827949e-01,6.055717694150246633e-01,4.162884082267726688e-02,-1.256459265010780868e-01,4.899577973490366195e-02,5.490000000000000088e-03
1.520000000000000107e+01,-1.739540818010010481e+00,8.016340485781140446e-01,-2.440589555374770736e+00,-1.754893697500183425e+00,8.031082499506967398e-01,-2.415985686471517013e+00,-1.767531260177386709e+00,8.270805742745619416e-01,-2.265098432522958838e+00,4.104657376887730913e-01,6.387158055104862342e-01,3.779260773219821068e-02,-1.754911228518118982e-01,3.782843537268249651e-02,5.500000000000000548e-03
1.525000000000000000e+01,-1.754287299107708309e+00,7.888196822244466500e-01,-2.411777625028230787e+00,-1.769928245533072264e+00,7.978336512914145917e-01,-2.400817023559843832e+00,-1.782013048376735576e+00,8.090169943749476733e-01,-2.228523868394608698e+00,4.133515718734332434e-01,6.509537928699206111e-01,3.428872154140188977e-02,-1.832537566336220891e-01,3.430231173891553492e-02,6.502000000000000834e-03
1.530000000000000071e+01,-1.768702904136038923e+00,7.755336329380857485e-01,-2.382117703667238295e+00,-1.748470069220090517e+00,7.767517307649968172e-01,-2.394631498325405339e+00,-1.782013048376735576e+00,8.090169943749476733e-01,-2.228523868394608698e+00,4.234808380971100683e-01,6.160384161699278271e-01,3.100247822812748563e-02,-1.535938352726295975e-01,3.603186690722092606e-02,5.491000000000000221e-03
1.535000000000000142e+01,-1.782428085899947057e+00,7.621611340330621820e-01,-2.356300290108054529e+00,-1.803162675352546485e+00,7.554430735769243066e-01,-2.359841135958591352e+00,-1.809654104932039598e+00,7.705132427757885871e-01,-2.159756802087212879e+00,4.244606509572308450e-01,6.785630076690404300e-01,2.727851155516589424e-02,-1.965434880208416502e-01,2.847830459817073112e-02,5.430000000000000798e-03
1.540000000000000036e+01,-1.796173845349383624e+00,7.479731863080315568e-01,-2.324431499704261661e+00,-1.787471162860178042e+00,7.757884512810735433e-01,-2.325042798788602649e+00,-1.809654104932039598e+00,7.705132427757885871e-01,-2.159756802087212879e+00,4.348962521614674337e-01,6.047441593147425687e-01,2.373001869544690001e-02,-1.646746976170487820e-01,2.626350212720047345e-02,5.531000000000000326e-03
1.545000000000000107e+01,-1.810051971878883448e+00,7.327735021062592446e-01,-2.297121972560395520e+00,-1.787521626993415991e+00,7.300935666857425455e-01,-2.289069322703384479e+00,-1.822806553270890140e+00,7.501110696304601477e-01,-2.127485239566102138e+00,4.532857266280393427e-01,5.903927877955182923e-01,1.998954628731802047e-02,-1.696367329942933821e-01,2.152372166103132950e-02,5.440999999999999656e-03
1.550000000000000000e+01,-1.823996512606054665e+00,7.166216040790462927e-01,-2.268843563605549729e+00,-1.830167616941079656e+00,7.301900362043505233e-01,-2.274971995401768421e+00,-1.835509251367962502e+00,7.289686274214109973e-01,-2.096554529215124418e+00,4.484436432360626168e-01,6.512416078435270261e-01,1.615445819565636959e-02,-1.722890343904253108e-01,1.688171019822441027e-02,5.430000000000000798e-03
1.555000000000000071e+01,-1.837672224794191012e+00,6.997514404012130651e-01,-2.235145322802609247e+00,-1.841115943964668933e+00,6.968054195987779531e-01,-2.233672805528845728e+00,-1.847759065022573699e+00,7.071067811865471286e-01,-2.066906833657933262e+00,4.614584929916827893e-01,6.327899670700612988e-01,1.237198248556208198e-02,-1.682384891446759845e-01,1.248380486315442232e-02,5.440999999999999656e-03
1.560000000000000142e+01,-1.851130349162232180e+00,6.819928506793488943e-01,-2.203443803986187888e+00,-1.846241542615276066e+00,6.899807339897287006e-01,-2.212081269904210945e+00,-1.859552971776502917e+00,6.845471059286883930e-01,-2.038480543411676393e+00,4.700552487091599896e-01,6.178202549169985458e-01,8.669666973280070604e-03,-1.649632605745114944e-01,8.801408499848372910e-03,6.522000000000000020e-03
1.565000000000000036e+01,-1.864001760677139075e+00,6.638676022049329051e-01,-2.173142932297104757e+00,-1.867387337289346805e+00,6.652078876854471412e-01,-2.180307877915700132e+00,-1.870888061659734758e+00,6.613118653236517153e-01,-2.011211771068128762e+00,4.771970679934758874e-01,6.235728119267307523e-01,5.139623429661341510e-03,-1.619311612289759950e-01,7.345265974029747610e-03,5.440999999999999656e-03
1.570000000000000107e+01,-1.876237647077383386e+00,6.456034379410199309e-01,-2.148979801370413778e+00,-1.879440728140670425e+00,6.482077670494101884e-01,-2.133855465327285650e+00,-1.881761537908450910e+00,6.374239897486897455e-01,-1.985035564911764361e+00,4.912123097285240325e-01,6.036301234076897337e-01,1.764519761354218369e-03,-1.639442364586494172e-01,9.869992028596851624e-03,7.003000000000000544e-03
1.575000000000000000e+01,-1.888609981776927960e+00,6.259670738959668412e-01,-2.117090262919967714e+00,-1.896610604326493421e+00,6.694619138054076490e-01,-2.116422131495737435e+00,-1.881761537908450910e+00,6.374239897486897455e-01,-1.985035564911764361e+00,4.885803340264162631e-01,5.976148253191745363e-01,-1.657885944810045739e-03,-1.320546980082033528e-01,1.334773779619806248e-02,5.479999999999999628e-03
1.580000000000000071e+01,-1.900110655443702612e+00,6.064284158433729255e-01,-2.088509030913888509e+00,-1.903862932284404730e+00,6.068594202345803934e-01,-2.085535796745333847e+00,-1.892170717655091261e+00,6.129070536529752644e-01,-1.959886871818177001e+00,5.010268295499171742e-01,5.990503923886466575e-01,-4.888810272847125479e-03,-1.286221590957117300e-01,1.024770022761338842e-02,6.291999999999999850e-03
1.585000000000000142e+01,-1.911854375200100487e+00,5.849647310928852706e-01,-2.054378872428843206e+00,-1.919957508513375544e+00,5.727575669238137435e-01,-2.076925497854745117e+00,-1.911586029596660019e+00,5.620833778521310276e-01,-1.912415586767248543e+00,5.100512549193094713e-01,6.351697001304213996e-01,-7.918394638820868206e-03,-1.419632856615944405e-01,2.288292672476710532e-02,5.841000000000000705e-03
1.590000000000000036e+01,-1.923141415218466266e+00,5.625715819916026206e-01,-2.020962344487561957e+00,-1.896868160833897310e+00,5.545773757653558178e-01,-2.027430843927499282e+00,-1.911586029596660019e+00,5.620833778521310276e-01,-1.912415586767248543e+00,5.264437196548379383e-01,5.177516851410756127e-01,-1.105119433332247408e-02,-1.085467577203136358e-01,1.156569410586514440e-02,5.851000000000000298e-03
1.595000000000000107e+01,-1.933580695304303987e+00,5.402332386359517402e-01,-1.994966572703135821e+00,-1.924306111494841653e+00,5.345281015219111032e-01,-1.996508318720872310e+00,-1.920587371353885908e+00,5.358267949789972118e-01,-1.889968183021274895e+00,5.307282363504514100e-01,5.363990290672522310e-01,-1.371975933629825291e-02,-1.049983896818611484e-01,1.372017539911290183e-02,5.511000000000000273e-03
1.600000000000000000e+01,-1.943497969246320123e+00,5.175871763012891424e-01,-1.972160080009437433e+00,-1.952378718070051811e+00,4.793178941374350299e-01,-1.971893278234515989e+00,-1.937166322257262374e+00,4.817536741017146573e-01,-1.847351403644320378e+00,5.389108969325706600e-01,5.864487320859148589e-01,-1.587515154561430775e-02,-1.248086763651170550e-01,3.638859207885011826e-02,5.611000000000000536e-03
1.605000000000000071e+01,-1.953054603421775948e+00,4.940725763607125565e-01,-1.941477355527686521e+00,-1.969663385719200965e+00,4.842528569342983702e-01,-1.969924255951085001e+00,-1.937166322257262374e+00,4.817536741017146573e-01,-1.847351403644320378e+00,5.341080549361783003e-01,6.135739974694621734e-01,-1.864814755596806012e-02,-9.412595188336592145e-02,2.010454752610414675e-02,5.481000000000000628e-03
1.610000000000000142e+01,-1.962020064592369994e+00,4.699731761168567945e-01,-1.912426487835462652e+00,-1.952158088803481517e+00,4.622459214698162455e-01,-1.904340486920854447e+00,-1.944739840795352892e+00,4.539904997395479147e-01,-1.827068819336153060e+00,5.559416344503810281e-01,4.796525215965335986e-01,-2.076711180240974064e-02,-8.535766849930936928e-02,2.353831087093514324e-02,5.511000000000000273e-03
1.615000000000000213e+01,-1.970405441404004865e+00,4.458249194978293195e-01,-1.897604049466858900e+00,-1.984168735138049922e+00,4.295142688994821323e-01,-1.882354526222865143e+00,-1.951833523877494869e+00,4.257792915650723264e-01,-1.807398219694992703e+00,5.565823042754072247e-01,5.292353601497350457e-01,-2.275321205037908120e-02,-9.020582977186641926e-02,2.732660461583210493e-02,5.540000000000000653e-03
1.619999999999999929e+01,-1.978598814610687873e+00,4.207284033645132815e-01,-1.875118561612365786e+00,-1.936855015297034521e+00,4.121213946809316186e-01,-1.898877409872439692e+00,-1.951833523877494869e+00,4.257792915650723264e-01,-1.807398219694992703e+00,5.655847328012066910e-01,4.652013440751475160e-01,-2.483568155055596027e-02,-6.772034191737308362e-02,2.723769923556124822e-02,5.470000000000000036e-03
1.625000000000000000e+01,-1.986350003598114533e+00,3.949957171199632855e-01,-1.851624693759789997e+00,-2.001080732523696337e+00,4.019935631964217104e-01,-1.839986087708098683e+00,-1.958445621243531498e+00,3.971478906347804538e-01,-1.788288363900391698e+00,5.640740198420727269e-01,5.075376699791610546e-01,-2.678260323696919978e-02,-6.333632985939807725e-02,2.798725433887085459e-02,5.510000000000001008e-03
1.630000000000000071e+01,-1.993332772385844498e+00,3.696611686136284103e-01,-1.827857457899048965e+00,-2.016807164162535582e+00,3.609442891911568974e-01,-1.818767578616999225e+00,-1.970218652309547736e+00,3.387379202452915350e-01,-1.751556155262603776e+00,5.722731246546275408e-01,5.432513716371113466e-01,-2.829682154650243683e-02,-7.630130263644518962e-02,3.860712157816630768e-02,5.370000000000000641e-03
1.635000000000000142e+01,-1.999919350788563088e+00,3.433977069379427483e-01,-1.805176785729751820e+00,-2.014557277434440241e+00,3.560639365576642179e-01,-1.816799701994763927e+00,-1.970218652309547736e+00,3.387379202452915350e-01,-1.751556155262603776e+00,5.731612021320645622e-01,5.392676346332493376e-01,-3.005451901434389589e-02,-5.362063046714826697e-02,3.006401673367007504e-02,5.470000000000000036e-03
1.640000000000000213e+01,-2.005736379713915607e+00,3.176203570930827835e-01,-1.780309250326939763e+00,-2.006061064002709671e+00,3.141490487370471874e-01,-1.796062052615450266e+00,-1.975376681190275319e+00,3.090169943749477843e-01,-1.733841245767693495e+00,5.818993882694228903e-01,5.138387910031113615e-01,-3.135358381941530381e-02,-4.646800455924626760e-02,3.155517619196764045e-02,5.440999999999999656e-03
1.644999999999999929e+01,-2.011110713169348863e+00,2.912521429666884432e-01,-1.763412633358639514e+00,-2.024575750914883621e+00,2.613980789571658803e-01,-1.760617337575338226e+00,-1.984229402628955752e+00,2.486898871648537679e-01,-1.699495510204537041e+00,5.869979221296371952e-01,5.158050685149182524e-01,-3.212161201353189166e-02,-6.391712315410247314e-02,5.034034639640314751e-02,5.461000000000000576e-03
1.650000000000000000e+01,-2.016107993074332416e+00,2.639506139494989245e-01,-1.740252519595604230e+00,-2.017396528207670681e+00,2.446735073959717399e-01,-1.765607864862481335e+00,-1.984229402628955752e+00,2.486898871648537679e-01,-1.699495510204537041e+00,5.875298836329462260e-01,5.257579134275855992e-01,-3.357357012620990067e-02,-4.075700939106718934e-02,3.534309424455711612e-02,5.410000000000000746e-03
1.655000000000000071e+01,-2.020398385476531278e+00,2.371136535973150938e-01,-1.718394785097603794e+00,-2.027216000727058098e+00,2.394247718885324228e-01,-1.710176250315763813e+00,-1.984229402628955752e+00,2.486898871648537679e-01,-1.699495510204537041e+00,5.941404645306611609e-01,4.466936288420987333e-01,-3.438411160889908585e-02,-1.889927489306675312e-02,3.797636770201202189e-02,5.400000000000000286e-03
1.660000000000000142e+01,-2.024282202906191763e+00,2.088779470337774891e-01,-1.696582058633441470e+00,-2.034014886471283923e+00,2.208094341940090299e-01,-1.691547176225594695e+00,-1.987921910910359413e+00,2.181432413965416761e-01,-1.682781995795973540e+00,5.974203040616936633e-01,4.412378129942379767e-01,-3.509712390218065053e-02,-1.380006283746793017e-02,3.752221360275616313e-02,5.330000000000000536e-03
1.665000000000000213e+01,-2.027524552873591457e+00,1.804788013706753180e-01,-1.672367517560218619e+00,-2.000238458468088787e+00,1.803501171341388987e-01,-1.676254677888866729e+00,-1.991123929206159993e+00,1.873813145857239348e-01,-1.666321810950855298e+00,6.075037443140521853e-01,3.671791932370809253e-01,-3.557630634974485312e-02,-6.045706609363321604e-03,3.704929273362573411e-02,5.431000000000000064e-03
1.669999999999999929e+01,-2.030135884428560633e+00,1.525053895094249379e-01,-1.655386599853110541e+00,-2.032855830680358356e+00,1.614158684438285751e-01,-1.632758779125229376e+00,-1.993834667466255928e+00,1.564344650402320902e-01,-1.650076705123150855e+00,6.080418124006703451e-01,3.771948526669555712e-01,-3.587602087963732977e-02,-5.309894729959907522e-03,3.651323030726131430e-02,5.490000000000000088e-03
1.675000000000000000e+01,-2.032270383027096727e+00,1.240626705781879557e-01,-1.636016277246800321e+00,-2.049090017485268422e+00,1.070394022006736778e-01,-1.646282542790989067e+00,-1.997779749923940029e+00,9.410831331851238213e-02,-1.618083330494513472e+00,6.020595514509162749e-01,4.938938210077154500e-01,-3.586800269606452846e-02,-1.793294675228684909e-02,4.568224261895258154e-02,5.531000000000000326e-03
1.680000000000000071e+01,-2.033800702485612177e+00,9.502385794280863995e-02,-1.610877179656798441e+00,-2.039145515760869554e+00,9.181731818754140795e-02,-1.624189250196886647e+00,-1.997779749923940029e+00,9.410831331851238213e-02,-1.618083330494513472e+00,6.072696904025537412e-01,4.461739600090825486e-01,-3.602396477629820487e-02,7.206150837714808688e-03,3.603258588291038955e-02,5.420000000000000338e-03
1.685000000000000142e+01,-2.034728051485844347e+00,6.627497851453119371e-02,-1.595206861557845412e+00,-2.024623226138865473e+00,6.044958059377917442e-02,-1.595538128203999539e+00,-1.999013120731463200e+00,6.279051952931338776e-02,-1.602262684194616593e+00,6.133044828868997600e-01,3.880195062252184135e-01,-3.580687611073655324e-02,7.055822636771402756e-03,3.588450547534276919e-02,5.430000000000000798e-03
1.690000000000000213e+01,-2.035183920154588044e+00,3.775994191009421352e-02,-1.578356982784729912e+00,-2.027681770059207356e+00,3.479257504325108247e-02,-1.584445704109979980e+00,-1.999753264963321175e+00,3.141075907812847928e-02,-1.586512043544509698e+00,6.128613615998274033e-01,4.033148652043063165e-01,-3.552605773483505369e-02,8.155060759779786395e-03,3.599504757485638001e-02,5.511000000000000273e-03
1.694999999999999929e+01,-2.035167189155449918e+00,8.882043026057859919e-03,-1.562076930182459966e+00,-2.009102932586379620e+00,9.493022579003456557e-03,-1.553198075001007927e+00,-2.000000000000000000e+00,3.673940397442059375e-16,-1.570796326794896558e+00,6.184266598390594227e-01,3.237051565081608961e-01,-3.516718915544991830e-02,8.719396612436369765e-03,3.627150233188488476e-02,5.650000000000000508e-03
1.700000000000000000e+01,-2.034664548906991666e+00,-1.984090075643533263e-02,-1.544520080008229490e+00,-2.063137379052738751e+00,-3.042789978838491421e-02,-1.532902428853475607e+00,-1.999753264963321175e+00,-3.141075907812952012e-02,-1.555080610045277867e+00,6.062522187282001207e-01,4.538057585704993180e-01,-3.472515164091587170e-02,1.056053003704837678e-02,3.677851775397781436e-02,5.470000000000000036e-03
1.705000000000000071e+01,-2.033668783749916109e+00,-4.792683163388217898e-02,-1.526193794500573020e+00,-2.047090675261576287e+00,-4.023039222624760075e-02,-1.535619039974404521e+00,-1.999753264963321175e+00,-3.141075907812952012e-02,-1.555080610045277867e+00,6.087602757592897040e-01,4.386548784389038280e-01,-3.417088181537909081e-02,2.888681554470462487e-02,3.772324306353789375e-02,5.481000000000000628e-03
1.710000000000000142e+01,-2.032141536961031836e+00,-7.646328358823101246e-02,-1.508462570871441422e+00,-2.023150509021866661e+00,-9.762386427214723994e-02,-1.499950042064651656e+00,-1.997779749923940029e+00,-9.410831331851342296e-02,-1.523509323095284085e+00,6.113013540673416513e-01,3.933071942235198959e-01,-3.348930700748133094e-02,1.504675222384266320e-02,3.862744468075775955e-02,5.470000000000000036e-03
1.715000000000000213e+01,-2.030128874619510970e+00,-1.048206747239332493e-01,-1.491417965464920670e+00,-2.019048968150199297e+00,-1.017101463862283284e-01,-1.479553105157034754e+00,-1.997779749923940029e+00,-9.410831331851342296e-02,-1.523509323095284085e+00,6.144518118678731211e-01,3.460377391113437229e-01,-3.281933084396367745e-02,3.209135763036341515e-02,3.407668639187099585e-02,5.550000000000000246e-03
1.719999999999999929e+01,-2.027668444008520865e+00,-1.333588730924054055e-01,-1.478169333985912770e+00,-2.060432220263074043e+00,-1.357906005581160924e-01,-1.485803264777777022e+00,-1.996053456856543118e+00,-1.253332335643031759e-01,-1.507583273474971675e+00,5.994764208457371568e-01,4.960377391113437451e-01,-3.205883055293733130e-02,2.941393948905890454e-02,3.261776053708707879e-02,5.559999999999999838e-03
1.725000000000000000e+01,-2.024844996888640836e+00,-1.607709878523121971e-01,-1.458147252590398901e+00,-2.004271392228701210e+00,-1.455796778817221304e-01,-1.456763625491215297e+00,-1.993834667466255928e+00,-1.564344650402313686e-01,-1.491515948466644481e+00,6.102238559533457174e-01,3.460377391113437229e-01,-3.125636575901034886e-02,3.336869587624580191e-02,3.131207372539430989e-02,5.440999999999999656e-03
1.730000000000000071e+01,-2.021390258744015345e+00,-1.897540859137234748e-01,-1.446168192637049987e+00,-2.017935119112734821e+00,-1.972831060445107143e-01,-1.452212173641732607e+00,-1.991123929206159993e+00,-1.873813145857249618e-01,-1.475270842638938706e+00,6.007189198542485231e-01,4.443945325636709520e-01,-3.035465816897918792e-02,2.910265000188871909e-02,3.035919543514003019e-02,5.470000000000000036e-03
1.735000000000000142e+01,-2.017723877602171534e+00,-2.166963040156720810e-01,-1.424919841283302402e+00,-2.024521146476956801e+00,-2.039755993873910711e-01,-1.419112490761931467e+00,-1.991123929206159993e+00,-1.873813145857249618e-01,-1.475270842638938706e+00,6.036568240186344081e-01,4.017402171564143365e-01,-2.927474843352680101e-02,5.035100135563652657e-02,3.958441435651648133e-02,5.400000000000000286e-03
1.740000000000000213e+01,-2.013261894902401483e+00,-2.450504765075949831e-01,-1.404500894240978237e+00,-2.011702371883074214e+00,-2.483200531817866819e-01,-1.427069405750192699e+00,-1.984229402628955752e+00,-2.486898871648547671e-01,-1.442097143385252300e+00,5.900697361548989939e-01,4.765955380688683407e-01,-2.832528719243804921e-02,3.759624914427384113e-02,2.925971492581331060e-02,5.501000000000000681e-03
1.744999999999999929e+01,-2.008539406806641114e+00,-2.716830427142599147e-01,-1.386099978383247722e+00,-2.026708220098317970e+00,-2.634834204168011174e-01,-1.376438449028644317e+00,-1.984229402628955752e+00,-2.486898871648547671e-01,-1.442097143385252300e+00,5.934155612574683047e-01,4.313950327125156137e-01,-2.705999078199872176e-02,5.599716500200457858e-02,3.346134344640425140e-02,5.451000000000000116e-03
1.750000000000000000e+01,-2.003192620377354238e+00,-2.989578133444043551e-01,-1.368333977429450066e+00,-1.972277427180344489e+00,-2.924742903843114972e-01,-1.366409708479030538e+00,-1.980047315433115074e+00,-2.789911060392290532e-01,-1.425090937290524495e+00,5.974146346561827192e-01,3.555107441077495212e-01,-2.579902502539967862e-02,5.675695986107420765e-02,3.056754065299271961e-02,5.510000000000001008e-03
1.755000000000000071e+01,-1.997440003989513491e+00,-3.259931246446901021e-01,-1.353949083134956766e+00,-1.990700929165897470e+00,-3.172950817521626443e-01,-1.361297547433413690e+00,-1.975376681190275541e+00,-3.090169943749470627e-01,-1.407751407822099843e+00,5.863522503043879786e-01,4.403178813275958614e-01,-2.452633483115750079e-02,5.380232468714307714e-02,2.783844844596514156e-02,6.142000000000000758e-03
1.760000000000000142e+01,-1.991323850011008423e+00,-3.526195993665621753e-01,-1.336072923921106659e+00,-1.957665713341007363e+00,-3.337489101412226544e-01,-1.326442730515150492e+00,-1.970218652309547958e+00,-3.387379202452908689e-01,-1.390036498327185344e+00,5.875256922971856532e-01,3.563744432005902518e-01,-2.325694632886293051e-02,5.396357440607868483e-02,2.526124274939124670e-02,5.460000000000000443e-03
1.765000000000000213e+01,-1.984707985610527414e+00,-3.794516003995812570e-01,-1.322031240232099947e+00,-1.993293620976553271e+00,-3.600549476114727754e-01,-1.327607110811399593e+00,-1.964574501457377220e+00,-3.681245526846789184e-01,-1.371902576303445809e+00,5.703252932513409590e-01,4.826044666470660216e-01,-2.197462258349753422e-02,4.987133607134586200e-02,2.310106478240395514e-02,5.559999999999999838e-03
1.769999999999999929e+01,-1.978046874124963717e+00,-4.049672438113611772e-01,-1.308840221843319052e+00,-1.971734727401190712e+00,-4.076375156251299536e-01,-1.302797106241167402e+00,-1.958445621243531720e+00,-3.971478906347797877e-01,-1.353304289689401418e+00,5.624933763134548625e-01,5.099526044542889158e-01,-2.082675168641201155e-02,4.446406784608214480e-02,2.110335041224401312e-02,5.781000000000000548e-03
1.775000000000000000e+01,-1.970748806191113145e+00,-4.310346930324414072e-01,-1.286793212810869225e+00,-1.984999024341826068e+00,-4.451571749042452786e-01,-1.296088724365723976e+00,-1.951833523877494647e+00,-4.257792915650732701e-01,-1.334194433894804410e+00,5.455907913146118560e-01,5.965364085609170530e-01,-1.962017351336638529e-02,4.740122108393496347e-02,1.963178926096915619e-02,5.490000000000000088e-03
1.780000000000000071e+01,-1.963293091863810291e+00,-4.552750553671722211e-01,-1.258017048520553738e+00,-1.963943230461018263e+00,-4.647936179010180857e-01,-1.263520078717393025e+00,-1.944739840795353114e+00,-4.539904997395472486e-01,-1.314523834253639389e+00,5.448300957440688208e-01,5.617547441340988712e-01,-1.827293503768042532e-02,5.650678573308542951e-02,1.859766674531163760e-02,5.800999999999999733e-03
1.785000000000000142e+01,-1.955110060903855862e+00,-4.795416081713946288e-01,-1.233096735190417848e+00,-1.945559717647274312e+00,-4.783360644171209541e-01,-1.234152827135640340e+00,-1.937166322257262152e+00,-4.817536741017155455e-01,-1.294241249945475625e+00,5.395415571279643663e-01,5.354448761984801353e-01,-1.665791844070726654e-02,6.114451475505777722e-02,1.807957389700728598e-02,5.520999999999999866e-03
1.790000000000000213e+01,-1.946623341827864007e+00,-5.027995794404721552e-01,-1.208731400641261056e+00,-1.952113124600663330e+00,-5.061809970161361694e-01,-1.199846916257601537e+00,-1.929114836915596154e+00,-5.090414157503714288e-01,-1.273293307075952230e+00,5.294200389742400592e-01,5.505503753579688020e-01,-1.490968773018160921e-02,6.456190643469117418e-02,1.858785261353458618e-02,5.490000000000000088e-03
1.794999999999999929e+01,-1.937786769483642146e+00,-5.252463091745628310e-01,-1.182788506423676056e+00,-1.928177795943101680e+00,-5.192183932977368910e-01,-1.195695041949402793e+00,-1.929114836915596154e+00,-5.090414157503714288e-01,-1.273293307075952230e+00,5.330781549819959553e-01,5.465958172387073155e-01,-1.304118936786960968e-02,9.050480065227617388e-02,1.837936302906437863e-02,5.490000000000000088e-03
1.800000000000000000e+01,-1.927971210576366445e+00,-5.484645342395919609e-01,-1.158873512499532854e+00,-1.932548504287675994e+00,-5.413190246832181307e-01,-1.153866678343200114e+00,-1.920587371353886130e+00,-5.358267949789965456e-01,-1.251624470568524217e+00,5.252308700390969642e-01,5.386173499015060040e-01,-1.097639708591732245e-02,9.275095806899136264e-02,1.463671873345366581e-02,5.841000000000000705e-03
1.805000000000000071e+01,-1.917717933529268670e+00,-5.710443374184199783e-01,-1.130218171520939840e+00,-1.914401212889678572e+00,-5.953878117673504500e-01,-1.134309642195368006e+00,-1.902113032590307284e+00,-5.877852522924728040e-01,-1.205891371747590091e+00,4.939340239068431004e-01,6.365044721071415612e-01,-8.603266702279427358e-03,7.567320022665047219e-02,2.288604736810358545e-02,5.481000000000000628e-03
1.810000000000000142e+01,-1.907419981996630209e+00,-5.919770872359882974e-01,-1.096994133108332825e+00,-1.909982437475129968e+00,-6.091133037753563295e-01,-1.093993802527916781e+00,-1.892170717655090817e+00,-6.129070536529760416e-01,-1.181705781771621444e+00,4.884643812529227413e-01,6.092162815206187965e-01,-6.169727606602412248e-03,8.471164866328884102e-02,2.589601431059188399e-02,5.731000000000000850e-03
1.815000000000000213e+01,-1.896604243639608667e+00,-6.122154715606049624e-01,-1.062997124726113185e+00,-1.902201043022584193e+00,-6.025725752282952152e-01,-1.049832726524051463e+00,-1.892170717655090817e+00,-6.129070536529760416e-01,-1.181705781771621444e+00,5.008847654546220163e-01,5.240417361105789151e-01,-3.839789951328297958e-03,1.187086570455084811e-01,4.487141455969861741e-03,5.490000000000000088e-03
1.819999999999999929e+01,-1.885130436457354675e+00,-6.322767335944911027e-01,-1.039534723992795229e+00,-1.897783856357318610e+00,-6.294430710106168059e-01,-1.042501408032110888e+00,-1.892170717655090817e+00,-6.129070536529760416e-01,-1.181705781771621444e+00,4.964762627267911288e-01,5.689047469300760884e-01,-8.337803662342617786e-04,1.421710577788264374e-01,2.060946531038415630e-02,5.460000000000000443e-03
1.825000000000000000e+01,-1.872909080414281169e+00,-6.524758308197273760e-01,-1.013816809876892933e+00,-1.884545451201237620e+00,-6.680983315693702629e-01,-1.011662440643961602e+00,-1.870888061659734314e+00,-6.613118653236524924e-01,-1.130380882521658137e+00,4.655540147985520738e-01,6.213399269541958203e-01,1.938774425535575623e-03,1.165640726447652042e-01,9.064216599397064908e-03,5.681000000000000286e-03
1.830000000000000071e+01,-1.861002488014320777e+00,-6.708870554947299336e-01,-9.796680294141095757e-01,-1.878823792120131619e+00,-6.670461428887317634e-01,-9.985568583354309524e-01,-1.870888061659734314e+00,-6.613118653236524924e-01,-1.130380882521658137e+00,4.699764808792662452e-01,6.016665618546764849e-01,4.860189041522979501e-03,1.507128531075485611e-01,1.376258816906154175e-02,5.420000000000000338e-03
1.835000000000000142e+01,-1.848456886715733827e+00,-6.890578670125819816e-01,-9.533815422891778191e-01,-1.857947493860383492e+00,-6.895346876585218832e-01,-9.338446213646038885e-01,-1.859552971776503139e+00,-6.845471059286878379e-01,-1.103112110178119831e+00,4.685818425250328767e-01,5.613449895682081081e-01,7.870985362118490189e-03,1.497305678889420122e-01,1.197789919943400422e-02,5.601000000000000076e-03
1.840000000000000213e+01,-1.835225487220648821e+00,-7.071146330827170479e-01,-9.234504032842449917e-01,-1.844293015332845398e+00,-6.810682594117229982e-01,-9.246370721010337412e-01,-1.859552971776503139e+00,-6.845471059286878379e-01,-1.103112110178119831e+00,4.751048459588868011e-01,5.279575705296883914e-01,1.154116843883760783e-02,1.796617068938748396e-01,3.318312502859210866e-02,5.511000000000000273e-03
1.844999999999999929e+01,-1.821478331831160480e+00,-7.248870585573313763e-01,-9.013847680491728909e-01,-1.813678821714665101e+00,-6.972539379843946117e-01,-8.960419322389125973e-01,-1.847759065022573921e+00,-7.071067811865465735e-01,-1.074685819931865627e+00,4.686332846958160547e-01,5.291459793092103681e-01,1.464878045955088186e-02,1.733010518826927360e-01,3.173035140776575558e-02,5.559999999999999838e-03
1.850000000000000000e+01,-1.808024995288605830e+00,-7.414862172704411725e-01,-8.780070243812767572e-01,-1.831779860707595908e+00,-7.432987807198756514e-01,-8.808984094252347852e-01,-1.822806553270890362e+00,-7.501110696304595926e-01,-1.014107414023694531e+00,4.293708018246331082e-01,6.112257209122596846e-01,1.710686157002552776e-02,1.361003896424177739e-01,1.711381122414743980e-02,1.117100000000000037e-02
1.855000000000000071e+01,-1.794859627243230227e+00,-7.568879556066038239e-01,-8.490402329278836646e-01,-1.801524751386970546e+00,-7.431682106749669670e-01,-8.548775994942023893e-01,-1.822806553270890362e+00,-7.501110696304595926e-01,-1.014107414023694531e+00,4.394976281522464667e-01,5.903400438931153404e-01,2.014644203154437180e-02,1.650671810958108665e-01,2.875685758091742206e-02,5.451000000000000116e-03
1.860000000000000142e+01,-1.780935673682884302e+00,-7.722193968292838662e-01,-8.179026850463873011e-01,-1.790247086876656679e+00,-8.056414378100330564e-01,-8.361274414336383742e-01,-1.782013048376736020e+00,-8.090169943749472292e-01,-9.130687851951906353e-01,3.840865588439223988e-01,6.635967471518477989e-01,2.334772554940144768e-02,9.516610014880333424e-02,3.681336606945312395e-02,5.440000000000000391e-03
1.865000000000000213e+01,-1.768316287301092693e+00,-7.852221514250540269e-01,-7.828161692673476502e-01,-1.766901046285762167e+00,-7.750421017729678397e-01,-7.778246317389641007e-01,-1.782013048376736020e+00,-8.090169943749472292e-01,-9.130687851951906353e-01,4.120172203125198607e-01,5.794912210517798590e-01,2.538565483508379433e-02,1.302526159278429851e-01,2.745534219370322077e-02,5.370000000000000641e-03
1.869999999999999929e+01,-1.755165864972425327e+00,-7.979884276428489409e-01,-7.583376487514557063e-01,-1.758551571434195937e+00,-8.026276161409670040e-01,-7.457228685227725862e-01,-1.782013048376736020e+00,-8.090169943749472292e-01,-9.130687851951906353e-01,4.102746979773163050e-01,5.910673904697626435e-01,2.798840116561039301e-02,1.547311364437349290e-01,2.902413721213846151e-02,5.330000000000000536e-03
1.875000000000000000e+01,-1.740478302749845163e+00,-8.114886525316952204e-01,-7.282636437866045753e-01,-1.735797828997908132e+00,-8.216943299094019437e-01,-7.340325059256302964e-01,-1.752613360087726724e+00,-8.443279255020156304e-01,-8.384258043476058297e-01,3.898225947676488001e-01,6.265055214951773532e-01,3.098098666909328974e-02,1.101621605610012544e-01,3.500967674533556756e-02,5.340000000000000129e-03
1.880000000000000071e+01,-1.726479868200473611e+00,-8.236092332967317464e-01,-6.989875920298511680e-01,-1.722537358445293432e+00,-8.378211645118531781e-01,-6.628329806605393060e-01,-1.737263028876382176e+00,-8.607420270039440879e-01,-7.988575718927242164e-01,3.894137821897921681e-01,5.808133792531589012e-01,3.362785920276289975e-02,9.986997986287304840e-02,3.866679353999823848e-02,5.380000000000000233e-03
1.885000000000000142e+01,-1.712335911639192521e+00,-8.352261844684396586e-01,-6.762452488513845950e-01,-1.717032049943257199e+00,-8.462057301086501893e-01,-6.791269603290417400e-01,-1.737263028876382176e+00,-8.607420270039440879e-01,-7.988575718927242164e-01,3.829886816740046829e-01,6.148512424656616959e-01,3.565972531598377709e-02,1.226123230413396215e-01,3.567098812835516053e-02,5.320000000000000943e-03
1.890000000000000213e+01,-1.698162916911661879e+00,-8.462484613580012471e-01,-6.457387886322436543e-01,-1.700189030665599788e+00,-8.500247001037422034e-01,-6.562918871267879872e-01,-1.721484054007887954e+00,-8.763066800438630288e-01,-7.578022734856992848e-01,3.766951505724936422e-01,6.082771170603087363e-01,3.786197897422427516e-02,1.120634848534556305e-01,3.804434183985921231e-02,5.670000000000000560e-03
1.894999999999999929e+01,-1.684181036807730347e+00,-8.564746689752782416e-01,-6.172291121935518099e-01,-1.681222073854235166e+00,-8.412479553897312945e-01,-6.060578488419636756e-01,-1.721484054007887954e+00,-8.763066800438630288e-01,-7.578022734856992848e-01,3.914514137572909225e-01,5.563668500894964897e-01,4.004431104033007172e-02,1.405731612921474749e-01,4.224717452398116940e-02,5.320000000000000943e-03
1.900000000000000000e+01,-1.669021636772938910e+00,-8.669305810003762325e-01,-5.903726713772217138e-01,-1.669237556310075643e+00,-8.587366467086137156e-01,-5.759877520160334718e-01,-1.705280328708185023e+00,-8.910065241883672327e-01,-7.152943146460319923e-01,3.818384031960132541e-01,5.610010274717303069e-01,4.195482240864180368e-02,1.249216432688102785e-01,4.352405979738622338e-02,5.279999999999999971e-03
1.905000000000000071e+01,-1.654173088872986641e+00,-8.766119736520169292e-01,-5.652003285657771769e-01,-1.644884715094007355e+00,-8.990442329602461591e-01,-5.809575292796114176e-01,-1.654161148549122773e+00,-9.297764858882520134e-01,-5.797757117532884585e-01,3.442486387881972809e-01,6.357312331227256141e-01,4.447012105841453150e-02,1.457538318751128159e-02,5.316451357708564668e-02,5.320000000000000943e-03
1.910000000000000142e+01,-1.640457489949434855e+00,-8.850103209117933245e-01,-5.336591327667954410e-01,-1.653997276302854536e+00,-8.629054457462208561e-01,-5.501555283615542358e-01,-1.654161148549122773e+00,-9.297764858882520134e-01,-5.797757117532884585e-01,3.644171074207850913e-01,5.680009790152156235e-01,4.495808830794685573e-02,4.611657898649301757e-02,4.681666141147099169e-02,5.410000000000000746e-03
1.915000000000000213e+01,-1.625945361105678000e+00,-8.933251933472721174e-01,-5.069408165349793549e-01,-1.621799735710392376e+00,-9.071844551970963400e-01,-4.978157670004472735e-01,-1.636299434850047918e+00,-9.408807689542247887e-01,-5.323152901395076242e-01,3.576890485302908762e-01,6.053855041351043909e-01,4.623051447351123056e-02,2.537447360452826928e-02,4.866969914035263606e-02,5.350000000000000588e-03
1.920000000000000284e+01,-1.611174720896393131e+00,-9.012698779449711539e-01,-4.800245754610639182e-01,-1.608270143675483821e+00,-8.980347815259450694e-01,-4.913855006107770151e-01,-1.636299434850047918e+00,-9.408807689542247887e-01,-5.323152901395076242e-01,3.621475501217562010e-01,6.037377302715246641e-01,4.688163930734540880e-02,5.229071467844370602e-02,4.690707769409586947e-02,5.360000000000000181e-03
1.925000000000000000e+01,-1.595718703928024507e+00,-9.090475390825307755e-01,-4.524040553775354745e-01,-1.586928964933062236e+00,-9.147828362683351200e-01,-4.701727119039400549e-01,-1.599369316974180277e+00,-9.602936856769433982e-01,-4.349307235386516979e-01,3.473216829706749498e-01,6.216103472452705336e-01,4.801326804556411282e-02,-1.747333183888377661e-02,5.137601109845713748e-02,5.370000000000000641e-03
1.930000000000000071e+01,-1.581015321830745002e+00,-9.159285995896231380e-01,-4.230252777704270883e-01,-1.580065099520152394e+00,-9.172933955484866564e-01,-4.385602118105329517e-01,-1.599369316974180277e+00,-9.602936856769433982e-01,-4.349307235386516979e-01,3.532325903727155381e-01,6.021796490002383484e-01,4.796807394288331999e-02,1.190544576822460954e-02,4.801176940355961903e-02,5.389999999999999826e-03
1.935000000000000142e+01,-1.565645403083609111e+00,-9.225917423339671242e-01,-3.951019950563354755e-01,-1.554136373652799552e+00,-9.190311858585274996e-01,-3.930114471313856939e-01,-1.580310024751380160e+00,-9.685831611286314091e-01,-3.854144357899755846e-01,3.608822535423201749e-01,6.038230429222118945e-01,4.813067769326058454e-02,-9.687559266359890842e-03,4.827278458308634917e-02,5.791000000000000140e-03
1.940000000000000213e+01,-1.550284764540969196e+00,-9.287310569204492161e-01,-3.653561195862007338e-01,-1.562004261689158513e+00,-9.256756002957360341e-01,-3.969085943902204150e-01,-1.580310024751380160e+00,-9.685831611286314091e-01,-3.854144357899755846e-01,3.581358052547330417e-01,6.055707997326026382e-01,4.821645425264696472e-02,2.005831620377485081e-02,4.989695842957465183e-02,5.420000000000000338e-03
1.945000000000000284e+01,-1.534413332122865459e+00,-9.345423563746095841e-01,-3.366196083429180419e-01,-1.557986049083811775e+00,-9.577761475618299380e-01,-3.278527719805883756e-01,-1.560860814676658936e+00,-9.759167619387475456e-01,-3.356505649802157265e-01,3.579339646826472099e-01,5.713248580626447692e-01,4.777692189126430539e-02,-9.690433627023153917e-04,4.910509921809527029e-02,5.381000000000000366e-03
1.950000000000000000e+01,-1.518264459214473616e+00,-9.399455836161089151e-01,-3.091399578021953864e-01,-1.509683142741780282e+00,-9.358324697996961428e-01,-3.001016981120501192e-01,-1.520811931200061640e+00,-9.876883405951377704e-01,-2.363421338615432354e-01,3.667457097095991880e-01,6.023567998147124625e-01,4.701203964442996625e-02,-7.279782394065215101e-02,4.781067304981142380e-02,5.330000000000000536e-03
1.955000000000000071e+01,-1.501718091122913101e+00,-9.449797677055675749e-01,-2.815572910277763796e-01,-1.470762566784192593e+00,-9.388211852406224134e-01,-2.853985796506099959e-01,-1.479262189957219364e+00,-9.955619646030799963e-01,-1.389137044922952313e-01,3.638167647783230874e-01,6.447530246593586867e-01,4.698552897218834928e-02,-1.426435865354811483e-01,5.534280567645735727e-02,5.360000000000000181e-03
1.960000000000000142e+01,-1.485532021677752557e+00,-9.494004249518476213e-01,-2.516683777802515287e-01,-1.456542695521477082e+00,-9.522245015873936902e-01,-2.484102493469535489e-01,-1.457937254842823105e+00,-9.980267284282715590e-01,-9.145845919515682709e-02,3.704020480878729704e-01,6.580790863539407454e-01,4.590281628635258654e-02,-1.602099185850947016e-01,5.591054056665344801e-02,5.420000000000000338e-03
1.965000000000000213e+01,-1.468878766346504383e+00,-9.534085170316034530e-01,-2.207057927935638375e-01,-1.473695131810051739e+00,-9.340811173918529553e-01,-2.454461249524424460e-01,-1.457937254842823105e+00,-9.980267284282715590e-01,-9.145845919515682709e-02,3.785014595618229616e-01,6.206997821713465813e-01,4.343243428935622541e-02,-1.292473335984070104e-01,4.594019440776185570e-02,5.320000000000000943e-03
1.970000000000000284e+01,-1.451579193882694074e+00,-9.570297500600665197e-01,-1.919854431535505945e-01,-1.470346759917684709e+00,-9.505819142934128774e-01,-1.958128940634766835e-01,-1.457937254842823105e+00,-9.980267284282715590e-01,-9.145845919515682709e-02,3.832943825423689166e-01,5.847551407185431760e-01,4.140632329709922205e-02,-1.005269839583937674e-01,4.148707237798045233e-02,5.350000000000000588e-03
1.975000000000000000e+01,-1.433601914486316575e+00,-9.602687289064898435e-01,-1.645310913021642563e-01,-1.407129022932634310e+00,-9.522438982020787757e-01,-1.898948248938614469e-01,-1.414213562373095368e+00,-1.000000000000000000e+00,0.000000000000000000e+00,3.848701035757279287e-01,6.885555118481347936e-01,3.973127109351015651e-02,-1.645310913021642563e-01,4.420952499600334928e-02,5.340000000000000129e-03
1.980000000000000071e+01,-1.415807245336620834e+00,-9.629259795699496305e-01,-1.319351625560898356e-01,-1.423712650039750782e+00,-9.653648149896956188e-01,-1.432312665491934922e-01,-1.414213562373095368e+00,-1.000000000000000000e+00,0.000000000000000000e+00,3.925522705702529369e-01,6.262826376911635462e-01,3.707402043005036951e-02,-1.319351625560898356e-01,3.710825805984462739e-02,5.350000000000000588e-03
1.985000000000000142e+01,-1.397373392772905065e+00,-9.650837999999047900e-01,-1.011191981341048596e-01,-1.401743680552006932e+00,-9.805974357852413892e-01,-8.335379582513491314e-02,-1.391825593184629062e+00,-9.995065603657316000e-01,4.370663352722781170e-02,4.014044057720508318e-01,6.040466737809513376e-01,3.463228567122612900e-02,-1.448258316613326713e-01,3.486695443360105645e-02,5.360000000000000181e-03
1.990000000000000213e+01,-1.378034134624175788e+00,-9.667874058181300523e-01,-7.460828638869854146e-02,-1.424095453589479199e+00,-9.633694557067209452e-01,-8.788307235652093041e-02,-1.391825593184629062e+00,-9.995065603657316000e-01,4.370663352722781170e-02,4.078002681281418518e-01,5.675987097425732042e-01,3.208532198356829623e-02,-1.183149199159263532e-01,3.550700499245937336e-02,5.320000000000000943e-03
1.995000000000000284e+01,-1.358736782292241374e+00,-9.679543883784427205e-01,-4.619202596768134939e-02,-1.330462189282508811e+00,-9.442991721959396179e-01,-5.557574428484279849e-02,-1.322623730647304541e+00,-9.921147013144779869e-01,1.655368238699050920e-01,4.265108620373512238e-01,6.703783084975339923e-01,2.978081749778822146e-02,-2.117288498375864414e-01,4.344966306287113139e-02,5.420000000000000338e-03
2.000000000000000000e+01,-1.339143280382809387e+00,-9.685490337964425267e-01,-1.448757605703443474e-02,-1.335246939261395482e+00,-9.822001666458144431e-01,-1.785394491379310722e-02,-1.322623730647304541e+00,-9.921147013144779869e-01,1.655368238699050920e-01,4.240380009407218043e-01,6.485942675682466740e-01,2.596564755874435776e-02,-1.800243999269395268e-01,2.877909326289502384e-02,5.330000000000000536e-03
