time_s,x_m,y_m,yaw_rad,measured_x_m,measured_y_m,measured_yaw_rad,reference_x_m,reference_y_m,reference_yaw_rad,linear_mps,angular_radps,cross_track_error_m,heading_error_rad,position_error_m,compute_ms
0.000000000000000000e+00,0.000000000000000000e+00,0.000000000000000000e+00,7.855214548437161604e-01,0.000000000000000000e+00,0.000000000000000000e+00,7.855214548437161604e-01,0.000000000000000000e+00,0.000000000000000000e+00,7.855214548437161604e-01,7.500000000000001110e-02,-5.549940845602188699e-03,0.000000000000000000e+00,0.000000000000000000e+00,0.000000000000000000e+00,5.388000000000000567e-01
5.000000000000000278e-02,2.651691407383851770e-03,2.651609433865253270e-03,7.852439578014358545e-01,2.651691407383851770e-03,2.651609433865253270e-03,7.852439578014358545e-01,0.000000000000000000e+00,0.000000000000000000e+00,7.855214548437161604e-01,1.500000000000000222e-01,-5.319651489192591710e-03,-5.203069512323913598e-07,-2.774970422803058057e-04,3.749999987967541498e-03,3.022460000000000147e-01
1.000000000000000056e-01,7.956515123388385388e-03,7.953386966966081648e-03,7.849779752269760991e-01,7.956515123388385388e-03,7.953386966966081648e-03,7.849779752269760991e-01,0.000000000000000000e+00,0.000000000000000000e+00,7.855214548437161604e-01,2.250000000000000333e-01,-5.698635778413310010e-03,-3.598969326611654862e-06,-5.434796167400612887e-04,1.124999987355617716e-02,2.750650000000000039e-01
1.500000000000000222e-01,1.591594101106479087e-02,1.590386108378847099e-02,7.846930434380556818e-01,1.591594101106479087e-02,1.590386108378847099e-02,7.846930434380556818e-01,3.141463462364135067e-02,3.141075907812829193e-02,7.851513826996336931e-01,3.000000000000000444e-01,-4.493763871795598830e-03,-1.121185893739745643e-05,-4.583392615780113033e-04,2.192426484750131452e-02,2.870079999999999854e-01
2.000000000000000111e-01,2.653120967732048446e-02,2.650178872067925073e-02,7.844683552444657870e-01,2.653120967732048446e-02,2.650178872067925073e-02,7.844683552444657870e-01,3.141463462364135067e-02,3.141075907812829193e-02,7.851513826996336931e-01,3.750000000000000555e-01,-6.143274904978655165e-03,-1.977210883566957525e-05,-6.830274551679060835e-04,6.924292684214202083e-03,2.658480000000000287e-01
2.500000000000000000e-01,3.980381784688963309e-02,3.974566917970610846e-02,7.841611914992165921e-01,3.980381784688963309e-02,3.974566917970610846e-02,7.841611914992165921e-01,3.141463462364135067e-02,3.141075907812829193e-02,7.851513826996336931e-01,4.500000000000000666e-01,-8.117224386255823473e-03,-3.545853184617770576e-05,-9.901912004171009585e-04,1.182578206947068611e-02,2.572820000000000107e-01
3.000000000000000444e-01,5.573661252178808978e-02,5.563264645350796123e-02,7.837553302799036281e-01,5.573661252178808978e-02,5.563264645350796123e-02,7.837553302799036281e-01,6.282151815625658386e-02,6.279051952931337388e-02,7.845956463669550018e-01,5.250000000000001332e-01,-1.067869072607019465e-02,-5.967803685053615220e-05,-8.403160870513737279e-04,1.007129757373216757e-02,2.998420000000000529e-01
3.500000000000000333e-01,7.433358029645550924e-02,7.415871654993450024e-02,7.832213957436002794e-01,7.433358029645550924e-02,7.415871654993450024e-02,7.832213957436002794e-01,6.282151815625658386e-02,6.279051952931337388e-02,7.845956463669550018e-01,6.000000000000000888e-01,-1.312152880524681750e-02,-8.874421864014242489e-05,-1.374250623354722478e-03,1.617910622437038551e-02,2.679030000000000022e-01
4.000000000000000222e-01,9.559985170531441756e-02,9.531871815867822006e-02,7.825653193033379473e-01,9.559985170531441756e-02,9.531871815867822006e-02,7.825653193033379473e-01,9.421290141928533035e-02,9.410831331851432502e-02,7.836678937727570293e-01,6.750000000000000444e-01,-1.907865566390508361e-02,-1.216584706384920113e-04,-1.102574469419081993e-03,1.840845178989355263e-03,2.506889999999999952e-01
4.500000000000000111e-01,1.195435619440769204e-01,1.191044524047414899e-01,7.816113865201428368e-01,1.195435619440769204e-01,1.191044524047414899e-01,7.816113865201428368e-01,1.255810390586267478e-01,1.253332335643042583e-01,7.823658289118942122e-01,7.500000000000000000e-01,-2.589439624030664272e-02,-1.615728434083765763e-04,-7.544423917513753963e-04,8.674609192490289125e-03,2.497080000000000133e-01
5.000000000000000000e-01,1.461773811224609254e-01,1.455031167560225380e-01,7.803166667081273822e-01,1.461773811224609254e-01,1.455031167560225380e-01,7.803166667081273822e-01,1.569181914556898871e-01,1.564344650402308690e-01,7.806862214442258363e-01,8.000000000000000444e-01,-3.347845578013748657e-02,-2.069372116769822856e-04,-3.695547360984541285e-04,1.532512257455262428e-02,2.642650000000000277e-01
5.500000000000000444e-01,1.746285519734115665e-01,1.736194910530023394e-01,7.786427439191205835e-01,1.746285519734115665e-01,1.736194910530023394e-01,7.786427439191205835e-01,1.882166266370286500e-01,1.873813145857246287e-01,7.786248906646879853e-01,8.000000000000000444e-01,-4.156841228060141613e-02,-2.538455268481874111e-04,1.785325443259822009e-05,1.933968872577378206e-02,2.587950000000000528e-01
6.000000000000000888e-01,2.031324220622367505e-01,2.016824348398166267e-01,7.765643233050907313e-01,2.031324220622367505e-01,2.016824348398166267e-01,7.765643233050907313e-01,1.882166266370286500e-01,1.873813145857246287e-01,7.786248906646879853e-01,8.000000000000000444e-01,-4.158871352746138644e-02,-2.946997944957147064e-04,-2.060567359597254011e-03,2.066405075701904098e-02,2.558100000000000374e-01
6.500000000000000222e-01,2.316945713516711525e-01,2.296860605234246067e-01,7.744848876287178108e-01,2.316945713516711525e-01,2.296860605234246067e-01,7.744848876287178108e-01,2.194686221820905392e-01,2.181432413965425365e-01,7.761766847564688376e-01,8.000000000000000444e-01,-4.978693451927043712e-02,-3.280416248680022295e-04,-1.691797127751026864e-03,1.681399733832152771e-02,2.629230000000000178e-01
7.000000000000000666e-01,2.603206150628578630e-01,2.576243638935135083e-01,7.719955409027541293e-01,2.603206150628578630e-01,2.576243638935135083e-01,7.719955409027541293e-01,2.506664671286085166e-01,2.486898871648547948e-01,7.733354552277038607e-01,8.000000000000000444e-01,-5.812325229930303400e-02,-3.502972559298652561e-04,-1.339914324949731395e-03,1.315398976551658376e-02,2.506800000000000139e-01
7.500000000000000000e-01,2.890219225131531178e-01,2.854853370376763677e-01,7.690893782877887830e-01,2.890219225131531178e-01,2.854853370376763677e-01,7.690893782877887830e-01,2.818024638751653321e-01,2.789911060392292752e-01,7.700940264136821867e-01,8.000000000000000444e-01,-6.661703153603985850e-02,-3.643542479240362286e-04,-1.004648125893403687e-03,9.710593148042376971e-03,2.449689999999999923e-01
8.000000000000000444e-01,3.178099717266029689e-01,3.132566665558732533e-01,7.657585267109867644e-01,3.178099717266029689e-01,3.132566665558732533e-01,7.657585267109867644e-01,3.128689300804617379e-01,3.090169943749473958e-01,7.664441599109093062e-01,8.000000000000000444e-01,-7.528919615653681396e-02,-3.728168326265872412e-04,-6.856331999225417917e-04,6.510661467978400875e-03,2.403710000000000291e-01
8.500000000000000888e-01,3.466963589846555061e-01,3.409256878918542899e-01,7.619940669031599612e-01,3.466963589846555061e-01,3.409256878918542899e-01,7.619940669031599612e-01,3.438582005588191048e-01,3.387379202452914240e-01,7.623765137973599337e-01,8.000000000000000444e-01,-8.416229344435514903e-02,-3.779652239658899595e-04,-3.824468941999725757e-04,3.583499759382352545e-03,2.513920000000000043e-01
9.000000000000000222e-01,3.756928088347907257e-01,3.684793361982532378e-01,7.577859522309422502e-01,3.756928088347907257e-01,3.684793361982532378e-01,7.577859522309422502e-01,3.747626291714492575e-01,3.681245526846779748e-01,7.578805964862258548e-01,8.000000000000000444e-01,-9.326057352550327917e-02,-3.817130101078360050e-04,-9.464425528360465023e-05,9.955428406647581600e-04,2.430750000000000133e-01
9.500000000000000666e-01,4.048111843279566524e-01,3.959040934344248419e-01,7.531229235546668122e-01,4.048111843279566524e-01,3.959040934344248419e-01,7.531229235546668122e-01,4.055745907130249850e-01,3.971478906347806204e-01,7.529447150598791438e-01,8.000000000000000444e-01,-1.026100841353373844e-01,-3.855620648069433328e-04,1.782084947876683145e-04,1.459390552379989702e-03,2.435160000000000102e-01
1.000000000000000000e+00,4.340634972309793116e-01,4.231859313530279554e-01,7.479924193478999506e-01,4.340634972309793116e-01,4.231859313530279554e-01,7.479924193478999506e-01,4.362864827930850731e-01,4.257792915650726595e-01,7.475559179387234465e-01,8.000000000000000444e-01,-1.122387804729432920e-01,-3.905543991213442524e-04,4.365014091765040405e-04,3.415725691379098601e-03,2.545970000000000177e-01
1.050000000000000044e+00,4.634619179279195755e-01,4.503102499868461561e-01,7.423804803242526340e-01,4.634619179279195755e-01,4.503102499868461561e-01,7.423804803242526340e-01,4.668907277118107824e-01,4.539904997395467490e-01,7.416999317587289475e-01,8.000000000000000444e-01,-1.221766498177000587e-01,-3.972203546426509614e-04,6.805485655236864773e-04,5.030007433032364708e-03,2.430560000000000220e-01
1.100000000000000089e+00,4.930187846831163845e-01,4.772618112015606928e-01,7.362716478333677372e-01,4.930187846831163845e-01,4.772618112015606928e-01,7.362716478333677372e-01,4.973797743297095897e-01,4.817536741017153235e-01,7.353610923648465914e-01,8.000000000000000444e-01,-1.324558503882370397e-01,-4.055225170095950321e-04,9.105554685211458832e-04,6.260596058801326004e-03,2.405210000000000126e-01
1.150000000000000133e+00,5.227466118868950851e-01,5.040246668333269175e-01,7.296488553139557354e-01,5.227466118868950851e-01,5.040246668333269175e-01,7.296488553139557354e-01,5.277460999307458378e-01,5.090414157503713177e-01,7.285222698794653340e-01,8.000000000000000444e-01,-1.431108636448864824e-01,-4.147947052342382084e-04,1.126585434490401383e-03,7.082559593626642190e-03,2.434660000000000157e-01
1.200000000000000178e+00,5.526580968404490868e-01,5.305820808824870394e-01,7.224933121317116402e-01,5.526580968404490868e-01,5.305820808824870394e-01,7.224933121317116402e-01,5.579822120784585504e-01,5.358267949789966567e-01,7.211647878806650702e-01,8.000000000000000444e-01,-1.541786588477950526e-01,-4.236753701383289342e-04,1.328524251046570015e-03,7.473501791110460576e-03,2.568210000000000215e-01
1.250000000000000000e+00,5.827661245570998627e-01,5.569164451873794830e-01,7.147843791893220278e-01,5.827661245570998627e-01,5.569164451873794830e-01,7.147843791893220278e-01,5.880806504646078903e-01,5.620833778521305835e-01,7.132683368307422000e-01,8.000000000000000444e-01,-1.656988681496596727e-01,-4.300347168124103552e-04,1.516042358579827720e-03,7.412245191819138296e-03,2.354110000000000091e-01
1.300000000000000044e+00,6.130837699602007529e-01,5.830091879560971302e-01,7.064994357818390469e-01,6.130837699602007529e-01,5.830091879560971302e-01,7.064994357818390469e-01,6.180339887498947915e-01,5.877852522924731371e-01,7.048108820393794716e-01,7.991945868507225326e-01,-1.777139697857008649e-01,-4.308948552201301990e-04,1.688553742459575346e-03,6.878623162453565733e-03,2.361729999999999940e-01
1.350000000000000089e+00,6.435935495629880876e-01,6.088146682173523061e-01,6.976137372925541591e-01,6.435935495629880876e-01,6.088146682173523061e-01,6.976137372925541591e-01,6.478348363962987966e-01,6.129070536529764857e-01,6.957685666376671740e-01,7.869897845470569253e-01,-1.902630722621763415e-01,-4.225955051337260820e-04,1.845170654886985062e-03,5.893736722667859695e-03,2.735720000000000374e-01
1.400000000000000133e+00,6.738698839016203923e-01,6.339485935794821891e-01,6.881005836794455988e-01,6.738698839016203923e-01,6.339485935794821891e-01,6.881005836794455988e-01,6.774758404905828479e-01,6.374239897486897455e-01,6.861156102913255062e-01,7.746451928585136315e-01,-2.033044031190232026e-01,-4.044529633651502629e-04,1.984973388120092608e-03,5.008123546242075619e-03,2.438170000000000059e-01
1.450000000000000178e+00,7.039132644760315305e-01,6.583938447066782773e-01,6.779353635234945941e-01,7.039132644760315305e-01,6.583938447066782773e-01,6.779353635234945941e-01,7.069496875585143947e-01,6.613118653236519373e-01,6.758242047084683790e-01,7.621572243532369617e-01,-2.168891381433045440e-01,-3.772094827043733119e-04,2.111158815026215052e-03,4.211259842009048605e-03,2.384670000000000123e-01
1.500000000000000000e+00,7.337233194487481347e-01,6.821331681436078043e-01,6.670909066163295265e-01,7.337233194487481347e-01,6.821331681436078043e-01,6.670909066163295265e-01,7.362491053693559495e-01,6.845471059286887261e-01,6.648644074170233509e-01,7.495260357606604584e-01,-2.310694504081771128e-01,-3.414803610266266883e-04,2.226499199306175569e-03,3.493807399812138073e-03,2.352000000000000202e-01
1.550000000000000044e+00,7.632989205210951589e-01,7.051492797666403245e-01,6.555374340959208013e-01,7.632989205210951589e-01,7.051492797666403245e-01,6.555374340959208013e-01,7.653668647301795636e-01,7.071067811865474617e-01,6.532040358206789854e-01,7.367552959393357526e-01,-2.458986309614219212e-01,-2.977715459224975891e-04,2.333398275241815867e-03,2.847491011544054512e-03,2.572720000000000007e-01
1.600000000000000089e+00,7.926382778688725317e-01,7.274249600300574103e-01,6.432425025478498704e-01,7.926382778688725317e-01,7.274249600300574103e-01,6.432425025478498704e-01,7.942957812695612407e-01,7.289686274214115524e-01,6.408085642148111383e-01,7.238519886278976800e-01,-2.614311250331919356e-01,-2.464951511978428784e-04,2.433938333038732083e-03,2.265000339608084362e-03,2.338980000000000226e-01
1.650000000000000133e+00,8.217390246465315906e-01,7.489431416267297026e-01,6.301709462961904151e-01,8.217390246465315906e-01,7.489431416267297026e-01,6.301709462961904151e-01,8.230287172102175308e-01,7.501110696304594816e-01,6.276410272841830285e-01,7.108262473965323291e-01,-2.777224663857830178e-01,-1.879832869482617750e-04,2.529919012007386669e-03,1.739931817837423117e-03,2.368130000000000235e-01
1.700000000000000178e+00,8.505982924143208335e-01,7.696869901429996830e-01,6.162848229769011255e-01,8.505982924143208335e-01,7.696869901429996830e-01,6.162848229769011255e-01,8.515585831301453190e-01,7.705132427757892533e-01,6.136619346445102430e-01,6.976912203941093571e-01,-2.948290876433495300e-01,-1.225005618121759871e-04,2.622888332390882482e-03,1.266827404223005863e-03,2.492769999999999986e-01
1.750000000000000000e+00,8.792127787099408565e-01,7.896399782413102697e-01,6.015433685947337850e-01,8.792127787099408565e-01,7.896399782413102697e-01,6.015433685947337850e-01,8.798783397118303817e-01,7.901550123756904132e-01,5.988292022658208147e-01,6.844629626046949689e-01,-3.128079788936547478e-01,-5.025558186964304347e-05,2.714166328912970272e-03,8.415649748016444014e-04,2.374250000000000249e-01
1.800000000000000044e+00,9.075788078724179586e-01,8.087859538521454672e-01,5.859029696500508422e-01,9.075788078724179586e-01,8.087859538521454672e-01,5.859029696500508422e-01,9.079809994790934979e-01,8.090169943749474513e-01,5.830981081633392904e-01,6.711603533659642462e-01,-3.317161605472709884e-01,2.858825648100008507e-05,2.804861486711551777e-03,4.638295071002553624e-04,2.350900000000000212e-01
1.850000000000000089e+00,9.356923861283423793e-01,8.271092027989919160e-01,5.693171616226875287e-01,9.356923861283423793e-01,8.271092027989919160e-01,5.693171616226875287e-01,9.358596285211467913e-01,8.270805742745618305e-01,5.664212815967921699e-01,6.578050368375358836e-01,-3.516099294428675082e-01,1.139024045068382169e-04,2.895880025895358756e-03,1.696750139590070638e-04,2.353210000000000024e-01
1.900000000000000133e+00,9.635492518662306383e-01,8.445945062155555405e-01,5.517366651505444253e-01,9.635492518662306383e-01,8.445945062155555405e-01,5.517366651505444253e-01,9.635073482034306469e-01,8.443279255020150753e-01,5.487487372104546957e-01,6.444213829079258327e-01,-3.725438297013387023e-01,2.055829740481805712e-04,2.987927940089729617e-03,2.698540231084186431e-04,2.617399999999999727e-01
1.950000000000000178e+00,9.911449219495568341e-01,8.612271930419937993e-01,5.331094736654775623e-01,9.911449219495568341e-01,8.612271930419937993e-01,5.331094736654775623e-01,9.909173368648149793e-01,8.607420270039435328e-01,5.300279680891506473e-01,6.310364656535578654e-01,-3.945692922349917087e-01,3.035404880499235382e-04,3.081505576326915019e-03,5.358927647154324144e-04,2.408520000000000105e-01
2.000000000000000000e+00,1.018474734847739427e+00,8.769931878046539619e-01,5.133810090537278548e-01,1.018474734847739427e+00,8.769931878046539619e-01,5.133810090537278548e-01,1.018082831500742635e+00,8.763066800438636950e-01,5.102041145915556797e-01,6.176800558612773884e-01,-4.177328797772291158e-01,4.076893521440025760e-04,3.176894462172175082e-03,7.904942371785855662e-04,2.390980000000000050e-01
2.050000000000000266e+00,1.045533891289867512e+00,8.918790537897220982e-01,4.924943650648665461e-01,1.045533891289867512e+00,8.918790537897220982e-01,4.924943650648665461e-01,1.044997129431897598e+00,8.910065241883677878e-01,4.892202290015981170e-01,6.043846232326872681e-01,-4.420740688579322120e-01,5.179368567870318209e-04,3.274136063268429098e-03,1.024412610919460571e-03,2.558200000000000474e-01
2.100000000000000089e+00,1.072317493058290605e+00,9.058720316135681072e-01,4.703906616219697412e-01,1.072317493058290605e+00,9.058720316135681072e-01,4.703906616219697412e-01,1.071653589957993313e+00,9.048270524660195768e-01,4.670176594031887340e-01,5.911853426275779366e-01,-4.676224978702584467e-01,6.341715546977898677e-04,3.373002218781007144e-03,1.238042303556550084e-03,2.427550000000000263e-01
2.149999999999999911e+00,1.098820580424741733e+00,9.189600730707228049e-01,4.470095367284567800e-01,1.098820580424741733e+00,9.189600730707228049e-01,4.470095367284567800e-01,1.098045635996263591e+00,9.177546256839811400e-01,4.435365795339238915e-01,5.781200969896639341e-01,-4.943946134976057172e-01,7.562509071289109193e-04,3.472957194532888536e-03,1.433053477519810473e-03,2.531550000000000189e-01
2.200000000000000178e+00,1.125038168572261466e+00,9.311318700061399500e-01,4.222898060535764664e-01,1.125038168572261466e+00,9.311318700061399500e-01,4.222898060535764664e-01,1.124166755704261167e+00,9.297764858882513472e-01,4.187166943902145277e-01,5.652294673441912165e-01,-5.223896593097206997e-01,8.839881595722937947e-04,3.573111663361938639e-03,1.611343071335577526e-03,2.370640000000000247e-01
2.250000000000000000e+00,1.150965283118518867e+00,9.423768778179171246e-01,3.961703230880901927e-01,1.150965283118518867e+00,9.423768778179171246e-01,3.961703230880901927e-01,1.150010504086557139e+00,9.408807689542255659e-01,3.924981535591443027e-01,5.525566973996055564e-01,-5.515849742032221670e-01,1.017138497426166993e-03,3.672169528945889994e-03,1.774808364835544919e-03,2.478940000000000310e-01
2.300000000000000266e+00,1.176596994532248752e+00,9.526853330638120898e-01,3.685910743779290399e-01,1.176596994532248752e+00,9.526853330638120898e-01,3.685910743779290399e-01,1.175570504584946274e+00,9.510565162951535312e-01,3.648227049614560791e-01,5.401476168183532156e-01,-5.819306092722602575e-01,1.155384648429685782e-03,3.768369416472960864e-03,1.925285869105248593e-03,2.379459999999999908e-01
2.350000000000000089e+00,1.201928450784314206e+00,9.620482645451469139e-01,3.394945439143159938e-01,1.201928450784314206e+00,9.620482645451469139e-01,3.394945439143159938e-01,1.200840450651768254e+00,9.602936856769431762e-01,3.356351199971938648e-01,5.280505032636624296e-01,-6.133433348696745169e-01,1.298322242344151015e-03,3.859423917122128955e-03,2.064531737021041511e-03,2.354710000000000136e-01
2.400000000000000355e+00,1.226954906972367088e+00,9.704574972169234259e-01,3.088273771708323068e-01,1.226954906972367088e+00,9.704574972169234259e-01,3.088273771708323068e-01,1.225814107305952971e+00,9.685831611286310761e-01,3.048849158476660826e-01,5.163158592233419997e-01,-6.457002000735223568e-01,1.445445406005811933e-03,3.942461323166224219e-03,2.194210484608444776e-03,2.257030000000000147e-01
2.450000000000000178e+00,1.251671749893563002e+00,9.779056483857953008e-01,2.765423671671563000e-01,1.251671749893563002e+00,9.779056483857953008e-01,2.765423671671563000e-01,1.250485312671410165e+00,9.759167619387473236e-01,2.725283905658684169e-01,5.049960760607401511e-01,-6.788319279825598684e-01,1.596133253193855002e-03,4.013976601287883028e-03,2.315880519664359916e-03,2.291400000000000103e-01
2.500000000000000000e+00,1.276074514640439084e+00,9.843861159926627913e-01,2.426007707680284398e-01,1.276074514640439084e+00,9.843861159926627913e-01,2.426007707680284398e-01,1.274847979497379491e+00,9.822872507286887211e-01,2.385309701662947646e-01,4.941449559606415076e-01,-7.125165820615456669e-01,1.749638104452502394e-03,4.069800601733675194e-03,2.430971791995365644e-03,2.269050000000000233e-01
2.550000000000000266e+00,1.300158889354567693e+00,9.898930594343116063e-01,2.069749416649511176e-01,1.300158889354567693e+00,9.898930594343116063e-01,2.069749416649511176e-01,1.298896096660367316e+00,9.876883405951377704e-01,2.028698429353794630e-01,4.838170642525851939e-01,-7.464741144419836383e-01,1.905076412400841029e-03,4.105098729571654559e-03,2.540753933054886154e-03,2.241400000000000059e-01
2.600000000000000089e+00,1.323920703486888728e+00,9.944213744532124366e-01,1.696512359428519190e-01,1.323920703486888728e+00,9.944213744532124366e-01,1.696512359428519190e-01,1.322623730647303875e+00,9.921147013144778759e-01,1.655368238699046479e-01,4.740668923778657007e-01,-7.803625899197753624e-01,2.061423434852978874e-03,4.114412072947271071e-03,2.646295432407414893e-03,2.301020000000000010e-01
2.650000000000000355e+00,1.347355894610678284e+00,9.979666651610166195e-01,1.306331064468633230e-01,1.347355894610678284e+00,9.979666651610166195e-01,1.306331064468633230e-01,1.346025027019546627e+00,9.955619646030799963e-01,1.265413517787048470e-01,4.649478279888164534e-01,-8.137770393740245689e-01,2.217512650231707062e-03,4.091754668158475994e-03,2.748416511096032303e-03,2.244110000000000271e-01
2.700000000000000178e+00,1.370460449471821773e+00,1.000525218183785370e+00,8.994425447816212227e-02,1.370460449471821773e+00,1.000525218183785370e+00,8.994425447816212227e-02,1.369094211857377452e+00,9.980267284282715590e-01,8.591347505124025119e-02,4.565109548569345477e-01,-8.462519887751563941e-01,2.372040715693294298e-03,4.030779426921871078e-03,2.847640475469115709e-03,2.217850000000000099e-01
2.750000000000000000e+00,1.393230317060084822e+00,1.002093985942260179e+00,4.763165503940447465e-02,1.393230317060084822e+00,1.002093985942260179e+00,4.763165503940447465e-02,1.391825593184628840e+00,9.995065603657316000e-01,4.370663352722470307e-02,4.488037403303061224e-01,-8.772686782304324193e-01,2.523578423003106780e-03,3.925021512179771577e-03,2.944150179652920557e-03,2.198420000000000096e-01
2.800000000000000266e+00,1.415661295442166123e+00,1.002670587649367562e+00,3.768221127882664945e-03,1.415661295442166123e+00,1.002670587649367562e+00,3.768221127882664945e-03,1.414213562373094923e+00,1.000000000000000000e+00,0.000000000000000000e+00,4.418687064416292332e-01,-9.062677706254694820e-01,2.670587649367561767e-03,3.768221127882664945e-03,3.037757303050537226e-03,2.317650000000000265e-01
2.850000000000000089e+00,1.437748899892468790e+00,1.002253336903386360e+00,-4.154516740339087022e-02,1.437748899892468790e+00,1.002253336903386360e+00,-4.154516740339087022e-02,1.436252595526377851e+00,9.995065603657316000e-01,-4.509988523380359382e-02,4.357422114833746640e-01,-9.326679077331311296e-01,2.811443820586798873e-03,3.554717830412723600e-03,3.127891958459160394e-03,2.258640000000000092e-01
2.900000000000000355e+00,1.459488226718522963e+00,1.000841302892570006e+00,-8.817856279004754327e-02,1.459488226718522963e+00,1.000841302892570006e+00,-8.817856279004754327e-02,1.457937254842823105e+00,9.980267284282715590e-01,-9.145845919515815936e-02,4.304534775083045939e-01,-9.558897988429639891e-01,2.944463029688474797e-03,3.279896405110616087e-03,3.213618392761160951e-03,2.229980000000000295e-01
2.950000000000000178e+00,1.480873833405246476e+00,9.984344076398213863e-01,-1.359730527321958427e-01,1.480873833405246476e+00,9.984344076398213863e-01,-1.359730527321958427e-01,1.479262189957219364e+00,9.955619646030799963e-01,-1.389137044922978959e-01,4.260239736219283424e-01,-9.753846807785739870e-01,3.067932806444160360e-03,2.940651760102053203e-03,3.293679341237215012e-03,2.379060000000000341e-01
3.000000000000000000e+00,1.501899658916763691e+00,9.950335546560316047e-01,-1.847422867711245864e-01,1.501899658916763691e+00,9.950335546560316047e-01,-1.847422867711245864e-01,1.500222139260918963e+00,9.921147013144778759e-01,-1.872781162552294987e-01,4.224672034492141792e-01,-9.906650981349975904e-01,3.180145661589910133e-03,2.535829484104912268e-03,3.366567543544133744e-03,2.608690000000000175e-01
3.050000000000000266e+00,1.522559005954866151e+00,9.906407762387826610e-01,-2.342755416778743438e-01,1.522559005954866151e+00,9.906407762387826610e-01,-2.342755416778743438e-01,1.520811931200061640e+00,9.876883405951377704e-01,-2.363421338615432354e-01,4.197888624604238506e-01,-1.001335204965164705e+00,3.279434858672340605e-03,2.066592183668891636e-03,3.430618957089240188e-03,2.354310000000000014e-01
3.100000000000000089e+00,1.542844598750007235e+00,9.852593798268898251e-01,-2.843423019261326345e-01,1.542844598750007235e+00,9.852593798268898251e-01,-2.843423019261326345e-01,1.541026485551578507e+00,9.822872507286887211e-01,-2.858789635025540399e-01,4.179872554014905095e-01,-1.007117384109473601e+00,3.364212194459680234e-03,1.536661576421405329e-03,3.484119254370384930e-03,2.199530000000000374e-01
3.150000000000000355e+00,1.562748716841600327e+00,9.788940708372509958e-01,-3.346981711316061592e-01,1.562748716841600327e+00,9.788940708372509958e-01,-3.346981711316061592e-01,1.560860814676659380e+00,9.759167619387474346e-01,-3.356505649802192792e-01,4.170538255695991348e-01,-1.007872071656485291e+00,3.433007643653106147e-03,9.523938486131200420e-04,3.525413856768762517e-03,2.216860000000000219e-01
3.200000000000000178e+00,1.582263390719631735e+00,9.715510317984867861e-01,-3.850917747144304570e-01,1.582263390719631735e+00,9.715510317984867861e-01,-3.850917747144304570e-01,1.580310024751380826e+00,9.685831611286310761e-01,-3.854144357899738083e-01,4.169736608210587447e-01,-1.003608313130980978e+00,3.484510372913246848e-03,3.226610755433512168e-04,3.553012091016661579e-03,2.365230000000000110e-01
3.250000000000000000e+00,1.601380633462335723e+00,9.632379450260837306e-01,-4.352721903709797502e-01,1.601380633462335723e+00,9.632379450260837306e-01,-4.352721903709797502e-01,1.599369316974181165e+00,9.602936856769430651e-01,-4.349307235386512538e-01,4.177258971506143670e-01,-9.944836849926124156e-01,3.517609874334175039e-03,-3.414668323284963947e-04,3.565677653760165097e-03,2.390080000000000260e-01
3.300000000000000266e+00,1.620092676974511425e+00,9.539639564009765316e-01,-4.849963746206102932e-01,1.620092676974511425e+00,9.539639564009765316e-01,-4.849963746206102932e-01,1.618033988749894903e+00,9.510565162951536422e-01,-4.839691544534954204e-01,4.192840125006305763e-01,-9.807935892640866626e-01,3.531435046190256350e-03,-1.027220167114872851e-03,3.562499849139946946e-03,2.377760000000000151e-01
3.350000000000000089e+00,1.638392183159189663e+00,9.437395879774003182e-01,-5.340360540838147152e-01,1.638392183159189663e+00,9.437395879774003182e-01,-5.340360540838147152e-01,1.636299434850047030e+00,9.408807689542254549e-01,-5.323152901395142855e-01,4.216160615122181432e-01,-9.629512985570688466e-01,3.525388317003083465e-03,-1.720763944300429671e-03,3.542942518964403448e-03,2.449090000000000156e-01
3.400000000000000355e+00,1.656272407934384461e+00,9.325766145090240711e-01,-5.821836190116682630e-01,1.656272407934384461e+00,9.325766145090240711e-01,-5.821836190116682630e-01,1.654161148549123661e+00,9.297764858882513472e-01,-5.797757117532911231e-01,4.246849282618711530e-01,-9.414612232577049822e-01,3.499171686132257052e-03,-2.407907258377139925e-03,3.506869898459645789e-03,2.381060000000000398e-01
3.450000000000000178e+00,1.673727306526647807e+00,9.204879221961261848e-01,-6.292566801745533844e-01,1.673727306526647807e+00,9.204879221961261848e-01,-6.292566801745533844e-01,1.671614722736540548e+00,9.177546256839811400e-01,-6.261818627476221089e-01,4.284486674217347635e-01,-9.168884972385417109e-01,3.452801981601181548e-03,-3.074817426931275577e-03,3.454550635542663010e-03,2.382070000000000298e-01
3.500000000000000000e+00,1.690751578873635808e+00,9.074873671439223077e-01,-6.751011050364805754e-01,1.690751578873635808e+00,9.074873671439223077e-01,-6.751011050364805754e-01,1.688655851004030151e+00,9.048270524660194658e-01,-6.713924332034157949e-01,4.328609758268134322e-01,-8.898280614778335540e-01,3.386613632121568320e-03,-3.708671833064780543e-03,3.386642805036746938e-03,2.406910000000000160e-01
3.550000000000000266e+00,1.707340662059022129e+00,8.935896473417914709e-01,-7.195925081103720089e-01,1.707340662059022129e+00,8.935896473417914709e-01,-7.195925081103720089e-01,1.705280328708184356e+00,8.910065241883678988e-01,-7.152943146460333246e-01,4.378718010853478448e-01,-8.608760243468633888e-01,3.301248564799299026e-03,-4.298193464338684322e-03,3.304163849195034322e-03,2.549980000000000580e-01
3.600000000000000089e+00,1.723490681536572922e+00,8.788101969557604587e-01,-7.626363093277150895e-01,1.723490681536572922e+00,8.788101969557604587e-01,-7.626363093277150895e-01,1.721484054007887066e+00,8.763066800438636950e-01,-7.578022734857023934e-01,4.434280636396982223e-01,-8.306053468218590474e-01,3.197634163653821811e-03,-4.834035842012696094e-03,3.208449932137482155e-03,2.614600000000000257e-01
3.650000000000000355e+00,1.739198374592623386e+00,8.631651067248673481e-01,-8.041665766688081973e-01,1.739198374592623386e+00,8.631651067248673481e-01,-8.041665766688081973e-01,1.737263028876382398e+00,8.607420270039436438e-01,-7.988575718927242164e-01,4.494744497826655416e-01,-7.995470333576805144e-01,3.076951295857948462e-03,-5.309004776083980914e-03,3.101109216929329431e-03,2.419030000000000069e-01
3.700000000000000178e+00,1.754460998795766669e+00,8.466710701556506846e-01,-8.441439283366922730e-01,1.754460998795766669e+00,8.466710701556506846e-01,-8.441439283366922730e-01,1.752613360087727390e+00,8.443279255020149643e-01,-8.384258043476089384e-01,4.559542264334550676e-01,-7.681771806544488435e-01,2.940595082465407607e-03,-5.718123989083334635e-03,2.983973133811146632e-03,2.667100000000000026e-01
3.750000000000000000e+00,1.769276236037778283e+00,8.293453524064704485e-01,-8.825527873694145597e-01,1.769276236037778283e+00,8.293453524064704485e-01,-8.825527873694145597e-01,1.767531260177386931e+00,8.270805742745617195e-01,-8.764942210668400513e-01,4.628100315278986798e-01,-7.369095693952036896e-01,2.790131328934277333e-03,-6.058566302574508455e-03,2.859048922302752285e-03,2.380460000000000076e-01
3.800000000000000266e+00,1.783642100033312472e+00,8.112057772424008384e-01,-9.193982658391748330e-01,1.783642100033312472e+00,8.112057772424008384e-01,-9.193982658391748330e-01,1.782013048376735576e+00,8.090169943749474513e-01,-9.130687851951857503e-01,4.699846029798247504e-01,-7.060930349971927811e-01,2.627251400867363328e-03,-6.329480643989082722e-03,2.728475717438841579e-03,2.300909999999999900e-01
3.850000000000000089e+00,1.797556852435199914e+00,7.922707269885580494e-01,-9.547029175890342501e-01,1.797556852435199914e+00,7.922707269885580494e-01,-9.547029175890342501e-01,1.796055151521231297e+00,7.901550123756903021e-01,-9.481711696544556922e-01,4.774214208126250081e-01,-6.760126224835005804e-01,2.453727943638078432e-03,-6.531747934578557846e-03,2.594485297340554195e-03,2.268750000000000211e-01
3.900000000000000355e+00,1.811018930398655247e+00,7.725591506932780739e-01,-9.885035487132092236e-01,1.811018930398655247e+00,7.725591506932780739e-01,-9.885035487132092236e-01,1.809654104932039154e+00,7.705132427757892533e-01,-9.818358515025886746e-01,4.850652486165218935e-01,-6.468934804701785835e-01,2.271373321239007325e-03,-6.667697210620548987e-03,2.459367349780686683e-03,2.465930000000000344e-01
3.950000000000000178e+00,1.824026886641716860e+00,7.520905764209415700e-01,-1.020848222736717936e+00,1.824026886641716860e+00,7.520905764209415700e-01,-1.020848222736717936e+00,1.822806553270890584e+00,7.501110696304593706e-01,-1.014107414023698084e+00,4.928625703716101314e-01,-6.189065262762789565e-01,2.082002092248349916e-03,-6.740808713019852405e-03,2.325437737183552560e-03,2.268350000000000088e-01
4.000000000000000000e+00,1.836579341807493604e+00,7.308851244774816625e-01,-1.051793549050532128e+00,1.836579341807493604e+00,7.308851244774816625e-01,-1.051793549050532128e+00,1.835509251367962280e+00,7.289686274214114414e-01,-1.045038124374674471e+00,5.007619261891763651e-01,-5.921750644858697621e-01,1.887398321769509025e-03,-6.755424675857657490e-03,2.195006723156484128e-03,2.242410000000000236e-01
4.049999999999999822e+00,1.848674948163068876e+00,7.089635192570740152e-01,-1.081402302274825367e+00,1.848674948163068876e+00,7.089635192570740152e-01,-1.081402302274825367e+00,1.847759065022573477e+00,7.071067811865475727e-01,-1.074685819931865183e+00,5.087141555887767508e-01,-5.667817206061926960e-01,1.689288089354227303e-03,-6.716482342960183871e-03,2.070342529531278390e-03,2.226780000000000148e-01
4.100000000000000533e+00,1.860312363265163471e+00,6.863470981847723529e-01,-1.109741388305135246e+00,1.860312363265163471e+00,6.863470981847723529e-01,-1.109741388305135246e+00,1.859552971776502694e+00,6.845471059286888371e-01,-1.103112110178118499e+00,5.166725598342417625e-01,-5.427752285442039026e-01,1.489317210768942648e-03,-6.629278127016746680e-03,1.953624210284837445e-03,2.358820000000000083e-01
4.150000000000000355e+00,1.871490232077578142e+00,6.630578168707947917e-01,-1.136880149732345302e+00,1.871490232077578142e+00,6.630578168707947917e-01,-1.136880149732345302e+00,1.870888061659734758e+00,6.613118653236518263e-01,-1.130380882521655472e+00,5.245929960501868328e-01,-5.201767669008501294e-01,1.289033944979845001e-03,-6.499267210689829710e-03,1.846877369263208576e-03,2.236090000000000300e-01
4.200000000000000178e+00,1.882207176048577901e+00,6.391182500789793774e-01,-1.162888988077387831e+00,1.882207176048577901e+00,6.391182500789793774e-01,-1.162888988077387831e+00,1.881761537908451132e+00,6.374239897486895234e-01,-1.156557088678024758e+00,5.324339158091512259e-01,-4.989856661342396138e-01,1.089876295699058377e-03,-6.331899399363294378e-03,1.751887958383620877e-03,2.232380000000000198e-01
4.250000000000000000e+00,1.892461787776825277e+00,6.145515884576799870e-01,-1.187838271384099809e+00,1.892461787776825277e+00,6.145515884576799870e-01,-1.187838271384099809e+00,1.892170717655090595e+00,6.129070536529763746e-01,-1.181705781771627883e+00,5.401563600465197901e-01,-4.791844050024210433e-01,8.931634235048175729e-04,-6.132489612471925255e-03,1.670094769660749202e-03,2.240900000000000114e-01
4.299999999999999822e+00,1.902252630061801231e+00,5.893816312094146692e-01,-1.211797491634220902e+00,1.902252630061801231e+00,5.893816312094146692e-01,-1.211797491634220902e+00,1.902113032590307062e+00,5.877852522924732481e-01,-1.205891371747593865e+00,5.477239208708729601e-01,-4.607428830473239145e-01,7.000906435898831019e-04,-5.906119886627259064e-03,1.602470935930705052e-03,2.297109999999999985e-01
4.350000000000000533e+00,1.911578238315658984e+00,5.636327750119644042e-01,-1.234834635786587143e+00,1.911578238315658984e+00,5.636327750119644042e-01,-1.234834635786587143e+00,1.911586029596660241e+00,5.620833778521308055e-01,-1.229177066822546571e+00,5.551026793480028365e-01,-4.436220008804927506e-01,5.117274807046487363e-04,-5.657568964040571302e-03,1.549416749283440056e-03,2.248310000000000031e-01
4.400000000000000355e+00,1.920437125488228869e+00,5.373299995727245371e-01,-1.257015735830611769e+00,1.920437125488228869e+00,5.373299995727245371e-01,-1.257015735830611769e+00,1.920587371353886352e+00,5.358267949789962126e-01,-1.251624470568528880e+00,5.622611268221657799e-01,-4.277766068504847419e-01,3.290182745016342458e-04,-5.391265262082889365e-03,1.510694499478006190e-03,2.398390000000000244e-01
4.450000000000000178e+00,1.928827788814860833e+00,5.104988502206064815e-01,-1.278404566173136025e+00,1.928827788814860833e+00,5.104988502206064815e-01,-1.278404566173136025e+00,1.929114836915596154e+00,5.090414157503710957e-01,-1.273293307075958225e+00,5.691700759096394169e-01,-4.131578821399131685e-01,1.527848656304766337e-04,-5.111259097177800470e-03,1.485433218682703001e-03,2.504900000000000460e-01
4.500000000000000000e+00,1.936748717833567834e+00,4.831654179319871401e-01,-1.299062460280131726e+00,1.936748717833567834e+00,4.831654179319871401e-01,-1.299062460280131726e+00,1.937166322257262152e+00,4.817536741017152124e-01,-1.294241249945474737e+00,5.758025660179558747e-01,-3.997152405594932012e-01,-1.626906158833264912e-05,-4.821210334656989005e-03,1.472214011956113735e-03,2.260430000000000217e-01
4.549999999999999822e+00,1.944198403232910266e+00,4.553563171612881599e-01,-1.319048222308106366e+00,1.944198403232910266e+00,4.553563171612881599e-01,-1.319048222308106366e+00,1.944739840795353114e+00,4.539904997395468600e-01,-1.314523834253633616e+00,5.821337671365405253e-01,-3.873978175230806120e-01,-1.775523552857630866e-04,-4.524388054472971987e-03,1.469221516162931996e-03,2.245310000000000084e-01
4.600000000000000533e+00,1.951175346186714066e+00,4.270986618114353539e-01,-1.338418113184260294e+00,1.951175346186714066e+00,4.270986618114353539e-01,-1.338418113184260294e+00,1.951833523877494647e+00,4.257792915650728816e-01,-1.334194433894803744e+00,5.881408847149032226e-01,-3.761556173212668441e-01,-3.305798176028907254e-04,-4.223679289456327979e-03,1.474427251385374265e-03,2.219060000000000199e-01
4.650000000000000355e+00,1.957678067908485531e+00,3.984200396405396805e-01,-1.357225894050323678e+00,1.957678067908485531e+00,3.984200396405396805e-01,-1.357225894050323678e+00,1.958445621243531498e+00,3.971478906347806204e-01,-1.353304289689402307e+00,5.938030676831744792e-01,-3.659403805887933014e-01,-4.749649517859439243e-04,-3.921604360921371324e-03,1.485766204688325877e-03,2.353110000000000201e-01
4.700000000000000178e+00,1.963705119220005457e+00,3.693484853624317554e-01,-1.375522913079763265e+00,1.963705119220005457e+00,3.693484853624317554e-01,-1.375522913079763265e+00,1.964574501457377442e+00,3.681245526846777527e-01,-1.371902576303441368e+00,5.991013210600117933e-01,-3.567062259486020181e-01,-6.104122718290893581e-04,-3.620336776322119476e-03,1.501278346720554598e-03,2.259030000000000205e-01
4.750000000000000000e+00,1.969255089977738571e+00,3.399124526623716891e-01,-1.393358224377193366e+00,1.969255089977738571e+00,3.399124526623716891e-01,-1.393358224377193366e+00,1.970218652309547958e+00,3.387379202452913129e-01,-1.390036498327183789e+00,6.040184241144166410e-01,-3.484101119630486076e-01,-7.367093726274323790e-04,-3.321726050009576880e-03,1.519203332689410962e-03,2.250020000000000353e-01
4.800000000000000711e+00,1.974326618239714559e+00,3.101407853165280004e-01,-1.410778729975345813e+00,1.974326618239714559e+00,3.101407853165280004e-01,-1.410778729975345813e+00,1.975376681190275541e+00,3.090169943749475068e-01,-1.407751407822099621e+00,6.085388546801545617e-01,-3.410121581738710939e-01,-8.537189238344759876e-04,-3.027322153246192471e-03,1.538030650058446218e-03,2.330770000000000064e-01
4.850000000000000533e+00,1.978918399086491364e+00,2.800626875751161537e-01,-1.427829337884039429e+00,1.978918399086491364e+00,2.800626875751161537e-01,-1.427829337884039429e+00,1.980047315433115074e+00,2.789911060392295528e-01,-1.425090937290525384e+00,6.126487199452645971e-01,-3.344758573861530415e-01,-9.613707200378585668e-04,-2.738400593513823367e-03,1.556515051558227157e-03,2.383060000000000178e-01
4.900000000000000355e+00,1.983029193034325788e+00,2.497076939444496102e-01,-1.444553130753347014e+00,1.983029193034325788e+00,2.497076939444496102e-01,-1.444553130753347014e+00,1.984229402628955752e+00,2.486898871648543785e-01,-1.442097143385252966e+00,6.163356938372862581e-01,-3.287682055526638392e-01,-1.059653893299072110e-03,-2.455987368094270096e-03,1.573668869753684510e-03,2.258330000000000060e-01
4.950000000000000178e+00,1.986657833998148659e+00,2.191056384823251157e-01,-1.460991541030980168e+00,1.986657833998148659e+00,2.191056384823251157e-01,-1.460991541030980168e+00,1.987921910910359413e+00,2.181432413965423145e-01,-1.458810657793825349e+00,6.195889609821486621e-01,-3.238597706341818649e-01,-1.148609371198043962e-03,-2.180883237154596088e-03,1.588741196893787150e-03,2.255730000000000235e-01
5.000000000000000000e+00,1.989803236777376805e+00,1.882866237037884860e-01,-1.477184529562689308e+00,1.989803236777376805e+00,1.882866237037884860e-01,-1.477184529562689308e+00,1.991123929206159993e+00,1.873813145857245732e-01,-1.475270842638946034e+00,6.223991671190096664e-01,-3.197247176042001260e-01,-1.228322644011090557e-03,-1.913686923743274093e-03,1.601191147457072016e-03,2.240200000000000247e-01
5.050000000000000711e+00,1.992464404049889337e+00,1.572809891799581694e-01,-1.493170765442899395e+00,1.992464404049889337e+00,1.572809891799581694e-01,-1.493170765442899395e+00,1.993834667466255928e+00,1.564344650402309800e-01,-1.491515948466642039e+00,6.247583757939975113e-01,-3.163408032515591106e-01,-1.298916888118756925e-03,-1.654816976257578176e-03,1.610659786973493279e-03,2.522129999999999650e-01
5.100000000000000533e+00,1.994640432869255298e+00,1.261192799008092336e-01,-1.508987805605477295e+00,1.994640432869255298e+00,1.261192799008092336e-01,-1.508987805605477295e+00,1.996053456856543118e+00,1.253332335643040918e-01,-1.507583273474969898e+00,6.266600311249787003e-01,-3.136893515203437177e-01,-1.360546478920495080e-03,-1.404532130507618604e-03,1.616943298877213152e-03,2.236790000000000167e-01
5.150000000000000355e+00,1.996330520668052610e+00,9.483221446320948267e-02,-1.524672273181494564e+00,1.996330520668052610e+00,9.483221446320948267e-02,-1.524672273181494564e+00,1.997779749923940029e+00,9.410831331851435277e-02,-1.523509323095280088e+00,6.280989264196853439e-01,-3.117552177321601947e-01,-1.413390915088622978e-03,-1.162950086214475931e-03,1.619968611859785553e-03,2.227370000000000183e-01
5.200000000000000178e+00,1.997533970776247836e+00,6.345065313770550941e-02,-1.540260034068102524e+00,1.997533970776247836e+00,6.345065313770550941e-02,-1.540260034068102524e+00,1.999013120731463200e+00,6.279051952931313796e-02,-1.539329969395177633e+00,6.290711784363633985e-01,-3.105267480549155912e-01,-1.457649166655656170e-03,-9.300646729251127454e-04,1.619771888551825318e-03,2.300110000000000210e-01
5.250000000000000000e+00,1.998250197468410816e+00,3.200556586121977576e-02,-1.555786371470848195e+00,1.998250197468410816e+00,3.200556586121977576e-02,-1.555786371470848195e+00,1.999753264963321175e+00,3.141075907812823642e-02,-1.555080610045283418e+00,6.295742070948828761e-01,-3.099957389525810347e-01,-1.493534451969769040e-03,-7.057614255647770563e-04,1.616479818453607931e-03,2.418330000000000202e-01
5.300000000000000711e+00,1.998478730557248673e+00,5.280001976973661137e-04,-1.571286158418477186e+00,1.998478730557248673e+00,5.280001976973661137e-04,-1.571286158418477186e+00,2.000000000000000000e+00,1.224646799147353207e-16,-1.570796326794896558e+00,6.296067204739936862e-01,-3.101573999841582552e-01,-1.521269442751327361e-03,-4.898316235806277064e-04,1.610293428607737463e-03,2.404310000000000058e-01
5.350000000000000533e+00,1.998219219553754034e+00,-3.095095069544596261e-02,-1.586794028417685132e+00,1.998219219553754034e+00,-3.095095069544596261e-02,-1.586794028417685132e+00,1.999753264963321175e+00,-3.141075907812888174e-02,-1.586512043544509476e+00,6.291687049647249896e-01,-3.110103221555953756e-01,-1.541081892165238956e-03,-2.819848731756557925e-04,1.601474029573849095e-03,2.244810000000000139e-01
5.400000000000000355e+00,1.997471437416292739e+00,-6.240018006065099071e-02,-1.602344544525464931e+00,1.997471437416292739e+00,-6.240018006065099071e-02,-1.602344544525464931e+00,1.999013120731463200e+00,-6.279051952931377634e-02,-1.602262684194615705e+00,6.282614204891093790e-01,-3.125564530065741975e-01,-1.553200677859246405e-03,-8.186033084900401491e-05,1.590330891692332427e-03,2.356320000000000359e-01
5.450000000000000178e+00,1.996235283912330516e+00,-9.378859946176165696e-02,-1.617972367175793735e+00,1.996235283912330516e+00,-9.378859946176165696e-02,-1.617972367175793735e+00,1.997779749923940029e+00,-9.410831331851454706e-02,-1.618083330494513472e+00,6.268874007354451328e-01,-3.148010786710046527e-01,-1.557852250170761472e-03,1.109633187197367477e-04,1.577210262208816839e-03,2.235790000000000000e-01
5.500000000000000000e+00,1.994510788617281927e+00,-1.250851706046555156e-01,-1.633712421109343893e+00,1.994510788617281927e+00,-1.250851706046555156e-01,-1.633712421109343893e+00,1.996053456856543118e+00,-1.253332335643042861e-01,-1.634009380114828769e+00,6.250504584057550161e-01,-3.177528122408134204e-01,-1.555257475121786959e-03,2.969590054848758598e-04,1.562485369011476933e-03,2.229670000000000263e-01
5.550000000000000711e+00,1.992298113575218688e+00,-1.562589370299546365e-01,-1.649600061721384625e+00,1.992298113575218688e+00,-1.562589370299546365e-01,-1.649600061721384625e+00,1.993834667466255928e+00,-1.564344650402307302e-01,-1.650076705123156628e+00,6.227556955166229091e-01,-3.214235868273593866e-01,-1.545628862324044698e-03,4.766434017717813276e-04,1.546547103211915472e-03,2.236690000000000067e-01
5.600000000000000533e+00,1.989597555645943983e+00,-1.872790556527327288e-01,-1.665671241062752550e+00,1.989597555645943983e+00,-1.872790556527327288e-01,-1.665671241062752550e+00,1.991123929206159993e+00,-1.873813145857247675e-01,-1.666321810950852189e+00,6.200095188401260060e-01,-3.258286507053343994e-01,-1.529168169485711727e-03,6.505698880996391154e-04,1.529795128343389545e-03,2.345990000000000297e-01
5.650000000000000355e+00,1.986409548562219296e+00,-2.181148281259648325e-01,-1.681962673598019320e+00,1.986409548562219296e+00,-2.181148281259648325e-01,-1.681962673598019320e+00,1.987921910910359413e+00,-2.181432413965429529e-01,-1.682781995795967767e+00,6.168196606164503271e-01,-3.309865607841236956e-01,-1.506064377856053405e-03,8.193221979482245843e-04,1.512629229526136956e-03,2.249520000000000131e-01
5.700000000000000178e+00,1.982734664719721929e+00,-2.487357320062441313e-01,-1.698512001637225488e+00,1.982734664719721929e+00,-2.487357320062441313e-01,-1.698512001637225488e+00,1.984229402628955752e+00,-2.486898871648545728e-01,-1.699495510204540816e+00,6.131952047129253236e-01,-3.369191693185415448e-01,-1.476492036686164779e-03,9.835085673151056085e-04,1.495440793472859256e-03,2.264440000000000064e-01
5.750000000000000000e+00,1.978573616720595618e+00,-2.791114517021496821e-01,-1.715357960103152557e+00,1.978573616720595618e+00,-2.791114517021496821e-01,-1.715357960103152557e+00,1.980047315433115074e+00,-2.789911060392292752e-01,-1.716501716299274394e+00,6.091466184436078457e-01,-3.436515971886632825e-01,-1.440609979664644142e-03,1.143756196121614721e-03,1.478604400732411346e-03,2.310730000000000284e-01
5.800000000000000711e+00,1.973927258689149866e+00,-3.092119091875847881e-01,-1.732540539962585724e+00,1.973927258689149866e+00,-3.092119091875847881e-01,-1.732540539962585724e+00,1.975376681190275541e+00,-3.090169943749468962e-01,-1.733841245767686834e+00,6.046857902984120736e-01,-3.512121851663077554e-01,-1.398560422401714598e-03,1.300705805101110002e-03,1.462469613686065819e-03,2.940909999999999913e-01
5.850000000000000533e+00,1.968796587375303719e+00,-3.390072944645403652e-01,-1.750101149220901098e+00,1.968796587375303719e+00,-3.390072944645403652e-01,-1.750101149220901098e+00,1.970218652309547736e+00,-3.387379202452919236e-01,-1.751556155262608883e+00,5.998260738576428608e-01,-3.596324122724017802e-01,-1.350468457450451068e-03,1.455006041707562758e-03,1.447353152206518404e-03,2.540960000000000441e-01
5.900000000000000355e+00,1.963182743057609203e+00,-3.684680957620751207e-01,-1.768082769834521173e+00,1.963182743057609203e+00,-3.684680957620751207e-01,-1.768082769834521173e+00,1.964574501457377442e+00,-3.681245526846779192e-01,-1.769690077286353080e+00,5.945823381840540378e-01,-3.689467675414500603e-01,-1.296441972192205385e-03,1.607307451831907485e-03,1.433531753869787600e-03,2.443980000000000041e-01
5.950000000000000178e+00,1.957087010252980264e+00,-3.975651294608978925e-01,-1.786530108211593637e+00,1.957087010252980264e+00,-3.975651294608978925e-01,-1.786530108211593637e+00,1.958445621243531498e+00,-3.971478906347807869e-01,-1.788288363900390143e+00,5.889710249858952640e-01,-3.791925581435504622e-01,-1.236572025237691512e-03,1.758255688796506178e-03,1.421236103420605830e-03,2.530340000000000367e-01
6.000000000000000000e+00,1.950510818234351129e+00,-4.262695697358113156e-01,-1.805489736118771171e+00,1.950510818234351129e+00,-4.262695697358113156e-01,-1.805489736118771171e+00,1.951833523877494869e+00,-4.257792915650726595e-01,-1.807398219694988484e+00,5.830102128246918980e-01,-3.904096328022284013e-01,-1.170933728918795418e-03,1.908483576217534505e-03,1.410646271432756471e-03,2.551380000000000314e-01
6.050000000000000711e+00,1.943455741350139210e+00,-4.545529779113916535e-01,-1.825010217758882503e+00,1.943455741350139210e+00,-4.545529779113916535e-01,-1.825010217758882503e+00,1.944739840795353336e+00,-4.539904997395466935e-01,-1.827068819336157723e+00,5.767196885944746443e-01,-4.026399947245281052e-01,-1.099587698938793521e-03,2.058601577274998817e-03,1.401889110807725538e-03,2.276460000000000150e-01
6.100000000000000533e+00,1.935923499130211223e+00,-4.823873315296269282e-01,-1.845142217495108872e+00,1.935923499130211223e+00,-4.823873315296269282e-01,-1.845142217495108872e+00,1.937166322257262152e+00,-4.817536741017157675e-01,-1.847351403644325707e+00,5.701210264136605810e-01,-4.159272727745390585e-01,-1.022582147281841632e-03,2.209186149216613160e-03,1.395038014205934960e-03,2.604589999999999961e-01
6.150000000000000355e+00,1.927915956151665000e+00,-5.097450531316178868e-01,-1.865938581133835816e+00,1.927915956151665000e+00,-5.097450531316178868e-01,-1.865938581133835816e+00,1.929114836915596154e+00,-5.090414157503712067e-01,-1.868299346513841330e+00,5.632376739368543106e-01,-4.303160133930509224e-01,-9.399557107609972807e-04,2.360765380005513947e-03,1.390115337089636079e-03,2.596970000000000112e-01
6.200000000000000178e+00,1.919435121623598750e+00,-5.365990387587202815e-01,-1.887454381803488346e+00,1.919435121623598750e+00,-5.365990387587202815e-01,-1.887454381803488346e+00,1.920587371353886130e+00,-5.358267949789967677e-01,-1.889968183021265347e+00,5.560950458939376562e-01,-4.458507488997311974e-01,-8.517411246759176366e-04,2.513801217777000829e-03,1.387097652030670671e-03,2.325360000000000205e-01
6.250000000000000000e+00,1.910483148632619255e+00,-5.629226861812052229e-01,-1.909746919248474839e+00,1.910483148632619255e+00,-5.629226861812052229e-01,-1.909746919248474839e+00,1.911586029596660463e+00,-5.620833778521302504e-01,-1.912415586767242104e+00,5.487206243809982231e-01,-4.625747905447374908e-01,-7.579698680716006514e-04,2.668667518767264824e-03,1.385923840656148051e-03,2.283779999999999977e-01
6.300000000000000711e+00,1.901062332969510438e+00,-5.886899228641179205e-01,-1.932875658775711658e+00,1.901062332969510438e+00,-5.886899228641179205e-01,-1.932875658775711658e+00,1.902113032590307284e+00,-5.877852522924730261e-01,-1.935701281842202803e+00,5.411440650372213446e-01,-4.805286874552562870e-01,-6.586779226960520327e-04,2.825623066491367297e-03,1.386505873172896950e-03,2.374050000000000327e-01
6.350000000000000533e+00,1.891175111431653733e+00,-6.138752336795794129e-01,-1.956902093148474409e+00,1.891175111431653733e+00,-6.138752336795794129e-01,-1.956902093148474409e+00,1.892170717655090595e+00,-6.129070536529765967e-01,-1.959886871818169674e+00,5.333973077167052379e-01,-4.997482861951281219e-01,-5.539127998793800080e-04,2.984778669695486997e-03,1.388741990457133604e-03,2.303820000000000034e-01
6.400000000000000355e+00,1.880824059464996756e+00,-6.384536883710354438e-01,-1.981889507458230781e+00,1.880824059464996756e+00,-6.384536883710354438e-01,-1.981889507458230781e+00,1.881761537908450910e+00,-6.374239897486899675e-01,-1.985035564911772354e+00,5.255146895716649169e-01,-5.202623211813164339e-01,-4.437419952060179563e-04,3.146057453541573068e-03,1.392531897229429662e-03,2.243400000000000116e-01
6.450000000000000178e+00,1.870011887973398235e+00,-6.624009687660706858e-01,-2.007902623517296536e+00,1.870011887973398235e+00,-6.624009687660706858e-01,-2.007902623517296536e+00,1.870888061659734536e+00,-6.613118653236520483e-01,-2.011211771068134979e+00,5.175330575660955779e-01,-5.420894653867511792e-01,-3.282630258648890314e-04,3.309147550838442697e-03,1.397793488651406487e-03,2.218750000000000167e-01
6.500000000000000000e+00,1.858741439082437941e+00,-6.856933957178766859e-01,-2.035007096786634051e+00,1.858741439082437941e+00,-6.856933957178766859e-01,-2.035007096786634051e+00,1.859552971776502694e+00,-6.845471059286887261e-01,-2.038480543411675505e+00,5.094918762977357352e-01,-5.652347759765088409e-01,-2.076151843627425985e-04,3.473446625041454183e-03,1.404480542525447144e-03,2.490270000000000261e-01
6.550000000000000711e+00,1.847015680600621268e+00,-7.083079557279996497e-01,-2.063268835585459371e+00,1.847015680600621268e+00,-7.083079557279996497e-01,-2.063268835585459371e+00,1.847759065022573477e+00,-7.071067811865474617e-01,-2.066906833657927933e+00,5.014333255795992983e-01,-5.896854839446800112e-01,-8.199309773736869391e-05,3.637998072468562327e-03,1.412600678831103275e-03,2.261640000000000317e-01
6.600000000000000533e+00,1.834837698876350842e+00,-7.302223271604126875e-01,-2.092753109782693244e+00,1.834837698876350842e+00,-7.302223271604126875e-01,-2.092753109782693244e+00,1.835509251367962280e+00,-7.289686274214115524e-01,-2.096554529215123086e+00,4.934023804854603124e-01,-6.154061044410011894e-01,4.833789514710994106e-05,3.801419432429842260e-03,1.422232675957434394e-03,2.267450000000000021e-01
6.650000000000000355e+00,1.822210689709565790e+00,-7.514149058942789505e-01,-2.123523415004743509e+00,1.822210689709565790e+00,-7.514149058942789505e-01,-2.123523415004743509e+00,1.822806553270890362e+00,-7.501110696304598147e-01,-2.127485239566099473e+00,4.854468644712209846e-01,-6.423328899801338254e-01,1.830246540365546796e-04,3.961824561355964391e-03,1.433541902618910369e-03,2.234390000000000265e-01
6.700000000000000178e+00,1.809137946951755449e+00,-7.718648301744823748e-01,-2.155640059503750372e+00,1.809137946951755449e+00,-7.718648301744823748e-01,-2.155640059503750372e+00,1.809654104932038932e+00,-7.705132427757893643e-01,-2.159756802087212879e+00,4.776174637459930650e-01,-6.703677170977873079e-01,3.216077115256825154e-04,4.116742583462507099e-03,1.446792160925702148e-03,2.395390000000000019e-01
6.750000000000000000e+00,1.795622848431351892e+00,-7.915520042999077965e-01,-2.189158445358639682e+00,1.795622848431351892e+00,-7.915520042999077965e-01,-2.189158445358639682e+00,1.796055151521231297e+00,-7.901550123756904132e-01,-2.193421483935332539e+00,4.699676883204494393e-01,-6.993715926913611769e-01,4.635018176911209829e-04,4.263038576692856907e-03,1.462351666955615708e-03,2.224370000000000236e-01
6.800000000000000711e+00,1.781668838894194362e+00,-8.104571206360707825e-01,-2.224127024993207691e+00,1.781668838894194362e+00,-8.104571206360707825e-01,-2.224127024993207691e+00,1.782013048376735798e+00,-8.090169943749473402e-01,-2.228523868394610030e+00,4.625537622072729005e-01,-7.291580917093566372e-01,6.079763563698291351e-04,4.396843401402339424e-03,1.480690317334731410e-03,2.195610000000000062e-01
6.850000000000000533e+00,1.767279409779496602e+00,-8.285616792519372442e-01,-2.260584929578675517e+00,1.767279409779496602e+00,-8.285616792519372442e-01,-2.260584929578675517e+00,1.767531260177386487e+00,-8.270805742745621636e-01,-2.265098432522955285e+00,4.554344222819508570e-01,-7.594871913603938873e-01,7.541367881121519056e-04,4.513502944279768059e-03,1.502364994574398272e-03,2.288890000000000369e-01
6.900000000000000355e+00,1.752458075897390222e+00,-8.458480042697988921e-01,-2.298559289146695050e+00,1.752458075897390222e+00,-8.458480042697988921e-01,-2.298559289146695050e+00,1.752613360087727390e+00,-8.443279255020148533e-01,-2.303166849242186842e+00,4.486706026547364057e-01,-7.900601400193351109e-01,9.009086685157440249e-04,4.607560095491791685e-03,1.527989738197384510e-03,2.438869999999999927e-01
6.950000000000000178e+00,1.737208349477553870e+00,-8.622992558047831713e-01,-2.338062296147661812e+00,1.737208349477553870e+00,-8.622992558047831713e-01,-2.338062296147661812e+00,1.737263028876382398e+00,-8.607420270039437549e-01,-2.342735081697066235e+00,4.423249795547884444e-01,-8.205161729409436999e-01,1.047026184659284121e-03,4.672785549404423477e-03,1.558188491428432951e-03,2.387880000000000003e-01
7.000000000000000000e+00,1.721533712662501436e+00,-8.778994362003657015e-01,-2.379088104794709224e+00,1.721533712662501436e+00,-8.778994362003657015e-01,-2.379088104794709224e+00,1.721484054007887288e+00,-8.763066800438635839e-01,-2.383790380104093387e+00,4.364613514083191537e-01,-8.504320306831643084e-01,1.191027482133777231e-03,4.702275309384162938e-03,1.593530092609953029e-03,2.364829999999999988e-01
7.050000000000000711e+00,1.705437590353660271e+00,-8.926333892086526500e-01,-2.421609706328867517e+00,1.705437590353660271e+00,-8.926333892086526500e-01,-2.421609706328867517e+00,1.705280328708184578e+00,-8.910065241883677878e-01,-2.426298338943762012e+00,4.311438309943097513e-01,-8.793253057993809518e-01,1.331259230000952963e-03,4.688632614894494566e-03,1.634448230860857708e-03,2.465920000000000056e-01
7.100000000000000533e+00,1.688923326378387602e+00,-9.064867909205692742e-01,-2.465575971618836348e+00,1.688923326378387602e+00,-9.064867909205692742e-01,-2.465575971618836348e+00,1.688655851004029929e+00,-9.048270524660197989e-01,-2.470200220386382650e+00,4.264358325606305011e-01,-9.066625855509389265e-01,1.465892780537934740e-03,4.624248767546301764e-03,1.681152822737438718e-03,2.339579999999999993e-01
7.150000000000000355e+00,1.671994167159239986e+00,-9.194461317493873853e-01,-2.510909100896383528e+00,1.671994167159239986e+00,-9.194461317493873853e-01,-2.510909100896383528e+00,1.671614722736540326e+00,-9.177546256839812511e-01,-2.515410790842171007e+00,4.223988480914605548e-01,-9.318731198602767662e-01,1.592953812585455771e-03,4.501689945787479274e-03,1.733542857625279196e-03,2.378560000000000119e-01
7.200000000000000178e+00,1.654653258253579118e+00,-9.314986897460527659e-01,-2.557502756889397322e+00,1.654653258253579118e+00,-9.314986897460527659e-01,-2.557502756889397322e+00,1.654161148549123439e+00,-9.297764858882514583e-01,-2.561816941836501993e+00,4.190910250746280319e-01,-9.543682874448997655e-01,1.710366418311527401e-03,4.314184947104671153e-03,1.791133185736103238e-03,2.367340000000000277e-01
7.250000000000000000e+00,1.636903659968605096e+00,-9.426324970746637888e-01,-2.605221171261642432e+00,1.636903659968605096e+00,-9.426324970746637888e-01,-2.605221171261642432e+00,1.636299434850046808e+00,-9.408807689542254549e-01,-2.609277363450290377e+00,4.165655842349412219e-01,-9.735664589138304237e-01,1.816011190219049467e-03,4.056192188647944619e-03,1.853008203390151031e-03,2.543570000000000553e-01
7.300000000000000711e+00,1.618748388266238347e+00,-9.528363035907130296e-01,-2.653899494207333731e+00,1.618748388266238347e+00,-9.528363035907130296e-01,-2.653899494207333731e+00,1.618033988749894903e+00,-9.510565162951535312e-01,-2.657623499136287482e+00,4.148691495905074134e-01,-9.889220200338226796e-01,1.907795087817069479e-03,3.724004928953750237e-03,1.917813725674821865e-03,2.429750000000000243e-01
7.350000000000000533e+00,1.600190485773223648e+00,-9.620995439304484975e-01,-2.703345595209024843e+00,1.600190485773223648e+00,-9.620995439304484975e-01,-2.703345595209024843e+00,1.599369316974181388e+00,-9.602936856769429541e-01,-2.706661930051141862e+00,4.140401020965671086e-01,-9.999564437663651661e-01,1.983728949358057585e-03,3.316334842117019122e-03,1.983794905799135012e-03,2.343800000000000050e-01
7.400000000000000355e+00,1.581233124375701182e+00,-9.704123168357930984e-01,-2.753343417397343007e+00,1.581233124375701182e+00,-9.704123168357930984e-01,-2.753343417397343007e+00,1.580310024751380604e+00,-9.685831611286311871e-01,-2.756178217799818864e+00,4.141071053407113789e-01,-1.006288563688149562e+00,2.042006827110462875e-03,2.834800402475856629e-03,2.048883480694737962e-03,2.452999999999999903e-01
7.450000000000000178e+00,1.561879735404130720e+00,-9.777653867986160208e-01,-2.803657845581750685e+00,1.561879735404130720e+00,-9.777653867986160208e-01,-2.803657845581750685e+00,1.560860814676659380e+00,-9.759167619387474346e-01,-2.805942088609573837e+00,4.150879759041035677e-01,-1.007660801101140757e+00,2.081080288417484683e-03,2.284243027823151806e-03,2.110832376432310222e-03,2.272060000000000191e-01
7.500000000000000000e+00,1.542134156282503277e+00,-9.841502175285955500e-01,-2.854040885636807801e+00,1.542134156282503277e+00,-9.841502175285955500e-01,-2.854040885636807801e+00,1.541026485551578507e+00,-9.822872507286887211e-01,-2.855713690087237744e+00,4.169890676879064451e-01,-1.003958194352920108e+00,2.099720805639691910e-03,1.672804450429943302e-03,2.167390076959499479e-03,2.298510000000000275e-01
7.550000000000000711e+00,1.522000775148323548e+00,-9.895590434100114408e-01,-2.904238795354453728e+00,1.522000775148323548e+00,-9.895590434100114408e-01,-2.904238795354453728e+00,1.520811931200062084e+00,-9.876883405951376593e-01,-2.905250519728249881e+00,4.198052962245457098e-01,-9.952177372896731100e-01,2.097064527125426254e-03,1.011724373796152321e-03,2.216501512495445449e-03,2.361030000000000073e-01
7.600000000000000533e+00,1.501484649642137015e+00,-9.939849788539084630e-01,-2.953999682218937384e+00,1.501484649642137015e+00,-9.939849788539084630e-01,-2.953999682218937384e+00,1.500222139260918741e+00,-9.921147013144778759e-01,-2.954314537334560065e+00,4.235208431042635224e-01,-9.816266860799686134e-01,2.072635950464202324e-03,3.148551156226808700e-04,2.256517346971310609e-03,2.552780000000000049e-01
7.650000000000000355e+00,1.480591575357961487e+00,-9.974221572196758645e-01,-3.003081016522935798e+00,1.480591575357961487e+00,-9.974221572196758645e-01,-3.003081016522935798e+00,1.479262189957219142e+00,-9.955619646030799963e-01,-3.002678949097496552e+00,4.281104664568923246e-01,-9.635099384683313284e-01,2.026349869485528487e-03,-4.020674254392453406e-04,2.286390630348337019e-03,2.279970000000000330e-01
7.700000000000000178e+00,1.459328084998461783e+00,-9.998658828845019553e-01,-3.051256513446352514e+00,1.459328084998461783e+00,-9.998658828845019553e-01,-3.051256513446352514e+00,1.457937254842822883e+00,-9.980267284282715590e-01,-3.050134194394631404e+00,4.335412323136016433e-01,-9.413080379070020154e-01,1.958493797173415339e-03,-1.122319051721110128e-03,2.305839898107986917e-03,2.242700000000000249e-01
7.750000000000000000e+00,1.437701370734778994e+00,-1.001312774764328450e+00,-3.098321915341702759e+00,1.437701370734778994e+00,-1.001312774764328450e+00,-3.098321915341702759e+00,1.436252595526377629e+00,-9.995065603657316000e-01,-3.096492768355989078e+00,4.397744112332410693e-01,-9.155485089629110673e-01,1.869695237969962957e-03,-1.829146985713681062e-03,2.315461089756638748e-03,2.300010000000000110e-01
7.800000000000000711e+00,1.415719136876405049e+00,-1.001760879269188109e+00,3.139085966389737692e+00,1.415719136876405049e+00,-1.001760879269188109e+00,3.139085966389737692e+00,1.414213562373095145e+00,-1.000000000000000000e+00,3.141592653589789563e+00,4.467672804674669984e-01,-8.868138679156081228e-01,1.760879269188103582e-03,-2.506687200051871400e-03,2.316775860041992135e-03,2.351110000000000144e-01
7.850000000000000533e+00,1.393389403420878914e+00,-1.001209735801191103e+00,3.094745272993957741e+00,1.393389403420878914e+00,-1.001209735801191103e+00,3.094745272993957741e+00,1.391825593184628174e+00,-9.995065603657314890e-01,3.097886020062567525e+00,4.544746335504974422e-01,-8.557096888710394866e-01,1.633221809915023090e-03,-3.140747068609783810e-03,2.312208688452588833e-03,2.276070000000000038e-01
7.900000000000000355e+00,1.370720289355353172e+00,-9.996603869679270282e-01,3.051959788550405506e+00,1.370720289355353172e+00,-9.996603869679270282e-01,3.051959788550405506e+00,1.369094211857377674e+00,-9.980267284282715590e-01,3.055679178538552421e+00,4.628498997295473205e-01,-8.228356082094726576e-01,1.488102955764457639e-03,-3.719389988146915016e-03,2.304987690555308777e-03,2.233680000000000110e-01
7.950000000000000178e+00,1.347719805701590223e+00,-9.971153358421456225e-01,3.010818008139931834e+00,1.347719805701590223e+00,-9.971153358421456225e-01,3.010818008139931834e+00,1.346025027019546627e+00,-9.955619646030799963e-01,3.015051301811090489e+00,4.718458769089009519e-01,-7.887613012886455222e-01,1.327063284576899226e-03,-4.233293671158655513e-03,2.298964329315639557e-03,2.444480000000000264e-01
8.000000000000000000e+00,1.324395682861136292e+00,-9.935784609500133424e-01,2.971379943075499241e+00,1.324395682861136292e+00,-9.935784609500133424e-01,2.971379943075499241e+00,1.322623730647303653e+00,-9.921147013144778759e-01,2.976055829719888024e+00,4.814151532329447591e-01,-7.540084932261952311e-01,1.151764551314084228e-03,-4.675886644388782543e-03,2.298348737404598725e-03,2.255830000000000057e-01
8.050000000000000711e+00,1.300755247428893258e+00,-9.890549043953421604e-01,2.933679518414189502e+00,1.300755247428893258e+00,-9.890549043953421604e-01,2.933679518414189502e+00,1.298896096660367538e+00,-9.876883405951377704e-01,2.938722810654413209e+00,4.915103223722114278e-01,-7.190391729010737754e-01,9.639550194106784233e-04,-5.043292240223706813e-03,2.307366074150098319e-03,2.218960000000000099e-01
8.099999999999999645e+00,1.276805353473922544e+00,-9.835509493110112800e-01,2.897727559769135652e+00,1.276805353473922544e+00,-9.835509493110112800e-01,2.897727559769135652e+00,1.274847979497379047e+00,-9.822872507286886101e-01,2.903061683423501016e+00,5.020840920972106103e-01,-6.842494970086958617e-01,7.654389616134377617e-04,-5.334123654365363620e-03,2.329859865102197440e-03,2.218260000000000232e-01
8.150000000000000355e+00,1.252552364830944454e+00,-9.770739005498818575e-01,2.863515084918700992e+00,1.252552364830944454e+00,-9.770739005498818575e-01,2.863515084918700992e+00,1.250485312671410165e+00,-9.759167619387473236e-01,2.869064263023924255e+00,5.130893599905913538e-01,-6.499684475745508561e-01,5.580495819214019307e-04,-5.549178105223262492e-03,2.368897295286083796e-03,2.549080000000000235e-01
8.200000000000001066e+00,1.228002179445692787e+00,-9.696319785878912967e-01,2.831016662539973083e+00,1.228002179445692787e+00,-9.696319785878912967e-01,2.831016662539973083e+00,1.225814107305952749e+00,-9.685831611286310761e-01,2.836707737742125701e+00,5.244792992387684594e-01,-6.164601243557465970e-01,3.436246411953285508e-04,-5.691075202152617862e-03,2.426453739834249276e-03,2.348800000000000332e-01
8.250000000000000000e+00,1.203160284351649789e+00,-9.612342323276394929e-01,2.800193656322186087e+00,1.203160284351649789e+00,-9.612342323276394929e-01,2.800193656322186087e+00,1.200840450651768032e+00,-9.602936856769430651e-01,2.805957533592601472e+00,5.362074712603573934e-01,-5.839285579080922828e-01,1.239842666493230078e-04,-5.763877270415385112e-03,2.503249168030092370e-03,2.400900000000000256e-01
8.300000000000000711e+00,1.178031829786918561e+00,-9.518904727598030968e-01,2.770997228426780978e+00,1.178031829786918561e+00,-9.518904727598030968e-01,2.770997228426780978e+00,1.175570504584946496e+00,-9.510565162951536422e-01,2.776769948628340146e+00,5.482279644537967345e-01,-5.525240533908679641e-01,-9.908933251225027737e-05,-5.772720201559167208e-03,2.598769927252784009e-03,2.408820000000000128e-01
8.349999999999999645e+00,1.152621712404401144e+00,-9.416112266866657476e-01,2.743371025757237902e+00,1.152621712404401144e+00,-9.416112266866657476e-01,2.743371025757237902e+00,1.150010504086557361e+00,-9.408807689542255659e-01,2.749094500030647481e+00,5.604955493753261964e-01,-5.223502595140017135e-01,-3.238703130537893540e-04,-5.723474273409578927e-03,2.711453001263014820e-03,2.491470000000000073e-01
8.400000000000000355e+00,1.126934659678562545e+00,-9.304077079949811813e-01,2.717253512781537594e+00,1.126934659678562545e+00,-9.304077079949811813e-01,2.717253512781537594e+00,1.124166755704261611e+00,-9.297764858882515693e-01,2.722875959199578588e+00,5.729658380062621070e-01,-4.934713563341465159e-01,-5.487057407375839271e-04,-5.622446418040993876e-03,2.838967023227827614e-03,2.394290000000000029e-01
8.450000000000001066e+00,1.100975309881468078e+00,-9.182918031300604245e-01,2.692579944964830219e+00,1.100975309881468078e+00,-9.182918031300604245e-01,2.692579944964830219e+00,1.098045635996263369e+00,-9.177546256839810290e-01,2.698056074055870113e+00,5.855954358978566754e-01,-4.659189410473447146e-01,-7.720300957606851273e-04,-5.476129091039894092e-03,2.978514509319509125e-03,2.398100000000000231e-01
8.500000000000000000e+00,1.074748284040971891e+00,-9.052760672337706316e-01,2.669283997912462958e+00,1.074748284040971891e+00,-9.052760672337706316e-01,2.669283997912462958e+00,1.071653589957992425e+00,-9.048270524660191327e-01,2.674574994186608379e+00,5.983420788309811167e-01,-4.396983474651466328e-01,-9.923776047620618424e-04,-5.290996274145420841e-03,3.127098611954386067e-03,2.502190000000000247e-01
8.550000000000000711e+00,1.048258247946968647e+00,-8.913737276327909909e-01,2.647299080539205818e+00,1.048258247946968647e+00,-8.913737276327909909e-01,2.647299080539205818e+00,1.044997129431897820e+00,-8.910065241883680098e-01,2.652372424588197219e+00,6.111647488419623686e-01,-4.147942574224884327e-01,-1.208392301594799888e-03,-5.073344048991401678e-03,3.281727036018360511e-03,2.430760000000000143e-01
8.599999999999999645e+00,1.021509963506050278e+00,-8.765986918095148850e-01,2.626559367668081180e+00,1.021509963506050278e+00,-8.765986918095148850e-01,2.626559367668081180e+00,1.018082831500742191e+00,-8.763066800438633619e-01,2.631388538998237436e+00,6.240237673139554797e-01,-3.911755521051559215e-01,-1.418835779031276572e-03,-4.829171330156256658e-03,3.439550065500711178e-03,2.358620000000000161e-01
8.650000000000000355e+00,9.945083295993609740e-01,-8.609655575198448263e-01,2.607000590062822809e+00,9.945083295993609740e-01,-8.609655575198448263e-01,2.607000590062822809e+00,9.909173368648155344e-01,-8.607420270039439769e-01,2.611564685500640692e+00,6.368808650226743806e-01,-3.687994126299368736e-01,-1.622592660040385153e-03,-4.564095437817883294e-03,3.597943122270977779e-03,2.362530000000000185e-01
8.700000000000001066e+00,9.672584131416765985e-01,-8.444896232523660951e-01,2.588560619431325982e+00,9.672584131416765985e-01,-8.444896232523660951e-01,2.588560619431325982e+00,9.635073482034304249e-01,-8.443279255020149643e-01,2.592843916379339753e+00,6.496992305226040321e-01,-3.476147178167882101e-01,-1.818673879707609527e-03,-4.283296948013770589e-03,3.754548485957850262e-03,2.589059999999999695e-01
8.750000000000000000e+00,9.397654713461118803e-01,-8.271868977029718240e-01,2.571179883540485989e+00,9.397654713461118803e-01,-8.271868977029718240e-01,2.571179883540485989e+00,9.358596285211460142e-01,-8.270805742745613864e-01,2.575171371993001834e+00,6.624435391572667253e-01,-3.275648085763183670e-01,-2.006217921113156045e-03,-3.991488452515845609e-03,3.907289705763611169e-03,2.368140000000000245e-01
8.800000000000000711e+00,9.120349663356228653e-01,-8.090741073456364507e-01,2.554801643111670018e+00,9.120349663356228653e-01,-8.090741073456364507e-01,2.554801643111670018e+00,9.079809994790937200e-01,-8.090169943749475623e-01,2.558494545426458266e+00,6.750799654118735393e-01,-3.085896976391097613e-01,-2.184490187845704139e-03,-3.692902314788248930e-03,4.054369145163981038e-03,2.358820000000000083e-01
8.849999999999999645e+00,8.840725732647308766e-01,-7.901687015084479793e-01,2.539372158229713961e+00,8.840725732647308766e-01,-7.901687015084479793e-01,2.539372158229713961e+00,8.798783397118298266e-01,-7.901550123756900801e-01,2.542763451323974522e+00,6.875761814325408450e-01,-2.906278044984328957e-01,-2.352880722019134920e-03,-3.391293094260561247e-03,4.194255892126352858e-03,2.543370000000000353e-01
8.900000000000000355e+00,8.558841830649369653e-01,-7.704888546187709242e-01,2.524840768004792402e+00,8.558841830649369653e-01,-7.704888546187709242e-01,2.524840768004792402e+00,8.515585831301457631e-01,-7.705132427757895863e-01,2.527930718945285093e+00,6.999013444296782183e-01,-2.736172914844418602e-01,-2.510900490751527894e-03,-3.089950940492691700e-03,4.325668685656406179e-03,2.432860000000000300e-01
8.950000000000001066e+00,8.274759008357214229e-01,-7.500534654717307959e-01,2.511159903430570495e+00,8.274759008357214229e-01,-7.500534654717307959e-01,2.511159903430570495e+00,8.230287172102174198e-01,-7.501110696304594816e-01,2.513951626305612308e+00,7.120260754501666067e-01,-2.574970700755694342e-01,-2.658176467949633845e-03,-2.791722875041813268e-03,4.447556681825850199e-03,2.552189999999999737e-01
9.000000000000000000e+00,7.988540407912316788e-01,-7.288821535131237983e-01,2.498285049926792567e+00,7.988540407912316788e-01,-7.288821535131237983e-01,2.498285049926792567e+00,7.942957812695612407e-01,-7.289686274214115524e-01,2.500784089374981534e+00,7.239224317080499294e-01,-2.422075384251567987e-01,-2.794445733972360322e-03,-2.499039448188966617e-03,4.559079688239038412e-03,2.411820000000000352e-01
9.050000000000000711e+00,7.700251185547802857e-01,-7.069952522220599445e-01,2.486174673005534075e+00,7.700251185547802857e-01,-7.069952522220599445e-01,2.486174673005534075e+00,7.653668647301797856e-01,-7.071067811865476838e-01,2.488388617769114575e+00,7.355638743488863707e-01,-2.276911026519944925e-01,-2.919548805402137452e-03,-2.213944763580499853e-03,4.659588759142258702e-03,2.702360000000000317e-01
9.099999999999999645e+00,7.409958414779865832e-01,-6.844137997399121209e-01,2.474790117872934125e+00,7.409958414779865832e-01,-6.844137997399121209e-01,2.474790117872934125e+00,7.362491053693555054e-01,-6.845471059286882820e-01,2.476728246172768877e+00,7.469252332152805929e-01,-2.138925263406525057e-01,-3.033422392529811634e-03,-1.938128299834751544e-03,4.748607609073225190e-03,2.418240000000000112e-01
9.150000000000000355e+00,7.117730975538898441e-01,-6.611595269286386634e-01,2.464095491555902129e+00,7.117730975538898441e-01,-6.611595269286386634e-01,2.464095491555902129e+00,7.069496875585148388e-01,-6.613118653236522704e-01,2.465768448881324737e+00,7.579826698966098952e-01,-2.007591452724324377e-01,-3.136091764824507251e-03,-1.672957325422608221e-03,4.825815057591704635e-03,2.389680000000000137e-01
9.200000000000001066e+00,6.823639433962741530e-01,-6.372548430600218916e-01,2.454057534292280351e+00,6.823639433962741530e-01,-6.372548430600218916e-01,2.454057534292280351e+00,6.774758404905826259e-01,-6.374239897486896345e-01,2.455477043298467166e+00,7.687136400914996726e-01,-1.882409778244377441e-01,-3.227662885838804285e-03,-1.419509006186814304e-03,4.891028584962186718e-03,2.484660000000000202e-01
9.250000000000000000e+00,6.527755916717695728e-01,-6.127228193431074610e-01,2.444645485401058416e+00,6.527755916717695728e-01,-6.127228193431074610e-01,2.444645485401058416e+00,6.478348363962989076e-01,-6.129070536529764857e-01,2.445824086952127274e+00,7.790968560914134367e-01,-1.762907557769495259e-01,-3.308314459675432400e-03,-1.178601551068858555e-03,4.944189010649181065e-03,2.369240000000000235e-01
9.300000000000000711e+00,6.230153982968744675e-01,-5.875871704941586504e-01,2.435830947612211084e+00,6.230153982968744675e-01,-5.875871704941586504e-01,2.435830947612211084e+00,6.180339887498950135e-01,-5.877852522924733591e-01,2.436781771550414533e+00,7.891122500056118039e-01,-1.648638954325049588e-01,-3.378290012013325169e-03,-9.508239382034489040e-04,4.985346274188146888e-03,2.346800000000000275e-01
9.349999999999999645e+00,5.930908496483943138e-01,-5.618722345449350675e-01,2.427587752840585367e+00,5.930908496483943138e-01,-5.618722345449350675e-01,2.427587752840585367e+00,5.880806504646083344e-01,-5.620833778521309165e-01,2.428324316759050916e+00,7.987409381911372286e-01,-1.539184249009938332e-01,-3.437890110265190511e-03,-7.365639184655492500e-04,5.014646284373733970e-03,2.359120000000000106e-01
9.400000000000000355e+00,5.630095499818388305e-01,-5.356029510731811216e-01,2.419891831595535336e+00,5.630095499818388305e-01,-5.356029510731811216e-01,2.419891831595535336e+00,5.579822120784591055e-01,-5.358267949789971007e-01,2.420427865709130266e+00,8.000000000000000444e-01,-1.434148800597083717e-01,-3.487464810118563827e-03,-5.360341135949298064e-04,5.032318798419810335e-03,2.671009999999999773e-01
9.450000000000001066e+00,5.330772298740734660e-01,-5.090690226600083079e-01,2.412721087592549551e+00,5.330772298740734660e-01,-5.090690226600083079e-01,2.412721087592549551e+00,5.277460999307456158e-01,-5.090414157503712067e-01,2.413070383710326894e+00,8.000000000000000444e-01,-1.333723333752340201e-01,-3.528695192124851280e-03,-3.492961177773423742e-04,5.331201423141552868e-03,2.382670000000000066e-01
9.500000000000000000e+00,5.033292225967590516e-01,-4.823286013161965369e-01,2.406052470923787823e+00,5.033292225967590516e-01,-4.823286013161965369e-01,2.406052470923787823e+00,4.973797743297087570e-01,-4.817536741017145463e-01,2.406231561224946525e+00,8.000000000000000444e-01,-1.237486060552348277e-01,-3.564857560395893587e-03,-1.790903011587019478e-04,5.977162870815866738e-03,2.358120000000000216e-01
9.550000000000000711e+00,4.737537091529294142e-01,-4.553975059064712672e-01,2.399865040621026679e+00,4.737537091529294142e-01,-4.553975059064712672e-01,2.399865040621026679e+00,4.668907277118110599e-01,-4.539904997395469710e-01,2.399892721831064613e+00,8.000000000000000444e-01,-1.144961011103337728e-01,-3.598818606184938339e-03,-2.768121003793311274e-05,7.005724845788476214e-03,2.364930000000000365e-01
9.600000000000001421e+00,4.443391173790927073e-01,-4.282907277689344538e-01,2.394140235565510366e+00,4.443391173790927073e-01,-4.282907277689344538e-01,2.394140235565510366e+00,4.362864827930846290e-01,-4.257792915650722154e-01,2.394036735651070558e+00,8.000000000000000444e-01,-1.055725012915563754e-01,-3.632802458396078120e-03,1.034999144398085491e-04,8.435178455838588871e-03,2.466520000000000379e-01
9.650000000000000355e+00,4.150740978079568433e-01,-4.010225244119067223e-01,2.388861610500931931e+00,4.150740978079568433e-01,-4.010225244119067223e-01,2.388861610500931931e+00,4.055745907130255401e-01,-3.971478906347811755e-01,2.388647938529914860e+00,8.000000000000000444e-01,-9.694004384757352877e-02,-3.668435079064343018e-03,2.136719710170709163e-04,1.025930903879458851e-02,2.388080000000000203e-01
9.700000000000001066e+00,3.859475012355046419e-01,-3.736065028250568631e-01,2.384014608308553385e+00,3.859475012355046419e-01,-3.736065028250568631e-01,2.384014608308553385e+00,3.747626291714491464e-01,-3.681245526846778637e-01,2.383712057103566373e+00,8.000000000000000444e-01,-8.856487959172393287e-02,-3.706788358671230660e-03,3.025512049870116016e-04,1.245604834732469933e-02,2.356219999999999981e-01
9.750000000000000000e+00,3.569483579090668157e-01,-3.460556939121571252e-01,2.379586364328966752e+00,3.569483579090668157e-01,-3.460556939121571252e-01,2.379586364328966752e+00,3.438582005588182722e-01,-3.387379202452905913e-01,2.379216139792433182e+00,8.000000000000000444e-01,-8.041650755822690733e-02,-3.748423493916766720e-03,3.702245365335699034e-04,1.499673400756815558e-02,2.924479999999999857e-01
9.800000000000000711e+00,3.280658582105336896e-01,-3.183826193529287196e-01,2.375565538951055267e+00,3.280658582105336896e-01,-3.183826193529287196e-01,2.375565538951055267e+00,3.128689300804619600e-01,-3.090169943749476178e-01,2.375148493678882922e+00,8.000000000000000444e-01,-7.246727705924552176e-02,-3.793433342656332696e-03,4.170452721723449940e-04,1.785109396700238632e-02,2.445990000000000109e-01
9.850000000000001421e+00,2.992893346841957181e-01,-2.905993520282108555e-01,2.371942175098093131e+00,2.992893346841957181e-01,-2.905993520282108555e-01,2.371942175098093131e+00,2.818024638751648325e-01,-2.789911060392287756e-01,2.371498627176110929e+00,8.000000000000000444e-01,-6.469194952630635820e-02,-3.841483543101542608e-03,4.435479219822013874e-04,2.098909301595604932e-02,2.370040000000000202e-01
9.900000000000000355e+00,2.706082452471544886e-01,-2.627175709931165448e-01,2.368707577621777638e+00,2.706082452471544886e-01,-2.627175709931165448e-01,2.368707577621777638e+00,2.818024638751648325e-01,-2.789911060392287756e-01,2.371498627176110929e+00,8.000000000000000444e-01,-4.904922590450946918e-02,-3.888433544500723323e-03,-2.791049554333291383e-03,1.975192328834680239e-02,2.357619999999999993e-01
9.950000000000001066e+00,2.420065490187412460e-01,-2.347543420859323771e-01,2.366255116326552610e+00,2.420065490187412460e-01,-2.347543420859323771e-01,2.366255116326552610e+00,2.506664671286081836e-01,-2.486898871648544895e-01,2.368257198362089255e+00,8.000000000000000444e-01,-4.371364142797028868e-02,-3.922886305372067471e-03,-2.002082035536645321e-03,1.640712035417158862e-02,2.431260000000000088e-01
1.000000000000000000e+01,2.134697769045379168e-01,-2.067248576036734842e-01,2.364069434255154256e+00,2.134697769045379168e-01,-2.067248576036734842e-01,2.364069434255154256e+00,2.194686221820904282e-01,-2.181432413965424255e-01,2.365415968833324278e+00,8.000000000000000444e-01,-3.820929246267490420e-02,-3.945598152879933353e-03,-1.346534578170022201e-03,1.289828023828239537e-02,2.352510000000000157e-01
1.005000000000000071e+01,1.849904697027861533e-01,-1.786369852268218095e-01,2.362158969632019989e+00,1.849904697027861533e-01,-1.786369852268218095e-01,2.362158969632019989e+00,1.882166266370287055e-01,-1.873813145857246842e-01,2.362967762925104687e+00,8.000000000000000444e-01,-3.254901566721351419e-02,-3.959178969400604757e-03,-8.087932930846974955e-04,9.320481988681275989e-03,2.337180000000000368e-01
1.010000000000000142e+01,1.565608921061290293e-01,-1.504987769588980451e-01,2.360531518848659971e+00,1.565608921061290293e-01,-1.504987769588980451e-01,2.360531518848659971e+00,1.569181914556901369e-01,-1.564344650402311188e-01,2.360906432145567280e+00,8.000000000000000444e-01,-2.674349900122739709e-02,-3.965439899641137918e-03,-3.749132969073087907e-04,5.946432192842721585e-03,2.519230000000000080e-01
1.015000000000000036e+01,1.281730543379195064e-01,-1.223184570806393479e-01,2.359194343898598945e+00,1.281730543379195064e-01,-1.223184570806393479e-01,2.359194343898598945e+00,1.255810390586262759e-01,-1.253332335643037865e-01,2.359226824677898904e+00,8.000000000000000444e-01,-2.080131660416732059e-02,-3.965488725485976501e-03,-3.248077929995929480e-05,3.975854682272188419e-03,2.383670000000000233e-01
1.020000000000000107e+01,9.981873148361172787e-02,-9.410441392403370853e-02,2.358154278068390397e+00,9.981873148361172787e-02,-9.410441392403370853e-02,2.358154278068390397e+00,9.421290141928502504e-02,-9.410831331851403359e-02,2.357924759817036531e+00,8.000000000000000444e-01,-1.472897493460668082e-02,-3.959817926278674446e-03,2.295182513538662761e-04,5.605831420528666065e-03,2.357320000000000249e-01
1.025000000000000000e+01,7.148948050460046666e-02,-6.586519533261861459e-02,2.357417829321660108e+00,7.148948050460046666e-02,-6.586519533261861459e-02,2.357417829321660108e+00,6.282151815625647284e-02,-6.279051952931326286e-02,2.356997007222838114e+00,8.000000000000000444e-01,-8.530965742054263251e-03,-3.948386033329054703e-03,4.208220988219935066e-04,9.197130126715644463e-03,2.372440000000000104e-01
1.030000000000000071e+01,4.317665495283994070e-02,-3.760950767477595769e-02,2.356991281034557240e+00,4.317665495283994070e-02,-3.760950767477595769e-02,2.356991281034557240e+00,3.141463462364142006e-02,-3.141075907812836132e-02,2.356441270890159423e+00,8.000000000000000444e-01,-2.209822119400971056e-03,-3.930692888261934879e-03,5.500101443978167026e-04,1.329547315400696206e-02,2.620210000000000039e-01
1.035000000000000142e+01,1.487141743024135779e-02,-9.346218284503028662e-03,2.356880789928586850e+00,1.487141743024135779e-02,-9.346218284503028662e-03,2.356880789928586850e+00,2.449293598294706414e-16,-2.449293598294706414e-16,2.356256177756557157e+00,8.000000000000000444e-01,4.233825524716428382e-03,-3.905849410042023205e-03,6.246121720296926583e-04,1.756447700918115432e-02,2.379459999999999908e-01
1.040000000000000036e+01,-1.343525014258457884e-02,1.891563878381065725e-02,2.357092481204823287e+00,-1.343525014258457884e-02,1.891563878381065725e-02,2.357092481204823287e+00,-3.141463462364092740e-02,3.141075907812786866e-02,2.356441270890159423e+00,8.000000000000000444e-01,1.080119622581482246e-02,-3.872642467855777482e-03,6.512103146638636986e-04,2.189489204100142708e-02,2.370640000000000247e-01
1.045000000000000107e+01,-4.175253836514239425e-02,4.716685378124164940e-02,2.357632541016114303e+00,-4.175253836514239425e-02,4.716685378124164940e-02,2.357632541016114303e+00,-3.141463462364092740e-02,3.141075907812786866e-02,2.356441270890159423e+00,8.000000000000000444e-01,1.534122834872740301e-02,-3.835792864695299065e-03,1.191270125954879688e-03,1.884480761541598021e-02,2.528239999999999932e-01
1.050000000000000000e+01,-7.008828406974722258e-02,7.539955533302876434e-02,2.358399602433550513e+00,-7.008828406974722258e-02,7.539955533302876434e-02,2.358399602433550513e+00,-6.282151815625776348e-02,6.279051952931455349e-02,2.356997007222839002e+00,8.000000000000000444e-01,2.136153449450748504e-02,-3.788832875137770201e-03,1.402595210711510276e-03,1.455313267790818953e-02,2.422140000000000126e-01
1.055000000000000071e+01,-9.844992264326167530e-02,1.036062443503556058e-01,2.359467679158275821e+00,-9.844992264326167530e-02,1.036062443503556058e-01,2.359467679158275821e+00,-9.421290141928542750e-02,9.410831331851442216e-02,2.357924759817036531e+00,8.000000000000000444e-01,2.762499721897635624e-02,-3.736823936749063095e-03,1.542919341239290532e-03,1.040014628445373908e-02,2.575030000000000374e-01
1.060000000000000142e+01,-1.268460827288322434e-01,1.317781778660788439e-01,2.360848929019224940e+00,-1.268460827288322434e-01,1.317781778660788439e-01,2.360848929019224940e+00,-1.255810390586275527e-01,1.253332335643050632e-01,2.359226824677898904e+00,8.000000000000000444e-01,3.412490743966001272e-02,-3.679257632566391642e-03,1.622104341326036092e-03,6.567925284326191562e-03,2.417330000000000312e-01
1.065000000000000036e+01,-1.552856981270659409e-01,1.599062401496943453e-01,2.362555174391207657e+00,-1.552856981270659409e-01,1.599062401496943453e-01,2.362555174391207657e+00,-1.569181914556887492e-01,1.564344650402297310e-01,2.360906432145567280e+00,8.000000000000000444e-01,4.085778333213233721e-02,-3.615350939664852686e-03,1.648742245640377746e-03,3.836438045726271034e-03,2.461809999999999832e-01
1.070000000000000107e+01,-1.837779899725305588e-01,1.879809395949234574e-01,2.364598063557814100e+00,-1.837779899725305588e-01,1.879809395949234574e-01,2.364598063557814100e+00,-1.882166266370290941e-01,1.873813145857250728e-01,2.362967762925104687e+00,8.000000000000000444e-01,4.782320734519000804e-02,-3.544120748534935420e-03,1.630300632709413833e-03,4.478955859470692275e-03,2.413520000000000110e-01
1.075000000000000000e+01,-2.123324522110855983e-01,2.159924001765093082e-01,2.366989223925073382e+00,-2.123324522110855983e-01,2.159924001765093082e-01,2.366989223925073382e+00,-2.194686221820917049e-01,2.181432413965437023e-01,2.365415968833324278e+00,8.000000000000000444e-01,5.502368794671959329e-02,-3.464454136100499418e-03,1.573255091749103940e-03,7.453256993347830324e-03,2.396090000000000164e-01
1.080000000000000071e+01,-2.409588400701871136e-01,2.439303476483348498e-01,2.369740408322408953e+00,-2.409588400701871136e-01,2.439303476483348498e-01,2.369740408322408953e+00,-2.506664671286085722e-01,2.486898871648548781e-01,2.368257198362089255e+00,8.000000000000000444e-01,6.246454605120917158e-02,-3.375175222147293406e-03,1.483209960319697984e-03,1.081162520228629541e-02,2.527840000000000642e-01
1.085000000000000142e+01,-2.696671612173694998e-01,2.717840905979638788e-01,2.372863635624969270e+00,-2.696671612173694998e-01,2.717840905979638788e-01,2.372863635624969270e+00,-2.818024638751652211e-01,2.789911060392291642e-01,2.371498627176110041e+00,8.000000000000000444e-01,7.015382594944974404e-02,-3.275109415670605581e-03,1.365008448859228452e-03,1.411405831669049551e-02,2.423839999999999884e-01
1.090000000000000036e+01,-2.984676693025269389e-01,2.995424964152614278e-01,2.376371326922441796e+00,-2.984676693025269389e-01,2.995424964152614278e-01,2.376371326922441796e+00,-3.128689300804614604e-01,3.090169943749471737e-01,2.375148493678883810e+00,8.000000000000000444e-01,7.810223045792298591e-02,-3.163145839432217332e-03,1.222833243557985838e-03,1.723839968158774952e-02,2.388180000000000303e-01
1.095000000000000107e+01,-3.273708595767377827e-01,3.271939621748622962e-01,2.380276438445338094e+00,-3.273708595767377827e-01,3.271939621748622962e-01,2.380276438445338094e+00,-3.438582005588195489e-01,3.387379202452918125e-01,2.379216139792434070e+00,8.000000000000000444e-01,8.632307992023376120e-02,-3.038298708000559262e-03,1.060298652904023697e-03,2.012698140783331091e-02,2.356110000000000149e-01
1.100000000000000000e+01,-3.563874662735754262e-01,3.547263803743464505e-01,2.384592592441349801e+00,-3.563874662735754262e-01,3.547263803743464505e-01,2.384592592441349801e+00,-3.438582005588195489e-01,3.387379202452918125e-01,2.379216139792434070e+00,8.000000000000000444e-01,7.960416983543440461e-02,-2.909564004128539424e-03,5.376452648915730492e-03,2.031288646769156131e-02,2.477250000000000285e-01
1.105000000000000071e+01,-3.855180358366538385e-01,3.821381990782753424e-01,2.388572800933121520e+00,-3.855180358366538385e-01,3.821381990782753424e-01,2.388572800933121520e+00,-3.747626291714495350e-01,3.681245526846781968e-01,2.383712057103567261e+00,8.000000000000000444e-01,8.911214225106178777e-02,-2.784943077159307383e-03,4.860743829554259321e-03,1.766525000611934154e-02,2.370850000000000180e-01
1.110000000000000142e+01,-4.147639615670210000e-01,4.094268996919804837e-01,2.393028408045674738e+00,-4.147639615670210000e-01,4.094268996919804837e-01,2.393028408045674738e+00,-4.055745907130259287e-01,3.971478906347815085e-01,2.388647938529913972e+00,8.000000000000000444e-01,9.884706420164368623e-02,-2.676124784967317920e-03,4.380469515760765375e-03,1.533683800915392609e-02,2.352910000000000279e-01
1.115000000000000036e+01,-4.441377874091408384e-01,4.365778683392591564e-01,2.397970761255757033e+00,-4.441377874091408384e-01,4.365778683392591564e-01,2.397970761255757033e+00,-4.362864827930859057e-01,4.257792915650733812e-01,2.394036735651070558e+00,8.000000000000000444e-01,1.088391793956591663e-01,-2.581468008271952524e-03,3.934025604686475219e-03,1.335111398056618853e-02,2.523730000000000140e-01
1.120000000000000107e+01,-4.736521823689337496e-01,4.635759523732347898e-01,2.403412720225539978e+00,-4.736521823689337496e-01,4.635759523732347898e-01,2.403412720225539978e+00,-4.668907277118105603e-01,4.539904997395465824e-01,2.399892721831065501e+00,8.000000000000000444e-01,1.191206232733458964e-01,-2.499909391738241483e-03,3.519998394474477266e-03,1.173022468979230751e-02,2.582740000000000036e-01
1.125000000000000000e+01,-5.033199519094482266e-01,4.904053899482010426e-01,2.409368751389207475e+00,-5.033199519094482266e-01,4.904053899482010426e-01,2.409368751389207475e+00,-4.973797743297091456e-01,4.817536741017148794e-01,2.406231561224947413e+00,7.969159037317068428e-01,1.297255734506612967e-01,-2.431015786630744829e-03,3.137190164260061920e-03,1.049466039313205409e-02,2.395090000000000274e-01
1.130000000000000071e+01,-5.330390341178989910e-01,5.169470172596437596e-01,2.415855030061740294e+00,-5.330390341178989910e-01,5.169470172596437596e-01,2.415855030061740294e+00,-5.277460999307469480e-01,5.090414157503723169e-01,2.413070383710326894e+00,7.906987912160796661e-01,1.406673649879247034e-01,-2.374971211295801195e-03,2.784646351413400112e-03,9.513868168779603118e-03,2.404910000000000103e-01
1.135000000000000142e+01,-5.627035967034775821e-01,5.430816442782966380e-01,2.422888398311136449e+00,-5.627035967034775821e-01,5.430816442782966380e-01,2.422888398311136449e+00,-5.579822120784585504e-01,5.358267949789966567e-01,2.420427865709129378e+00,7.837838558661210930e-01,1.519620129079576887e-01,-2.331320501816648138e-03,2.460532602007070579e-03,8.655883036000401945e-03,2.528040000000000287e-01
1.140000000000000036e+01,-5.922974555703913735e-01,5.687718945803466042e-01,2.430486498956534902e+00,-5.922974555703913735e-01,5.687718945803466042e-01,2.430486498956534902e+00,-5.880806504646077792e-01,5.620833778521304724e-01,2.428324316759052692e+00,7.762183289105738515e-01,1.636463838537946247e-01,-2.298946757232458657e-03,2.162182197482209745e-03,7.906813601179025347e-03,2.407120000000000093e-01
1.145000000000000107e+01,-6.218054768703400459e-01,5.939821208873671265e-01,2.438668818149224649e+00,-6.218054768703400459e-01,5.939821208873671265e-01,2.438668818149224649e+00,-6.180339887498937923e-01,5.877852522924721379e-01,2.436781771550414533e+00,7.680469015327746618e-01,1.757594291957028376e-01,-2.276857456514602782e-03,1.887046598810115938e-03,7.254329950110003158e-03,2.381960000000000188e-01
1.150000000000000000e+01,-6.512134548294827852e-01,6.186783037659838724e-01,2.447456789609010031e+00,-6.512134548294827852e-01,6.186783037659838724e-01,2.447456789609010031e+00,-6.478348363962992407e-01,6.129070536529768187e-01,2.445824086952123722e+00,7.593121505443595209e-01,1.883422105073928599e-01,-2.264176405824411525e-03,1.632702656886309001e-03,6.687480122133564533e-03,2.374850000000000017e-01
1.155000000000000071e+01,-6.805080052490922737e-01,6.428279625330551861e-01,2.456873900134379340e+00,-6.805080052490922737e-01,6.428279625330551861e-01,2.456873900134379340e+00,-6.774758404905838471e-01,6.374239897486906337e-01,2.455477043298466278e+00,7.500549257219160104e-01,2.014379195913240661e-01,-2.260135384268139799e-03,1.396856835913062866e-03,6.196526847911920308e-03,2.462909999999999822e-01
1.160000000000000142e+01,-7.096764727946682783e-01,6.664000772128820804e-01,2.466945796113945377e+00,-7.096764727946682783e-01,6.664000772128820804e-01,2.466945796113945377e+00,-7.069496875585135065e-01,6.613118653236512712e-01,2.465768448881324737e+00,7.403147034422107309e-01,2.150918832554855054e-01,-2.264065610275653798e-03,1.177347232620640227e-03,5.772803301154595147e-03,2.368850000000000122e-01
1.165000000000000036e+01,-7.387068504247518153e-01,6.893650204696368800e-01,2.477700390276719844e+00,-7.387068504247518153e-01,6.893650204696368800e-01,2.477700390276719844e+00,-7.362491053693558385e-01,6.845471059286886151e-01,2.476728246172770653e+00,7.301299108702178353e-01,2.293515411417994254e-01,-2.275389118282319326e-03,9.721441039491907077e-04,5.408586809990582368e-03,2.355909999999999949e-01
1.170000000000000107e+01,-7.675877095230591030e-01,7.116944985120954303e-01,2.489167967333809628e+00,-7.675877095230591030e-01,7.116944985120954303e-01,2.489167967333809628e+00,-7.653668647301793415e-01,7.071067811865473507e-01,2.488388617769112798e+00,7.195382245900684426e-01,2.442663824878690271e-01,-2.293610105401571765e-03,7.793495646968295887e-04,5.096989489217647849e-03,2.460310000000000275e-01
1.175000000000000000e+01,-7.963081394884807818e-01,7.333615000378447268e-01,2.501381286458203235e+00,-7.963081394884807818e-01,7.333615000378447268e-01,2.501381286458203235e+00,-7.942957812695615738e-01,7.289686274214117745e-01,2.500784089374982422e+00,7.085768472123847861e-01,2.598878246949910542e-01,-2.318306280348931582e-03,5.971970832208128854e-04,4.831864590968809429e-03,2.355510000000000104e-01
1.180000000000000071e+01,-8.248576957089301942e-01,7.543402523491308242e-01,2.514375677692952671e+00,-8.248576957089301942e-01,7.543402523491308242e-01,2.514375677692952671e+00,-8.230287172102177529e-01,7.501110696304597036e-01,2.513951626305612308e+00,6.972827651352484502e-01,2.762690128953934621e-01,-2.349120222120564244e-03,4.240513873403628509e-04,4.607727077058586772e-03,2.356320000000000359e-01
1.185000000000000142e+01,-8.532263549991765395e-01,7.746061838314861614e-01,2.528189128337722025e+00,-8.532263549991765395e-01,7.746061838314861614e-01,2.528189128337722025e+00,-8.515585831301453190e-01,7.705132427757892533e-01,2.527930718945283317e+00,6.856929902680271027e-01,2.934645152926825262e-01,-2.385750733908230479e-03,2.584093924387076413e-04,4.419686583066859478e-03,2.353810000000000069e-01
1.190000000000000036e+01,-8.814044777210512382e-01,7.941358920379252284e-01,2.542862354102355837e+00,-8.814044777210512382e-01,7.941358920379252284e-01,2.542862354102355837e+00,-8.798783397118309368e-01,7.901550123756908572e-01,2.542763451323974522e+00,6.738447881305724696e-01,3.115298838432394302e-01,-2.427944158633736811e-03,9.890277838131567023e-05,4.263390682118886263e-03,2.640250000000000097e-01
1.195000000000000107e+01,-9.093827759280447287e-01,8.129071166647291458e-01,2.558438848294517953e+00,-9.093827759280447287e-01,8.129071166647291458e-01,2.558438848294517953e+00,-9.079809994790933869e-01,8.090169943749472292e-01,2.558494545426455602e+00,6.617758942938936073e-01,3.305210438541576479e-01,-2.475485606661189525e-03,-5.569713193764869175e-05,4.134976256557313865e-03,2.587150000000000283e-01
1.200000000000000000e+01,-9.371522869855130056e-01,8.308987167380869066e-01,2.574964900487225705e+00,-9.371522869855130056e-01,8.308987167380869066e-01,2.574964900487225705e+00,-9.358596285211463472e-01,8.270805742745616085e-01,2.575171371992997393e+00,6.495247206055666522e-01,3.504934693640155419e-01,-2.528190034251317532e-03,-2.064715057716881574e-04,4.031026888681567624e-03,2.419530000000000292e-01
1.205000000000000071e+01,-9.647043522120747339e-01,8.480906513527144419e-01,2.592489573955425897e+00,-9.647043522120747339e-01,8.480906513527144419e-01,2.592489573955425897e+00,-9.635073482034315351e-01,8.443279255020157414e-01,2.592843916379345082e+00,6.371305520077559237e-01,3.715010939504275744e-01,-2.585893104080927603e-03,-3.543424239191850234e-04,3.948534465371189572e-03,2.433560000000000167e-01
1.210000000000000142e+01,-9.920306001652903216e-01,8.644639633122680467e-01,2.611064628652947306e+00,-9.920306001652903216e-01,8.644639633122680467e-01,2.611064628652947306e+00,-9.909173368648150904e-01,8.607420270039436438e-01,2.611564685500641581e+00,6.246337339631754526e-01,3.935948992626940313e-01,-2.648441757914067954e-03,-5.000568476942746088e-04,3.884863583114404537e-03,2.394790000000000252e-01
1.215000000000000036e+01,-1.019122934251789570e+00,8.800007650153405248e-01,2.630744373616082044e+00,-1.019122934251789570e+00,8.800007650153405248e-01,2.630744373616082044e+00,-1.018082831500742413e+00,8.763066800438635839e-01,2.631388538998241877e+00,6.120758494967699637e-01,4.168211167681295515e-01,-2.715684438014295300e-03,-6.441653821598336549e-04,3.837717747467582225e-03,2.350810000000000122e-01
1.220000000000000107e+01,-1.045973524372409313e+00,8.946842259086996707e-01,2.651585429454488718e+00,-1.045973524372409313e+00,8.946842259086996707e-01,2.651585429454488718e+00,-1.044997129431898264e+00,8.910065241883681209e-01,2.652372424588198996e+00,5.994998835711760066e-01,4.412189729939964833e-01,-2.787460910288848057e-03,-7.869951337102776279e-04,3.805106703311382597e-03,2.663900000000000157e-01
1.225000000000000000e+01,-1.072574802307411312e+00,9.084985607908399041e-01,2.673646378104188592e+00,-1.072574802307411312e+00,9.084985607908399041e-01,2.673646378104188592e+00,-1.071653589957993535e+00,9.048270524660196878e-01,2.674574994186603938e+00,5.869503708631863548e-01,4.668179065089512192e-01,-2.863591671036780362e-03,-9.286160824153455451e-04,3.785314461434343119e-03,2.775210000000000177e-01
1.230000000000000071e+01,-1.098919460492331579e+00,9.214290181953223025e-01,2.696987273429636289e+00,-1.098919460492331579e+00,9.214290181953223025e-01,2.696987273429636289e+00,-1.098045635996263591e+00,9.177546256839812511e-01,2.698056074055866560e+00,5.744735209086857530e-01,4.936341882657866442e-01,-2.943866963292901019e-03,-1.068800626230270723e-03,3.776867693913525323e-03,2.417930000000000079e-01
1.235000000000000142e+01,-1.125000453713692172e+00,9.334618680195979623e-01,2.721668982842925466e+00,-1.125000453713692172e+00,9.334618680195979623e-01,2.721668982842925466e+00,-1.124166755704260501e+00,9.297764858882511252e-01,2.722875959199579476e+00,5.621173119616647007e-01,5.216668887722967218e-01,-3.028035490698682310e-03,-1.206976356654010374e-03,3.778504178240495951e-03,2.384270000000000000e-01
1.240000000000000036e+01,-1.150811003043705316e+00,9.445843875016881608e-01,2.747752327281540730e+00,-1.150811003043705316e+00,9.445843875016881608e-01,2.747752327281540730e+00,-1.150010504086557805e+00,9.408807689542257879e-01,2.749094500030645705e+00,5.499315417227019775e-01,5.508931597738819796e-01,-3.115792998309968153e-03,-1.342172749104975082e-03,3.789140921831959160e-03,2.484159999999999979e-01
1.245000000000000107e+01,-1.176344601008987967e+00,9.547848446037081604e-01,2.775296985270234273e+00,-1.176344601008987967e+00,9.547848446037081604e-01,2.775296985270234273e+00,-1.175570504584946052e+00,9.510565162951535312e-01,2.776769948628337481e+00,5.379678193682190246e-01,5.812628394665479981e-01,-3.206770990521977220e-03,-1.472963358103207554e-03,3.807841547397199794e-03,2.415730000000000377e-01
1.250000000000000000e+01,-1.201595016525903281e+00,9.640524778702207476e-01,2.804360127243562317e+00,-1.201595016525903281e+00,9.640524778702207476e-01,2.804360127243562317e+00,-1.200840450651767810e+00,9.602936856769429541e-01,2.805957533592601472e+00,5.262794792431078061e-01,6.126924539354461352e-01,-3.300525972711070878e-03,-1.597406349039154350e-03,3.833782519999786274e-03,2.390580000000000205e-01
1.255000000000000071e+01,-1.226556297519290739e+00,9.723774719404358891e-01,2.834994749940334735e+00,-1.226556297519290739e+00,9.723774719404358891e-01,2.834994749940334735e+00,-1.225814107305953193e+00,9.685831611286311871e-01,2.836707737742125701e+00,5.149213926129919683e-01,6.450587785280637032e-01,-3.396529726403105763e-03,-1.712987801790966103e-03,3.866217899879944350e-03,2.272659999999999958e-01
1.260000000000000142e+01,-1.251222768380770400e+00,9.797509281760909960e-01,2.867247688866737754e+00,-1.251222768380770400e+00,9.797509281760909960e-01,2.867247688866737754e+00,-1.250485312671410387e+00,9.759167619387474346e-01,2.869064263023926920e+00,5.039496508572816058e-01,6.781922446253313419e-01,-3.494161241859108230e-03,-1.816574157189165817e-03,3.904442554175046719e-03,2.403610000000000191e-01
1.265000000000000036e+01,-1.275589018573142219e+00,9.861648304097705431e-01,2.901157301098004737e+00,-1.275589018573142219e+00,9.861648304097705431e-01,2.901157301098004737e+00,-1.274847979497379935e+00,9.822872507286888322e-01,2.903061683423496575e+00,4.934210928026041554e-01,7.118706294823559100e-01,-3.592701012833083782e-03,-1.904382325491837946e-03,3.947754183702977676e-03,2.283280000000000309e-01
1.270000000000000107e+01,-1.299649877882313564e+00,9.916120067169928998e-01,2.936750832572122327e+00,-1.299649877882313564e+00,9.916120067169928998e-01,2.936750832572122327e+00,-1.298896096660366428e+00,9.876883405951375483e-01,2.938722810654413209e+00,4.833926525344712233e-01,7.458136425056960395e-01,-3.691328414384417635e-03,-1.971978082290881673e-03,3.995415118151745756e-03,2.254929999999999990e-01
1.275000000000000000e+01,-1.323400373303362798e+00,9.960860894440923818e-01,2.974041514697407074e+00,-1.323400373303362798e+00,9.960860894440923818e-01,2.974041514697407074e+00,-1.322623730647304097e+00,9.921147013144778759e-01,2.976055829719888024e+00,4.739205144043568962e-01,7.796792034383488446e-01,-3.789122801303402774e-03,-2.014315022480950290e-03,4.046615560101171107e-03,2.467620000000000369e-01
1.280000000000000071e+01,-1.346835662701710845e+00,9.995814774838491790e-01,3.013025474869325038e+00,-1.346835662701710845e+00,9.995814774838491790e-01,3.013025474869325038e+00,-1.346025027019547515e+00,9.955619646030801073e-01,3.015051301811087825e+00,4.650590813390758083e-01,8.130623659961638827e-01,-3.885068753382297287e-03,-2.025826941762787214e-03,4.100440708980546481e-03,2.444280000000000341e-01
1.285000000000000142e+01,-1.369950941706171488e+00,1.002093306832783526e+00,3.053678593169133038e+00,-1.369950941706171488e+00,1.002093306832783526e+00,3.053678593169133038e+00,-1.369094211857377452e+00,9.980267284282715590e-01,3.055679178538551533e+00,4.568597918579233585e-01,8.454979294917088772e-01,-3.978065546992057798e-03,-2.000585369418494963e-03,4.155844794245538813e-03,2.252930000000000210e-01
1.290000000000000036e+01,-1.392741323271200704e+00,1.003617437402771762e+00,3.095953489643719081e+00,-1.392741323271200704e+00,1.003617437402771762e+00,3.095953489643719081e+00,-1.391825593184628618e+00,9.995065603657316000e-01,3.097886020062568413e+00,4.493698581414276028e-01,8.764677442770228977e-01,-4.066940481977013647e-03,-1.932530418849331966e-03,4.211635264967447320e-03,2.248520000000000241e-01
1.295000000000000107e+01,-1.415201694286347456e+00,1.004150465223878408e+00,3.139776876857570009e+00,-1.415201694286347456e+00,1.004150465223878408e+00,3.139776876857570009e+00,-1.414213562373094923e+00,1.000000000000000000e+00,-3.141592653589789119e+00,4.426310348578120224e-01,9.054134961521160818e-01,-4.150465223878412220e-03,-1.815776732227547541e-03,4.266469999028722759e-03,2.377760000000000151e-01
1.300000000000000000e+01,-1.437326560273034515e+00,1.003689768668589943e+00,-3.098137755514410507e+00,-1.437326560273034515e+00,1.003689768668589943e+00,-3.098137755514410507e+00,-1.436252595526377851e+00,9.995065603657314890e-01,-3.096492768355988634e+00,4.366785536991652505e-01,9.317553083644338763e-01,-4.227373970603238822e-03,-1.644987158421873374e-03,4.318869294406259274e-03,2.338480000000000281e-01
1.305000000000000071e+01,-1.459109896494029890e+00,1.002233594278796103e+00,-3.051549990096188658e+00,-1.459109896494029890e+00,1.002233594278796103e+00,-3.051549990096188658e+00,-1.457937254842823105e+00,9.980267284282715590e-01,-3.050134194394636289e+00,4.315403566726166429e-01,9.549158257578673759e-01,-4.296382177503411774e-03,-1.415795701552369223e-03,4.367242691499358988e-03,2.346200000000000230e-01
1.310000000000000142e+01,-1.480545029654724676e+00,9.997811817926396394e-01,-3.003804198808295300e+00,-1.480545029654724676e+00,9.997811817926396394e-01,-3.003804198808295300e+00,-1.479262189957220031e+00,9.955619646030798853e-01,-3.002678949097498329e+00,4.272367214221045040e-01,9.743486043809292951e-01,-4.356204890754774434e-03,-1.125249710796971669e-03,4.409928727561287717e-03,2.296310000000000295e-01
1.315000000000000036e+01,-1.501624576187353455e+00,9.963329196473583727e-01,-2.955086768589248791e+00,-1.501624576187353455e+00,9.963329196473583727e-01,-2.955086768589248791e+00,-1.500222139260919629e+00,9.921147013144777649e-01,-2.954314537334558732e+00,4.237802965084331297e-01,9.895687518663501825e-01,-4.405574439915131875e-03,-7.722312546900589325e-04,4.445244114385081373e-03,2.429460000000000230e-01
1.320000000000000107e+01,-1.522340458708010935e+00,9.918905134258280132e-01,-2.905608330995931077e+00,-1.522340458708010935e+00,9.918905134258280132e-01,-2.905608330995931077e+00,-1.520811931200061196e+00,9.876883405951378814e-01,-2.905250519728246772e+00,4.211764737515795165e-01,1.000183033203934535e+00,-4.443258145405157809e-03,-3.578112676843048234e-04,4.471538084546452033e-03,2.302920000000000245e-01
1.325000000000000000e+01,-1.542684011158371726e+00,9.864571431774301624e-01,-2.855599179335734483e+00,-1.542684011158371726e+00,9.864571431774301624e-01,-2.855599179335734483e+00,-1.541026485551578729e+00,9.822872507286886101e-01,-2.855713690087236412e+00,4.194239513305276779e-01,1.005916267827691390e+00,-4.468077469758421384e-03,1.145107515019283539e-04,4.487247950720610508e-03,2.291400000000000103e-01
1.330000000000000071e+01,-1.562646167448714873e+00,9.800375839294248603e-01,-2.805303365944349814e+00,-1.562646167448714873e+00,9.800375839294248603e-01,-2.805303365944349814e+00,-1.560860814676660713e+00,9.759167619387469905e-01,-2.805942088609573837e+00,4.185153157216562891e-01,1.006630944456710752e+00,-4.478930309470077059e-03,6.387226652240229896e-04,4.490952950046993644e-03,2.261140000000000372e-01
1.335000000000000142e+01,-1.582217712329422099e+00,9.726382682803204061e-01,-2.754971818721514421e+00,-1.582217712329422099e+00,9.726382682803204061e-01,-2.754971818721514421e+00,-1.580310024751380826e+00,9.685831611286310761e-01,-2.756178217799814423e+00,4.184375034723902820e-01,1.002337617177545992e+00,-4.474817650288741115e-03,1.206399078300002259e-03,4.481424539930905886e-03,2.493370000000000308e-01
1.340000000000000036e+01,-1.601389561517258420e+00,9.642672798294301684e-01,-2.704854937862636977e+00,-1.601389561517258420e+00,9.642672798294301684e-01,-2.704854937862636977e+00,-1.599369316974180943e+00,9.602936856769430651e-01,-2.706661930051134313e+00,4.191720795103733299e-01,9.931947405458610989e-01,-4.454874633258199511e-03,1.806992188497336116e-03,4.457671870215888787e-03,2.581130000000000368e-01
1.345000000000000107e+01,-1.620153034091839084e+00,9.549342785368495345e-01,-2.655195200835343883e+00,-1.620153034091839084e+00,9.549342785368495345e-01,-2.655195200835343883e+00,-1.618033988749894680e+00,9.510565162951536422e-01,-2.657623499136292367e+00,4.206953538929435465e-01,9.794979575222653168e-01,-4.418404536382672561e-03,2.428298300948483757e-03,4.418981009728218876e-03,2.429560000000000053e-01
1.350000000000000000e+01,-1.638500084377273902e+00,9.446503704090291054e-01,-2.606220302959230573e+00,-1.638500084377273902e+00,9.446503704090291054e-01,-2.606220302959230573e+00,-1.636299434850047696e+00,9.408807689542250108e-01,-2.609277363450283271e+00,4.229784210106674047e-01,9.616602065346389061e-01,-4.364912767960983306e-03,3.057060491052698836e-03,4.364945987036044327e-03,2.477940000000000142e-01
1.355000000000000071e+01,-1.656423470786089425e+00,9.334279413742895271e-01,-2.558137292632498561e+00,-1.656423470786089425e+00,9.334279413742895271e-01,-2.558137292632498561e+00,-1.654161148549124327e+00,9.297764858882510142e-01,-2.561816941836498884e+00,4.259872273210790761e-01,9.401850976769450252e-01,-4.294137150905665522e-03,3.679649204000323692e-03,4.295489386599332833e-03,2.401800000000000324e-01
1.360000000000000142e+01,-1.673916851868820999e+00,9.212804776720077138e-01,-2.511128037748651121e+00,-1.673916851868820999e+00,9.212804776720077138e-01,-2.511128037748651121e+00,-1.671614722736540104e+00,9.177546256839814731e-01,-2.515410790842174560e+00,4.296827579677274245e-01,9.156366295961716473e-01,-4.206070792623780100e-03,4.282753093523439247e-03,4.210870549324091661e-03,2.380260000000000153e-01
1.365000000000000036e+01,-1.690974811653966459e+00,9.082223930045894011e-01,-2.465346206268842710e+00,-1.690974811653966459e+00,9.082223930045894011e-01,-2.465346206268842710e+00,-1.688655851004029707e+00,9.048270524660200209e-01,-2.470200220386371548e+00,4.340213940386068447e-01,8.886084047722632162e-01,-4.100974639645779338e-03,4.854014117528837602e-03,4.111680419099676340e-03,2.377450000000000119e-01
1.370000000000000107e+01,-1.707592825026434280e+00,8.942688776276916940e-01,-2.420915786030229722e+00,-1.707592825026434280e+00,8.942688776276916940e-01,-2.420915786030229722e+00,-1.705280328708184800e+00,8.910065241883675657e-01,-2.426298338943760680e+00,4.389554483786673456e-01,8.596951067270733882e-01,-3.979378143467831794e-03,5.382552913530957994e-03,3.998823475097065296e-03,2.551889999999999992e-01
1.375000000000000000e+01,-1.723767178585227988e+00,8.794357783012899388e-01,-2.377931030693876124e+00,-1.723767178585227988e+00,8.794357783012899388e-01,-2.377931030693876124e+00,-1.721484054007887510e+00,8.763066800438633619e-01,-2.383790380104096940e+00,4.444338519575677937e-01,8.294682792156715667e-01,-3.842067952247105612e-03,5.859349410220815457e-03,3.873488574952323182e-03,2.364130000000000120e-01
1.380000000000000071e+01,-1.739494863511518608e+00,8.637395121051675284e-01,-2.336457616733092379e+00,-1.739494863511518608e+00,8.637395121051675284e-01,-2.336457616733092379e+00,-1.737263028876382620e+00,8.607420270039435328e-01,-2.342735081697068900e+00,4.504029409809255369e-01,7.984575857653646302e-01,-3.690065864610589906e-03,6.277464963976520096e-03,3.737111554483276560e-03,2.360230000000000383e-01
1.385000000000000142e+01,-1.754773455465061360e+00,8.471970124703667171e-01,-2.296534737444824170e+00,-1.754773455465061360e+00,8.471970124703667171e-01,-2.296534737444824170e+00,-1.752613360087727168e+00,8.443279255020150753e-01,-2.303166849242192615e+00,4.568072874548845252e-01,7.671379033937676395e-01,-3.524598225151067375e-03,6.632111797368445139e-03,3.591332910096996494e-03,2.339290000000000258e-01
1.390000000000000036e+01,-1.769600993552911339e+00,8.298257027445088418e-01,-2.258177842275135738e+00,-1.769600993552911339e+00,8.298257027445088418e-01,-2.258177842275135738e+00,-1.767531260177386709e+00,8.270805742745619416e-01,-2.265098432522958838e+00,4.635905195352271746e-01,7.359219393210489901e-01,-3.347059430863124577e-03,6.920590247823099617e-03,3.437953833644888466e-03,2.291800000000000226e-01
1.395000000000000107e+01,-1.783975866954195189e+00,8.116434911137345720e-01,-2.221381745309083389e+00,-1.783975866954195189e+00,8.116434911137345720e-01,-2.221381745309083389e+00,-1.782013048376735576e+00,8.090169943749476733e-01,-2.228523868394608698e+00,4.706960883440490795e-01,7.051576112210192759e-01,-3.158972289841614593e-03,7.142123085525309278e-03,3.278893393643470423e-03,2.256130000000000357e-01
1.400000000000000000e+01,-1.797896714512960514e+00,7.926687804265500903e-01,-2.186123864748032553e+00,-1.797896714512960514e+00,7.926687804265500903e-01,-2.186123864748032553e+00,-1.796055151521231075e+00,7.901550123756906352e-01,-2.193421483935332983e+00,4.780679510414850841e-01,6.751292004846463080e-01,-2.961947729824584812e-03,7.297619187300430355e-03,3.116148915894300948e-03,2.238799999999999957e-01
1.405000000000000071e+01,-1.811362339899433849e+00,7.729204870056174403e-01,-2.152367404723800171e+00,-1.811362339899433849e+00,7.729204870056174403e-01,-2.152367404723800171e+00,-1.809654104932039598e+00,7.705132427757885871e-01,-2.159756802087212879e+00,4.856511528902801578e-01,6.460612372531417957e-01,-2.757645917539247680e-03,7.389397363412708586e-03,2.951760743331469181e-03,2.305820000000000092e-01
1.410000000000000142e+01,-1.824371642920213032e+00,7.524180635216233259e-01,-2.120064342861143203e+00,-1.824371642920213032e+00,7.524180635216233259e-01,-2.120064342861143203e+00,-1.822806553270890140e+00,7.501110696304601477e-01,-2.127485239566102138e+00,4.933923021245186780e-01,6.181241522186333714e-01,-2.547740332420970685e-03,7.420896704958934720e-03,2.787781631383971608e-03,2.269650000000000001e-01
1.415000000000000036e+01,-1.836923566205053815e+00,7.311815221495565620e-01,-2.089158135250211323e+00,-1.836923566205053815e+00,7.311815221495565620e-01,-2.089158135250211323e+00,-1.835509251367962502e+00,7.289686274214109973e-01,-2.096554529215124418e+00,5.012399398839026965e-01,5.914408797520832595e-01,-2.333885825032203966e-03,7.396393964913094976e-03,2.626250090199152946e-03,2.233479999999999910e-01
1.420000000000000107e+01,-1.849017055704223811e+00,7.092314553376921626e-01,-2.059586091262607166e+00,-1.849017055704223811e+00,7.092314553376921626e-01,-2.059586091262607166e+00,-1.847759065022573699e+00,7.071067811865471286e-01,-2.066906833657933262e+00,5.091448132338328714e-01,5.660937755672116323e-01,-2.117691235226967783e-03,7.320742395326096386e-03,2.469166013791373928e-03,2.343490000000000295e-01
1.425000000000000000e+01,-1.860651033059725012e+00,6.865890524834133979e-01,-2.031281402484246712e+00,-1.860651033059725012e+00,6.865890524834133979e-01,-2.031281402484246712e+00,-1.859552971776502917e+00,6.845471059286883930e-01,-2.038480543411676393e+00,5.170600626801962196e-01,5.421313886694433259e-01,-1.900696774322367189e-03,7.199140927429681369e-03,2.318465939811209346e-03,2.385070000000000245e-01
1.430000000000000071e+01,-1.871824377834723441e+00,6.632761115819004738e-01,-2.004174833050774485e+00,-1.871824377834723441e+00,6.632761115819004738e-01,-2.004174833050774485e+00,-1.870888061659734758e+00,6.613118653236517153e-01,-2.011211771068128762e+00,5.249413370977535909e-01,5.195747832181274450e-01,-1.684356095694514947e-03,7.036938017354277264e-03,2.175994334227386324e-03,2.242000000000000104e-01
1.435000000000000142e+01,-1.882535917688483718e+00,6.393150454902580826e-01,-1.978196093889868168e+00,-1.882535917688483718e+00,6.393150454902580826e-01,-1.978196093889868168e+00,-1.881761537908450910e+00,6.374239897486897455e-01,-1.985035564911764361e+00,5.327468491441997855e-01,4.984232326860676965e-01,-1.470022783055214069e-03,6.839471021896414982e-03,2.043466628414135258e-03,2.242000000000000104e-01
1.440000000000000036e+01,-1.892784424785922015e+00,6.147288828513840508e-01,-1.953274932255564700e+00,-1.892784424785922015e+00,6.147288828513840508e-01,-1.953274932255564700e+00,-1.892170717655091261e+00,6.129070536529752644e-01,-1.959886871818177001e+00,5.404373834891718076e-01,4.786592048601642224e-01,-1.258940862368859975e-03,6.611939562612079158e-03,1.922419847641850888e-03,2.242110000000000214e-01
1.445000000000000107e+01,-1.902568616973703275e+00,5.895412639801416166e-01,-1.929341972012556417e+00,-1.902568616973703275e+00,5.895412639801416166e-01,-1.929341972012556417e+00,-1.902113032590307062e+00,5.877852522924733591e-01,-1.935701281842189481e+00,5.479762689257586805e-01,4.602526244424742230e-01,-1.052238876958845864e-03,6.359309829632842082e-03,1.814148333963358289e-03,2.321350000000000080e-01
1.450000000000000000e+01,-1.911887162501704873e+00,5.637764321624000319e-01,-1.906329340790432703e+00,-1.911887162501704873e+00,5.637764321624000319e-01,-1.906329340790432703e+00,-1.911586029596660019e+00,5.620833778521310276e-01,-1.912415586767248543e+00,5.553293239288366046e-01,4.431644449402591945e-01,-8.509270413040914607e-04,6.086245976815618519e-03,1.719626100063966585e-03,2.251620000000000288e-01
1.455000000000000071e+01,-1.920738687298344072e+00,5.374592208857140729e-01,-1.884171118543419787e+00,-1.920738687298344072e+00,5.374592208857140729e-01,-1.884171118543419787e+00,-1.920587371353885908e+00,5.358267949789972118e-01,-1.889968183021274895e+00,5.624647836729482764e-01,4.273495882944128854e-01,-6.558969947433123488e-04,5.797064477855329301e-03,1.639423940281351574e-03,2.226980000000000071e-01
1.460000000000000142e+01,-1.929121784010345175e+00,5.106150375341671488e-01,-1.862803639128699063e+00,-1.929121784010345175e+00,5.106150375341671488e-01,-1.862803639128699063e+00,-1.929114836915596376e+00,5.090414157503705406e-01,-1.868299346513839110e+00,5.693532150443473272e-01,4.127593241461932072e-01,-4.679237015368898581e-04,5.495707385140047307e-03,1.573637118450333218e-03,2.242900000000000171e-01
1.465000000000000036e+01,-1.937035022188642541e+00,4.832698440590277311e-01,-1.842165672921389330e+00,-1.937035022188642541e+00,4.832698440590277311e-01,-1.842165672921389330e+00,-1.937166322257262374e+00,4.817536741017146573e-01,-1.847351403644320378e+00,5.759674248461893464e-01,3.993431648670054401e-01,-2.876690806855112777e-04,5.185730722931047865e-03,1.521844620018187244e-03,2.354820000000000246e-01
1.470000000000000107e+01,-1.944476959143031758e+00,4.554501350960253325e-01,-1.822198514678039061e+00,-1.944476959143031758e+00,4.554501350960253325e-01,-1.822198514678039061e+00,-1.944739840795352892e+00,4.539904997395479147e-01,-1.827068819336153060e+00,5.822823652348557699e-01,3.870503506814726435e-01,-1.156869918166623175e-04,4.870304658114221752e-03,1.483119056922285002e-03,2.252620000000000178e-01
1.475000000000000000e+01,-1.951446151101850601e+00,4.271829139495508798e-01,-1.802845997143965429e+00,-1.951446151101850601e+00,4.271829139495508798e-01,-1.802845997143965429e+00,-1.951833523877494869e+00,4.257792915650723264e-01,-1.807398219694992703e+00,5.882750394461108145e-01,3.758309938690890251e-01,4.757075167760143599e-05,4.552222551027274022e-03,1.456095280371310068e-03,2.249310000000000198e-01
1.480000000000000071e+01,-1.957941164403258272e+00,3.984956668107996758e-01,-1.784054447450510894e+00,-1.957941164403258272e+00,3.984956668107996758e-01,-1.784054447450510894e+00,-1.958445621243531498e+00,3.971478906347804538e-01,-1.788288363900391698e+00,5.939244100651456248e-01,3.656369438149694728e-01,2.017476268764502225e-04,4.233916449880581467e-03,1.439089060601686379e-03,2.232880000000000142e-01
1.485000000000000142e+01,-1.963960586515545836e+00,3.694163355250695280e-01,-1.765772600259762459e+00,-1.963960586515545836e+00,3.694163355250695280e-01,-1.765772600259762459e+00,-1.964574501457377442e+00,3.681245526846779748e-01,-1.769690077286353080e+00,5.992113114448656130e-01,3.564224267846628491e-01,3.465751457497970051e-04,3.917477026590621136e-03,1.430242798455623422e-03,2.293800000000000006e-01
1.490000000000000036e+01,-1.969503036739048030e+00,3.399732891756855890e-01,-1.747951478920529267e+00,-1.969503036739048030e+00,3.399732891756855890e-01,-1.747951478920529267e+00,-1.970218652309547736e+00,3.387379202452915350e-01,-1.751556155262603776e+00,6.041183673661469911e-01,3.481445064600279249e-01,4.818653040535308832e-04,3.604676342074508710e-03,1.427670143599202865e-03,2.252220000000000333e-01
1.495000000000000107e+01,-1.974567176484857134e+00,3.101952947094764323e-01,-1.730544253597527948e+00,-1.974567176484857134e+00,3.101952947094764323e-01,-1.730544253597527948e+00,-1.975376681190275319e+00,3.090169943749477843e-01,-1.733841245767693495e+00,6.086299146386525694e-01,3.407634039340061149e-01,6.075029042653344851e-04,3.296992170165324865e-03,1.429576701840270690e-03,2.216960000000000042e-01
1.500000000000000000e+01,-1.979151719058370507e+00,2.801114867917746665e-01,-1.713506083400827551e+00,-1.979151719058370507e+00,2.801114867917746665e-01,-1.713506083400827551e+00,-1.980047315433115074e+00,2.789911060392297748e-01,-1.716501716299272839e+00,6.127319330416395315e-01,3.342427092519512644e-01,7.234378912676531648e-04,2.995632898445066417e-03,1.434345110888125569e-03,2.466220000000000079e-01
1.505000000000000071e+01,-1.983255438900903611e+00,2.497513370475063776e-01,-1.696793947938229907e+00,-1.983255438900903611e+00,2.497513370475063776e-01,-1.696793947938229907e+00,-1.984229402628955752e+00,2.486898871648537679e-01,-1.699495510204537041e+00,6.164119817840999493e-01,3.285495107951660332e-01,8.296778124598459467e-04,2.701562266307355742e-03,1.440583630666565466e-03,2.343390000000000195e-01
1.510000000000000142e+01,-1.986877180261907849e+00,2.191446228185746081e-01,-1.680366472398471478e+00,-1.986877180261907849e+00,2.191446228185746081e-01,-1.680366472398471478e+00,-1.987921910910359413e+00,2.181432413965416761e-01,-1.682781995795973540e+00,6.196591425061436231e-01,3.236544638370010829e-01,9.262804905563159748e-04,2.415523397502283842e-03,1.447144388168202910e-03,2.326060000000000072e-01
1.515000000000000036e+01,-1.990015865289122443e+00,1.883213955459611677e-01,-1.664183749206621377e+00,-1.990015865289122443e+00,1.883213955459611677e-01,-1.664183749206621377e+00,-1.991123929206159993e+00,1.873813145857239348e-01,-1.666321810950855298e+00,6.224639687363159313e-01,3.195318153953004003e-01,1.013346977218110507e-03,2.138061744234143191e-03,1.453120041855164536e-03,2.287390000000000256e-01
1.520000000000000107e+01,-1.992670501535283245e+00,1.573119488670974286e-01,-1.648207158436856279e+00,-1.992670501535283245e+00,1.573119488670974286e-01,-1.648207158436856279e+00,-1.993834667466255928e+00,1.564344650402320902e-01,-1.650076705123150855e+00,6.248184416505323524e-01,3.161593990011405397e-01,1.091014838604558151e-03,1.869546686294576432e-03,1.457827212411584930e-03,2.406710000000000238e-01
1.525000000000000000e+01,-1.994840188888619137e+00,1.261467865045821923e-01,-1.632399188486799213e+00,-1.994840188888619137e+00,1.261467865045821923e-01,-1.632399188486799213e+00,-1.996053456856543118e+00,1.253332335643038975e-01,-1.634009380114820775e+00,6.267159319407531459e-01,3.135186100989877933e-01,1.159451809579236693e-03,1.610191628021340193e-03,1.460783196995996775e-03,2.296900000000000053e-01
1.530000000000000071e+01,-1.996524125940914329e+00,9.485659001060946227e-02,-1.616723257981849793e+00,-1.996524125940914329e+00,9.485659001060946227e-02,-1.616723257981849793e+00,-1.997779749923940029e+00,9.410831331851238213e-02,-1.618083330494513472e+00,6.281511675861632948e-01,3.115943703969176748e-01,1.218849841384978547e-03,1.360072512663457189e-03,1.461680401006003717e-03,2.259740000000000082e-01
1.535000000000000142e+01,-1.997721615811817619e+00,6.347218642209608019e-02,-1.601143539462003940e+00,-1.997721615811817619e+00,6.347218642209608019e-02,-1.601143539462003940e+00,-1.999013120731463200e+00,6.279051952931338776e-02,-1.602262684194616593e+00,6.291202073222706970e-01,3.103750875129042130e-01,1.269419557851717006e-03,1.119144732612653570e-03,1.460361157448645999e-03,2.230080000000000118e-01
1.540000000000000036e+01,-1.998432071451739622e+00,3.202451587399243044e-02,-1.585624785086358735e+00,-1.998432071451739622e+00,3.202451587399243044e-02,-1.585624785086358735e+00,-1.999753264963321175e+00,3.141075907812847928e-02,-1.586512043544509698e+00,6.296204196184389534e-01,3.098526146386880731e-01,1.311385127364059168e-03,8.872584581509634916e-04,1.456794322996345136e-03,2.348000000000000087e-01
1.545000000000000107e+01,-1.998655020448298236e+00,5.445992123071716207e-04,-1.570132154354424436e+00,-1.998655020448298236e+00,5.445992123071716207e-04,-1.570132154354424436e+00,-2.000000000000000000e+00,3.673940397442059375e-16,-1.570796326794896558e+00,6.296504670006595195e-01,3.100222135762754627e-01,1.344979551701763754e-03,6.641724404721216501e-04,1.451054201792982296e-03,2.221360000000000001e-01
1.550000000000000000e+01,-1.998390109363098466e+00,-3.093649435641829953e-02,-1.554631043675610558e+00,-1.998390109363098466e+00,-3.093649435641829953e-02,-1.554631043675610558e+00,-1.999753264963321175e+00,-3.141075907812952012e-02,-1.555080610045277867e+00,6.292102955888556615e-01,3.108825233406196653e-01,1.370440368267097486e-03,4.495663696673091181e-04,1.443301845311076043e-03,2.229080000000000228e-01
1.555000000000000071e+01,-1.997637107626762276e+00,-6.238767954627832957e-02,-1.539086917508579511e+00,-1.997637107626762276e+00,-6.238767954627832957e-02,-1.539086917508579511e+00,-1.999013120731462978e+00,-6.279051952931442859e-02,-1.539329969395176523e+00,6.283011297554763619e-01,3.124355355044394766e-01,1.388005759027114479e-03,2.430518865970121567e-04,1.433768501621021608e-03,2.241000000000000214e-01
1.560000000000000142e+01,-1.996395911020709457e+00,-9.377788717400976914e-02,-1.523465140733357481e+00,-1.996395911020709457e+00,-9.377788717400976914e-02,-1.523465140733357481e+00,-1.997779749923940029e+00,-9.410831331851342296e-02,-1.523509323095284085e+00,6.269254718539769566e-01,3.146865765170440143e-01,1.397911057545705559e-03,4.418236192638147486e-05,1.422740857312371513e-03,2.286880000000000024e-01
1.565000000000000036e+01,-1.994666544774265082e+00,-1.250760962145843758e-01,-1.507730811907505242e+00,-1.994666544774265082e+00,-1.250760962145843758e-01,-1.507730811907505242e+00,-1.996053456856543118e+00,-1.253332335643031759e-01,-1.507583273474971675e+00,6.250871070095891380e-01,3.176442963220075244e-01,1.400385644731207743e-03,-1.475384325333450874e-04,1.410547673986670136e-03,2.235390000000000155e-01
1.570000000000000107e+01,-1.992449166305310992e+00,-1.562513657053148375e-01,-1.491848597091404827e+00,-1.992449166305310992e+00,-1.562513657053148375e-01,-1.491848597091404827e+00,-1.993834667466255928e+00,-1.564344650402313686e-01,-1.491515948466644481e+00,6.227911130100275416e-01,3.213206616662780957e-01,1.395650224293096481e-03,-3.326486247603455126e-04,1.397547435125777492e-03,2.252320000000000155e-01
1.575000000000000000e+01,-1.989744067631926461e+00,-1.872728664753101624e-01,-1.475782564008090825e+00,-1.989744067631926461e+00,-1.872728664753101624e-01,-1.475782564008090825e+00,-1.991123929206159993e+00,-1.873813145857249618e-01,-1.475270842638938706e+00,6.200438753795715074e-01,3.257309514809686446e-01,1.383914470340039463e-03,-5.117213691523403440e-04,1.384116670190335208e-03,2.538250000000000228e-01
1.580000000000000071e+01,-1.986551677481278144e+00,-2.181099126788900722e-01,-1.459496016434042476e+00,-1.986551677481278144e+00,-2.181099126788900722e-01,-1.459496016434042476e+00,-1.987921910910359413e+00,-2.181432413965427031e-01,-1.458810657793819576e+00,6.168531077641926652e-01,3.308937505788521749e-01,1.365375042104095002e-03,-6.853586402231215402e-04,1.370638702792308268e-03,2.297000000000000153e-01
1.585000000000000142e+01,-1.982872563120413600e+00,-2.487319931132552508e-01,-1.442951328905099917e+00,-1.982872563120413600e+00,-2.487319931132552508e-01,-1.442951328905099917e+00,-1.984229402628955752e+00,-2.486898871648547671e-01,-1.442097143385252300e+00,6.132278777988581231e-01,3.368309365787466869e-01,1.340213964411795470e-03,-8.541855198478387479e-04,1.357492675056337509e-03,2.386469999999999980e-01
1.590000000000000036e+01,-1.978707431931550964e+00,-2.791088023024315690e-01,-1.426109782076162569e+00,-1.978707431931550964e+00,-2.791088023024315690e-01,-1.426109782076162569e+00,-1.980047315433115074e+00,-2.789911060392290532e-01,-1.425090937290524495e+00,6.091786386686424137e-01,3.435676533842927927e-01,1.308597377330752900e-03,-1.018844785638073347e-03,1.345042827621312480e-03,2.322560000000000180e-01
1.595000000000000107e+01,-1.974057132751851018e+00,-3.092102713313779061e-01,-1.408931399406947893e+00,-1.974057132751851018e+00,-3.092102713313779061e-01,-1.408931399406947893e+00,-1.975376681190275541e+00,-3.090169943749470627e-01,-1.407751407822099843e+00,6.047172666087354820e-01,3.511322626356103149e-01,1.270674664454988058e-03,-1.179991584848050223e-03,1.333628157784532732e-03,2.352609999999999979e-01
1.600000000000000000e+01,-1.968922656994453790e+00,-3.390065984160999801e-01,-1.391374786275167308e+00,-1.968922656994453790e+00,-3.390065984160999801e-01,-1.391374786275167308e+00,-1.970218652309547958e+00,-3.387379202452908689e-01,-1.390036498327185344e+00,5.998571046167141541e-01,3.595562622393251861e-01,1.226577976625381873e-03,-1.338287947981964265e-03,1.323552725136161595e-03,2.231890000000000263e-01
1.605000000000000071e+01,-1.963305139563589430e+00,-3.684682791978400318e-01,-1.373396973163200974e+00,-1.963305139563589430e+00,-3.684682791978400318e-01,-1.373396973163200974e+00,-1.964574501457377220e+00,-3.681245526846789184e-01,-1.371902576303445809e+00,5.946130126664339599e-01,3.688741582908952599e-01,1.176422176644143641e-03,-1.494396859754942852e-03,1.315077006585706589e-03,2.314240000000000186e-01
1.610000000000000142e+01,-1.957205859571679474e+00,-3.975661367518710243e-01,-1.354953265248656225e+00,-1.957205859571679474e+00,-3.975661367518710243e-01,-1.354953265248656225e+00,-1.958445621243531720e+00,-3.971478906347797877e-01,-1.353304289689401418e+00,5.890014247145204385e-01,3.791232733386757370e-01,1.120305240781882539e-03,-1.648975559255028145e-03,1.308410798432882612e-03,2.253429999999999878e-01
1.615000000000000213e+01,-1.950626240860296345e+00,-4.262713513041634372e-01,-1.335997101581722468e+00,-1.950626240860296345e+00,-4.262713513041634372e-01,-1.335997101581722468e+00,-1.951833523877494647e+00,-4.257792915650732701e-01,-1.334194433894804410e+00,5.830404127709640782e-01,3.903434699334332181e-01,1.058309164703659464e-03,-1.802667686917835965e-03,1.303708199885587242e-03,2.491970000000000018e-01
1.619999999999999929e+01,-1.943567852319383782e+00,-4.545554896521826760e-01,-1.316479928085050766e+00,-1.943567852319383782e+00,-4.545554896521826760e-01,-1.316479928085050766e+00,-1.944739840795353114e+00,-4.539904997395472486e-01,-1.314523834253639389e+00,5.767497582580700666e-01,4.025767636756649170e-01,9.905014348166485839e-04,-1.956093831411376271e-03,1.301065174841255093e-03,2.431960000000000233e-01
1.625000000000000000e+01,-1.936032407989859649e+00,-4.823905342892761960e-01,-1.296351089901267573e+00,-1.936032407989859649e+00,-4.823905342892761960e-01,-1.296351089901267573e+00,-1.937166322257262152e+00,-4.817536741017155455e-01,-1.294241249945475625e+00,5.701510307976587200e-01,4.158667944925901749e-01,9.169371409523386068e-04,-2.109839955791947830e-03,1.300520074554307494e-03,2.289890000000000259e-01
1.630000000000000071e+01,-1.928021766923263769e+00,-5.097489122354085245e-01,-1.275557750176637972e+00,-1.928021766923263769e+00,-5.097489122354085245e-01,-1.275557750176637972e+00,-1.929114836915596154e+00,-5.090414157503714288e-01,-1.273293307075952230e+00,5.632676744308687811e-01,4.302581186501848176e-01,8.376618224100707780e-04,-2.264443100685742394e-03,1.302057327646277424e-03,2.389880000000000060e-01
1.635000000000000142e+01,-1.919537932757926946e+00,-5.366035235800900027e-01,-1.254044844244128765e+00,-1.919537932757926946e+00,-5.366035235800900027e-01,-1.254044844244128765e+00,-1.920587371353886130e+00,-5.358267949789965456e-01,-1.251624470568524217e+00,5.561251010767722658e-01,4.457952771355356281e-01,7.527151562979953175e-04,-2.420373675604547969e-03,1.305614294669518250e-03,2.287490000000000079e-01
1.640000000000000213e+01,-1.910583052953687355e+00,-5.629277697459723617e-01,-1.231755080387352042e+00,-1.910583052953687355e+00,-5.629277697459723617e-01,-1.231755080387352042e+00,-1.911586029596659797e+00,-5.620833778521319157e-01,-1.229177066822550568e+00,5.487507907520597916e-01,4.625215887779088875e-01,6.621356138971924146e-04,-2.578013564801473478e-03,1.311091078732413723e-03,2.250720000000000220e-01
1.644999999999999929e+01,-1.901159417605846391e+00,-5.886955814830310274e-01,-1.208629000948456600e+00,-1.901159417605846391e+00,-5.886955814830310274e-01,-1.208629000948456600e+00,-1.902113032590307284e+00,-5.877852522924728040e-01,-1.205891371747590091e+00,5.411743976839413772e-01,4.804776092524139508e-01,5.659662261183423613e-04,-2.737629200866287249e-03,1.318362914288300023e-03,2.228570000000000273e-01
1.650000000000000000e+01,-1.891269457733262493e+00,-6.138814466027106009e-01,-1.184605120485835883e+00,-1.891269457733262493e+00,-6.138814466027106009e-01,-1.184605120485835883e+00,-1.892170717655090817e+00,-6.129070536529760416e-01,-1.181705781771621444e+00,5.334278609227215417e-01,4.996991906872933487e-01,4.642616109310699940e-04,-2.899338714214216850e-03,1.327294642190049315e-03,2.636439999999999895e-01
1.655000000000000071e+01,-1.880915742904752941e+00,-6.384604374575260088e-01,-1.159620160951471135e+00,-1.880915742904752941e+00,-6.384604374575260088e-01,-1.159620160951471135e+00,-1.881761537908451132e+00,-6.374239897486890793e-01,-1.156557088678022094e+00,5.255455173678216241e-01,5.202150721190088589e-01,3.570964209376360906e-04,-3.063072273449041205e-03,1.337756719823953323e-03,2.471740000000000048e-01
1.660000000000000142e+01,-1.870100978032118499e+00,-6.624082381626072991e-01,-1.133609407345520736e+00,-1.870100978032118499e+00,-6.624082381626072991e-01,-1.133609407345520736e+00,-1.870888061659734314e+00,-6.613118653236524924e-01,-1.130380882521658137e+00,5.175642142233271015e-01,5.420439302238643231e-01,2.445753638877166936e-04,-3.228524823862599646e-03,1.349642189196341175e-03,2.269060000000000243e-01
1.665000000000000213e+01,-1.858827999117528718e+00,-6.857011715390343154e-01,-1.106507210834327459e+00,-1.858827999117528718e+00,-6.857011715390343154e-01,-1.106507210834327459e+00,-1.859552971776503139e+00,-6.845471059286878379e-01,-1.103112110178119831e+00,5.095234167565716454e-01,5.651908249757841007e-01,1.268449273129313923e-04,-3.395100656207628020e-03,1.362883996987575459e-03,2.251519999999999910e-01
1.669999999999999929e+01,-1.847099767699096562e+00,-7.083162257312176635e-01,-1.078247669585538304e+00,-1.847099767699096562e+00,-7.083162257312176635e-01,-1.078247669585538304e+00,-1.847759065022573921e+00,-7.071067811865465735e-01,-1.074685819931865627e+00,5.014653058063023305e-01,5.896429892989651922e-01,4.106893516580526100e-06,-3.561849653672677363e-03,1.377471984244714063e-03,2.599770000000000136e-01
1.675000000000000000e+01,-1.834919363694227368e+00,-7.302310804079291673e-01,-1.048765520120590100e+00,-1.834919363694227368e+00,-7.302310804079291673e-01,-1.048765520120590100e+00,-1.835509251367962058e+00,-7.289686274214117745e-01,-1.045038124374672694e+00,4.934348577380696099e-01,6.153649394067641776e-01,-1.233663457474063700e-04,-3.727395745917405634e-03,1.393468697456390305e-03,2.272760000000000336e-01
1.680000000000000071e+01,-1.822289976301299852e+00,-7.514241323938277706e-01,-1.017997273150252013e+00,-1.822289976301299852e+00,-7.514241323938277706e-01,-1.017997273150252013e+00,-1.822806553270890362e+00,-7.501110696304595926e-01,-1.014107414023694531e+00,4.854798974516062460e-01,6.422929280226454818e-01,-2.552147841601305192e-04,-3.889859126557482227e-03,1.411022886439263413e-03,2.253820000000000268e-01
1.685000000000000142e+01,-1.809214892595583546e+00,-7.718745204900869794e-01,-9.858826267491198614e-01,-1.809214892595583546e+00,-7.718745204900869794e-01,-9.858826267491198614e-01,-1.809654104932038265e+00,-7.705132427757903635e-01,-9.818358515025762401e-01,4.776511126036260824e-01,6.703288310529815774e-01,-3.909723847578965602e-04,-4.046775246543621307e-03,1.430379142722178112e-03,2.357810000000000183e-01
1.690000000000000213e+01,-1.795697483459303800e+00,-7.915621491237142537e-01,-9.523661851964706493e-01,-1.795697483459303800e+00,-7.915621491237142537e-01,-9.523661851964706493e-01,-1.796055151521231297e+00,-7.901550123756901911e-01,-9.481711696544552481e-01,4.700020144620292717e-01,6.993336539566528121e-01,-5.300477624342925286e-04,-4.195015542015401167e-03,1.451881630906151242e-03,2.251920000000000033e-01
1.694999999999999929e+01,-1.781741186539298027e+00,-8.104677103120473403e-01,-9.173995024986378866e-01,-1.781741186539298027e+00,-8.104677103120473403e-01,-9.173995024986378866e-01,-1.782013048376736020e+00,-8.090169943749472292e-01,-9.130687851951906353e-01,4.625888278526173458e-01,7.291209694857064827e-01,-6.717047682236388555e-04,-4.330717303447251254e-03,1.475969372585832131e-03,2.230180000000000218e-01
1.700000000000000000e+01,-1.767349486057422592e+00,-8.285727032426503103e-01,-8.809434540243525902e-01,-1.767349486057422592e+00,-8.285727032426503103e-01,-8.809434540243525902e-01,-1.767531260177387153e+00,-8.270805742745614975e-01,-8.764942210668307254e-01,4.554702896904846976e-01,7.594507519798977535e-01,-8.150441305913422221e-04,-4.449232957521864762e-03,1.503160233673934065e-03,2.226970000000000338e-01
1.705000000000000071e+01,-1.752525889545608839e+00,-8.458594505586251033e-01,-8.429709164253575970e-01,-1.752525889545608839e+00,-8.458594505586251033e-01,-8.429709164253575970e-01,-1.752613360087726724e+00,-8.443279255020156304e-01,-8.384258043476058297e-01,4.487073329311245251e-01,7.900242464153510724e-01,-9.589876999179705987e-04,-4.545112077751767288e-03,1.534020891240091798e-03,2.490969999999999851e-01
1.710000000000000142e+01,-1.737273901981968960e+00,-8.623111102282866591e-01,-8.034697041045899546e-01,-1.737273901981968960e+00,-8.623111102282866591e-01,-8.034697041045899546e-01,-1.737263028876382176e+00,-8.607420270039440879e-01,-7.988575718927242164e-01,4.423626309279548030e-01,8.204806843401245553e-01,-1.102267232642214394e-03,-4.612132211865738185e-03,1.569120896979700822e-03,2.434160000000000212e-01
1.715000000000000213e+01,-1.721596998409293144e+00,-8.779116817096562775e-01,-7.624456698875836658e-01,-1.721596998409293144e+00,-8.779116817096562775e-01,-7.624456698875836658e-01,-1.721484054007887954e+00,-8.763066800438630288e-01,-7.578022734856992848e-01,4.364999768693349491e-01,8.503968026275880998e-01,-1.243419976513264295e-03,-4.643396401884380964e-03,1.608970722234522120e-03,2.421540000000000081e-01
1.719999999999999929e+01,-1.705498596952227608e+00,-8.926460050649309697e-01,-7.199258297562041164e-01,-1.705498596952227608e+00,-8.926460050649309697e-01,-7.199258297562041164e-01,-1.705280328708185023e+00,-8.910065241883672327e-01,-7.152943146460319923e-01,4.311834751821859157e-01,8.792901906486764174e-01,-1.380793487691557662e-03,-4.631515110172124139e-03,1.653946362786784226e-03,2.411420000000000230e-01
1.725000000000000000e+01,-1.688982035208846488e+00,-9.064997518393872467e-01,-6.759613202237702012e-01,-1.688982035208846488e+00,-9.064997518393872467e-01,-6.759613202237702012e-01,-1.688655851004029929e+00,-9.048270524660196878e-01,-6.713924332034144626e-01,4.264765278101195767e-01,9.066274336467980977e-01,-1.512562014223475760e-03,-4.568887020355738571e-03,1.704206363424346383e-03,2.452700000000000158e-01
1.730000000000000071e+01,-1.672050554203271533e+00,-9.194594070208922387e-01,-6.306299485414301742e-01,-1.672050554203271533e+00,-9.194594070208922387e-01,-6.306299485414301742e-01,-1.671614722736539438e+00,-9.177546256839819172e-01,-6.261818627476207766e-01,4.224406096140084221e-01,9.318377815719447455e-01,-1.636756307385158838e-03,-4.448085793809397614e-03,1.759610318812546668e-03,2.515610000000000346e-01
1.735000000000000142e+01,-1.654707295268178724e+00,-9.315122423747491665e-01,-5.840380594628329369e-01,-1.654707295268178724e+00,-9.315122423747491665e-01,-5.840380594628329369e-01,-1.654161148549122773e+00,-9.297764858882520134e-01,-5.797757117532884585e-01,4.191338453458407498e-01,9.543326163286074415e-01,-1.751307790477082786e-03,-4.262347709544478391e-03,1.819650191424857649e-03,2.491669999999999996e-01
1.740000000000000213e+01,-1.636955316055248133e+00,-9.426462830013951910e-01,-5.363214286464024205e-01,-1.636955316055248133e+00,-9.426462830013951910e-01,-5.363214286464024205e-01,-1.636299434850047918e+00,-9.408807689542247887e-01,-5.323152901395076242e-01,4.166094268175570825e-01,9.735303161975048525e-01,-1.854106612288345139e-03,-4.006138506894796336e-03,1.883406489871716554e-03,2.522530000000000050e-01
1.744999999999999929e+01,-1.618797631869511200e+00,-9.528502710798204545e-01,-4.876449128365272223e-01,-1.618797631869511200e+00,-9.528502710798204545e-01,-4.876449128365272223e-01,-1.618033988749895125e+00,-9.510565162951534202e-01,-4.839691544535007495e-01,4.149139428301373278e-01,9.888852805530458090e-01,-1.943071340534385186e-03,-3.675758383026472842e-03,1.949540212884271449e-03,2.410820000000000185e-01
1.750000000000000000e+01,-1.600237287109701478e+00,-9.621136332229515142e-01,-4.382006488088747709e-01,-1.600237287109701478e+00,-9.621136332229515142e-01,-4.382006488088747709e-01,-1.599369316974180277e+00,-9.602936856769433982e-01,-4.349307235386516979e-01,4.140857333682590458e-01,9.999190033104184971e-01,-2.016226147596079325e-03,-3.269925270223072999e-03,2.016328650388536387e-03,2.386770000000000280e-01
1.755000000000000071e+01,-1.581277458244081835e+00,-9.704264601797484291e-01,-3.882046986433538294e-01,-1.581277458244081835e+00,-9.704264601797484291e-01,-3.882046986433538294e-01,-1.580310024751380160e+00,-9.685831611286314091e-01,-3.854144357899755846e-01,4.141534167495032337e-01,1.006250347443714332e+00,-2.071779670129553132e-03,-2.790262853378244756e-03,2.081749013365892520e-03,2.279170000000000085e-01
1.760000000000000142e+01,-1.561921584263293861e+00,-9.777795089639809145e-01,-3.378921812711679351e-01,-1.561921584263293861e+00,-9.777795089639809145e-01,-3.378921812711679351e-01,-1.560860814676658936e+00,-9.759167619387475456e-01,-3.356505649802157265e-01,4.151347624746392073e-01,1.007621772530790993e+00,-2.108198707355382964e-03,-2.241616290952208601e-03,2.143608778659341404e-03,2.399900000000000089e-01
1.765000000000000213e+01,-1.542173513412698371e+00,-9.841642368895814341e-01,-2.875110926446282633e-01,-1.542173513412698371e+00,-9.841642368895814341e-01,-2.875110926446282633e-01,-1.541026485551579173e+00,-9.822872507286884991e-01,-2.858789635025598130e-01,4.170360790267366169e-01,1.003918363476616671e+00,-2.124269923185792813e-03,-1.632129142068450278e-03,2.199715882191898616e-03,2.231890000000000263e-01
1.769999999999999929e+01,-1.522037647645744673e+00,-9.895728736294200356e-01,-2.373151744707975297e-01,-1.522037647645744673e+00,-9.895728736294200356e-01,-2.373151744707975297e-01,-1.520811931200061640e+00,-9.876883405951377704e-01,-2.363421338615432354e-01,4.198522423299252959e-01,9.951771670531812664e-01,-2.119143901956107873e-03,-9.730406092542942531e-04,2.248075969027508395e-03,2.228180000000000160e-01
1.775000000000000000e+01,-1.501519060956973517e+00,-9.939985311333738860e-01,-1.875563161181386107e-01,-1.501519060956973517e+00,-9.939985311333738860e-01,-1.875563161181386107e-01,-1.500222139260918963e+00,-9.921147013144778759e-01,-1.872781162552326073e-01,4.235674044253926462e-01,9.815854954422770229e-01,-2.092358144447193681e-03,-2.781998629060034034e-04,2.287098745629229362e-03,2.238300000000000012e-01
1.780000000000000071e+01,-1.480623567088479309e+00,-9.974353429969813334e-01,-1.384770413460247873e-01,-1.480623567088479309e+00,-9.974353429969813334e-01,-1.384770413460247873e-01,-1.479262189957219364e+00,-9.955619646030799963e-01,-1.389137044922952313e-01,4.281563075625648418e-01,9.634683011181269796e-01,-2.043838438795851729e-03,4.366631462704440025e-04,2.315792369849660991e-03,2.262949999999999962e-01
1.785000000000000142e+01,-1.459357717709022229e+00,-9.998786167812089287e-01,-9.030362629011845499e-02,-1.459357717709022229e+00,-9.998786167812089287e-01,-9.030362629011845499e-02,-1.457937254842823105e+00,-9.980267284282715590e-01,-9.145845919515682709e-02,4.335860178085030325e-01,9.412661761319157661e-01,-1.973880859070345582e-03,1.154832905038372104e-03,2.333924854402068001e-03,2.223170000000000146e-01
1.790000000000000213e+01,-1.437728723670204545e+00,-1.001324977533612604e+00,-4.324031748352252791e-02,-1.437728723670204545e+00,-1.001324977533612604e+00,-4.324031748352252791e-02,-1.436252595526377851e+00,-9.995065603657316000e-01,-4.509988523380714653e-02,4.398178220803724003e-01,9.155066830283791202e-01,-1.883118795239154290e-03,1.859567750284618626e-03,2.342134772689566900e-03,2.199320000000000164e-01
1.794999999999999929e+01,-1.415744306579460599e+00,-1.001772480480558114e+00,2.535016667896350384e-03,-1.415744306579460599e+00,-1.001772480480558114e+00,2.535016667896350384e-03,-1.414213562373095368e+00,-1.000000000000000000e+00,0.000000000000000000e+00,4.468090287955963080e-01,8.867723621213438046e-01,-1.772480480558114024e-03,2.535016667896350384e-03,2.341978838350219742e-03,2.284279999999999922e-01
1.800000000000000000e+01,-1.393412501394197811e+00,-1.001220676030656564e+00,4.687363477396333522e-02,-1.393412501394197811e+00,-1.001220676030656564e+00,4.687363477396333522e-02,-1.391825593184629062e+00,-9.995065603657316000e-01,4.370663352722781170e-02,4.545144743656176489e-01,8.556687960087496769e-01,-1.643142378376839840e-03,3.167001246735523523e-03,2.335908854886646971e-03,2.254420000000000035e-01
1.805000000000000071e+01,-1.370741439014200536e+00,-9.996706193313421585e-01,8.965707457440075245e-02,-1.370741439014200536e+00,-9.996706193313421585e-01,8.965707457440075245e-02,-1.369094211857376564e+00,-9.980267284282714479e-01,8.591347505124380390e-02,4.628876385838953111e-01,8.227956142985439758e-01,-1.496482773012341137e-03,3.743599523156948550e-03,2.327173093557293078e-03,2.256730000000000125e-01
1.810000000000000142e+01,-1.347739138919883173e+00,-9.971248267983582325e-01,1.307968552893279401e-01,-1.347739138919883173e+00,-9.971248267983582325e-01,1.307968552893279401e-01,-1.346025027019546183e+00,-9.955619646030798853e-01,1.265413517787061792e-01,4.718813733060668869e-01,7.887224722077300632e-01,-1.334038426403294899e-03,4.255503510621760910e-03,2.319637438977725525e-03,2.216450000000000364e-01
1.815000000000000213e+01,-1.324413336415915632e+00,-9.935871903886773771e-01,1.702329788997145599e-01,-1.324413336415915632e+00,-9.935871903886773771e-01,1.702329788997145599e-01,-1.322623730647304541e+00,-9.921147013144779869e-01,1.655368238699050920e-01,4.814483201674824020e-01,7.539710643349282204e-01,-1.157465673646065679e-03,4.696155029809467862e-03,2.317523005426844022e-03,2.703659999999999952e-01
1.819999999999999929e+01,-1.300771359607685307e+00,-9.890628650952866252e-01,2.079315321164609820e-01,-1.300771359607685307e+00,-9.890628650952866252e-01,2.079315321164609820e-01,-1.298896096660366872e+00,-9.876883405951376593e-01,2.028698429353830157e-01,4.915411228037330771e-01,7.190033421300552341e-01,-9.685061642017870958e-04,5.061689181077966282e-03,2.325065315877209229e-03,2.456910000000000205e-01
1.825000000000000000e+01,-1.276820061042481358e+00,-9.835581459001413451e-01,2.438816992229639879e-01,-1.276820061042481358e+00,-9.835581459001413451e-01,2.438816992229639879e-01,-1.274847979497379269e+00,-9.822872507286886101e-01,2.385309701662974291e-01,5.021125333204772279e-01,6.842154213484792358e-01,-7.689567500537796123e-04,5.350729056666558847e-03,2.346120235059174965e-03,2.273760000000000225e-01
1.830000000000000071e+01,-1.252565800483835146e+00,-9.770803481159195947e-01,2.780924702903879719e-01,-1.252565800483835146e+00,-9.770803481159195947e-01,2.780924702903879719e-01,-1.250485312671410165e+00,-9.759167619387473236e-01,2.725283905658661965e-01,5.131154868297193028e-01,6.499362425150844169e-01,-5.606427509537766779e-04,5.564079724521775461e-03,2.383770611731602772e-03,2.284079999999999999e-01
1.835000000000000142e+01,-1.228014469793121233e+00,-9.696377010856412904e-01,3.105892824161422539e-01,-1.228014469793121233e+00,-9.696377010856412904e-01,3.105892824161422539e-01,-1.225814107305952971e+00,-9.685831611286311871e-01,3.048849158476665266e-01,5.245031868424665511e-01,6.164298656247224617e-01,-3.453938676777217097e-04,5.704366568475727206e-03,2.440010163066573968e-03,2.421640000000000181e-01
1.840000000000000213e+01,-1.203171548440874705e+00,-9.612392609101477747e-01,3.414107756973785435e-01,-1.203171548440874705e+00,-9.612392609101477747e-01,3.414107756973785435e-01,-1.200840450651768254e+00,-9.602936856769431762e-01,3.356351199971934207e-01,5.362292180755069415e-01,5.839002848130450118e-01,-1.250222199740822675e-04,5.775655700185122754e-03,2.515577354013768998e-03,2.415620000000000267e-01
1.844999999999999929e+01,-1.178042178118196226e+00,-9.518948441349824874e-01,3.706057899380308385e-01,-1.178042178118196226e+00,-9.518948441349824874e-01,3.706057899380308385e-01,-1.175570504584946718e+00,-9.510565162951537532e-01,3.648227049614569673e-01,5.482476857578482132e-01,5.524977731287916694e-01,9.869776615485605000e-05,5.783084976573871216e-03,2.609973873815218341e-03,2.680819999999999870e-01
1.850000000000000000e+01,-1.152631246378643226e+00,-9.416149815733879658e-01,3.982306785944702554e-01,-1.152631246378643226e+00,-9.416149815733879658e-01,3.982306785944702554e-01,-1.150010504086557583e+00,-9.408807689542256769e-01,3.924981535591460791e-01,5.605133715813316320e-01,5.223259519239221715e-01,3.240476855034092954e-04,5.732525035324176343e-03,2.721646253954296702e-03,2.887919999999999932e-01
1.855000000000000071e+01,-1.126943471403766717e+00,-9.304108897270669809e-01,4.243469761906664139e-01,-1.126943471403766717e+00,-9.304108897270669809e-01,4.243469761906664139e-01,-1.124166755704261833e+00,-9.297764858882516803e-01,4.187166943902131955e-01,5.729818938282805751e-01,4.934489786990723381e-01,5.493816185822767003e-04,5.630281800453218466e-03,2.848265841978322999e-03,2.471939999999999971e-01
1.860000000000000142e+01,-1.100983482263971469e+00,-9.182944564350375982e-01,4.490194251256198754e-01,-1.100983482263971469e+00,-9.182944564350375982e-01,4.490194251256198754e-01,-1.098045635996262925e+00,-9.177546256839808070e-01,4.435365795339243355e-01,5.856098603774770872e-01,4.658984326742338644e-01,7.731405933246516312e-04,5.482845591695539866e-03,2.987031625623598734e-03,2.462210000000000232e-01
1.865000000000000213e+01,-1.074755891092409987e+00,-9.052782371964142039e-01,4.723143467593313716e-01,-1.074755891092409987e+00,-9.052782371964142039e-01,4.723143467593313716e-01,-1.071653589957994201e+00,-9.048270524660200209e-01,4.670176594031847372e-01,5.983550061712058499e-01,4.396796338752563815e-01,9.938648997359876558e-04,5.296687356146634329e-03,3.134938594221319593e-03,2.399100000000000121e-01
1.869999999999999929e+01,-1.048265355245917796e+00,-8.913754588411707536e-01,4.942983284530941823e-01,-1.048265355245917796e+00,-8.913754588411707536e-01,4.942983284530941823e-01,-1.044997129431898930e+00,-8.910065241883684539e-01,4.892202290015954524e-01,6.111763099648941377e-01,4.147772540632274629e-01,1.210204152618425157e-03,5.078099451498729877e-03,3.288983543506660782e-03,2.487359999999999849e-01
1.875000000000000000e+01,-1.021516628762754397e+00,-8.766000276729721818e-01,5.150371911562556804e-01,-1.021516628762754397e+00,-8.766000276729721818e-01,5.150371911562556804e-01,-1.018082831500742413e+00,-8.763066800438634729e-01,5.102041145915525711e-01,6.240340880456847206e-01,3.911601675524180588e-01,1.420925058619013472e-03,4.833076564703109312e-03,3.446304755546830256e-03,2.484860000000000124e-01
1.880000000000000071e+01,-9.945146032814883297e-01,-8.609665397432403333e-01,5.345951995338764640e-01,-9.945146032814883297e-01,-8.609665397432403333e-01,5.345951995338764640e-01,-9.909173368648149793e-01,-8.607420270039436438e-01,5.300279680891510914e-01,6.368900648078635873e-01,3.687855512883601028e-01,1.624916911514588539e-03,4.567231444725372569e-03,3.604265756382626831e-03,2.386380000000000168e-01
1.885000000000000142e+01,-9.672643391279308611e-01,-8.444902914483306544e-01,5.530344770982944524e-01,-9.672643391279308611e-01,-8.444902914483306544e-01,5.530344770982944524e-01,-9.635073482034290926e-01,-8.443279255020141871e-01,5.487487372104515870e-01,6.497074215758280591e-01,3.476022821501670856e-01,1.821194903165836111e-03,4.285739887842865414e-03,3.760497773874077899e-03,2.640450000000000297e-01
1.890000000000000213e+01,-9.397710875823765964e-01,-8.271872891230601654e-01,5.704145912058029566e-01,-9.397710875823765964e-01,-8.271872891230601654e-01,5.704145912058029566e-01,-9.358596285211470134e-01,-8.270805742745619416e-01,5.664212815967912817e-01,6.624508259673241861e-01,3.275537009127328369e-01,2.008901390767104007e-03,3.993309609011674866e-03,3.912914520733236021e-03,2.384870000000000045e-01
1.894999999999999929e+01,-9.120403054749921523e-01,-8.090742567116737671e-01,5.867922762514394819e-01,-9.120403054749921523e-01,-8.090742567116737671e-01,5.867922762514394819e-01,-9.079809994790939420e-01,-8.090169943749476733e-01,5.830981081633348495e-01,6.750864445255153612e-01,3.085798216014594142e-01,2.187305301166826785e-03,3.694168088104632375e-03,4.059709859527216649e-03,2.352410000000000334e-01
1.900000000000000000e+01,-8.840776632782793021e-01,-7.901686409265330502e-01,6.022212673315125997e-01,-8.840776632782793021e-01,-7.901686409265330502e-01,6.022212673315125997e-01,-8.798783397118308258e-01,-7.901550123756907462e-01,5.988292022658203706e-01,6.875819414545087938e-01,2.906190661119540941e-01,2.355799879831855809e-03,3.392065065692229098e-03,4.199345681547020370e-03,2.418030000000000179e-01
1.905000000000000071e+01,-8.558890478145013692e-01,-7.704886135600140795e-01,6.167522206371103266e-01,-8.558890478145013692e-01,-7.704886135600140795e-01,6.167522206371103266e-01,-8.515585831301444308e-01,-7.705132427757885871e-01,6.136619346445093548e-01,6.999064661861403858e-01,2.736096000100941561e-01,2.513899006608590406e-03,3.090285992600971809e-03,4.330534722263788307e-03,2.453500000000000403e-01
1.910000000000000142e+01,-8.274805606034406624e-01,-7.500530708056409868e-01,6.304327006376149178e-01,-8.274805606034406624e-01,-7.500530708056409868e-01,6.304327006376149178e-01,-8.230287172102168647e-01,-7.501110696304590375e-01,6.276410272841834725e-01,7.120306322719168746e-01,2.574903386144367645e-01,2.661232304659020154e-03,2.791673353431445292e-03,4.452221182900805742e-03,2.331470000000000209e-01
1.915000000000000213e+01,-7.988585127632318317e-01,-7.288816295814218860e-01,6.433072175683367533e-01,-7.988585127632318317e-01,-7.288816295814218860e-01,6.433072175683367533e-01,-7.942957812695623510e-01,-7.289686274214123296e-01,6.408085642148115824e-01,7.239264897977308877e-01,2.422016843341585624e-01,2.797539264937446042e-03,2.498653353525170928e-03,4.563560814483173973e-03,2.339080000000000048e-01
1.920000000000000284e+01,-7.700294172583923569e-01,-7.069946209425205241e-01,6.554173017850448701e-01,-7.700294172583923569e-01,-7.069946209425205241e-01,6.554173017850448701e-01,-7.653668647301807848e-01,-7.071067811865484609e-01,6.532040358206785413e-01,7.355674932035476399e-01,2.276860478059441195e-01,2.922662598400612832e-03,2.213265964366328831e-03,4.663901371027535762e-03,2.499889999999999890e-01
1.925000000000000000e+01,-7.409999791733196117e-01,-6.844130807315198517e-01,6.668016041753421774e-01,-7.409999791733196117e-01,-6.844130807315198517e-01,6.668016041753421774e-01,-7.362491053693557275e-01,-6.845471059286885041e-01,6.648644074170242391e-01,7.469284660816813970e-01,2.138881972707040169e-01,3.036541013633429695e-03,1.937196758317938361e-03,4.752763896372969032e-03,2.380460000000000076e-01
1.930000000000000071e+01,-7.117770845815983849e-01,-6.611587376508762937e-01,6.774960140388772700e-01,-7.117770845815983849e-01,-6.611587376508762937e-01,6.774960140388772700e-01,-7.069496875585125073e-01,-6.613118653236504940e-01,6.758242047084688231e-01,7.579855642414636829e-01,2.007554732068782266e-01,3.139201600311002614e-03,1.671809330408446925e-03,4.829825059219809008e-03,2.371050000000000102e-01
1.935000000000000142e+01,-6.823677884840381180e-01,-6.372539989604592003e-01,6.875337876992211328e-01,-6.823677884840381180e-01,-6.372539989604592003e-01,6.875337876992211328e-01,-6.774758404905811826e-01,-6.374239897486884132e-01,6.861156102913268384e-01,7.687162380733946199e-01,1.882378986528815967e-01,3.230751980135359615e-03,1.418177407894294362e-03,4.894900615821543705e-03,2.374050000000000327e-01
1.940000000000000213e+01,-6.527793022023867797e-01,-6.127219340086194066e-01,6.969456826318651821e-01,-6.527793022023867797e-01,-6.127219340086194066e-01,6.969456826318651821e-01,-6.478348363963007950e-01,-6.129070536529781510e-01,6.957685666376676181e-01,7.790991950240104824e-01,1.762882099560248994e-01,3.311372367568731889e-03,1.177115994197563964e-03,4.947930010649002203e-03,2.528940000000000632e-01
1.945000000000000284e+01,-6.230189805411172621e-01,-5.875862558021289761e-01,7.057600931296663660e-01,-6.230189805411172621e-01,-5.875862558021289761e-01,7.057600931296663660e-01,-6.180339887498952356e-01,-5.877852522924734702e-01,7.048108820393776952e-01,7.891143628046414227e-01,1.648618278478050647e-01,3.381307663563835886e-03,9.492110902886707891e-04,4.988962092632135033e-03,2.377350000000000019e-01
1.950000000000000000e+01,-5.930943089658429201e-01,-5.618713008116392738e-01,7.140031845220566886e-01,-5.930943089658429201e-01,-5.618713008116392738e-01,7.140031845220566886e-01,-5.880806504646067800e-01,-5.620833778521296953e-01,7.132683368307413119e-01,7.987428538001511980e-01,1.539167846970067310e-01,3.440859687064884258e-03,7.348476913153767498e-04,5.018141910918880524e-03,2.355220000000000369e-01
1.955000000000000071e+01,-5.630128909928561187e-01,-5.356020071972519281e-01,7.216990237569071986e-01,-5.630128909928561187e-01,-5.356020071972519281e-01,7.216990237569071986e-01,-5.579822120784575512e-01,-5.358267949789957685e-01,7.211647878806655143e-01,8.000000000000000444e-01,1.434136204472226395e-01,3.490379631693549083e-03,5.342358762416843376e-04,5.035698550012269147e-03,2.678719999999999990e-01
1.960000000000000142e+01,-5.330805223341509302e-01,-5.090681335511186845e-01,7.288697047792682682e-01,-5.330805223341509302e-01,-5.090681335511186845e-01,7.288697047792682682e-01,-5.277460999307450606e-01,-5.090414157503706516e-01,7.285222698794653340e-01,8.000000000000000444e-01,1.333714220482106749e-01,3.531550622468749342e-03,3.474348998029341828e-04,5.334489311905617204e-03,2.486160000000000037e-01
1.965000000000000213e+01,-5.033324646771518696e-01,-4.823277682519581111e-01,7.355382758816788602e-01,-5.033324646771518696e-01,-4.823277682519581111e-01,7.355382758816788602e-01,-4.973797743297089791e-01,-4.817536741017147683e-01,7.353610923648465914e-01,8.000000000000000444e-01,1.237479979782451223e-01,3.567650317087233108e-03,1.771835168322688503e-04,5.980309897144410469e-03,2.372340000000000004e-01
1.970000000000000284e+01,-4.737568994717171744e-01,-4.553967296855895297e-01,7.417256757805912315e-01,-4.737568994717171744e-01,-4.553967296855895297e-01,7.417256757805912315e-01,-4.668907277118103938e-01,-4.539904997395464159e-01,7.416999317587280594e-01,8.000000000000000444e-01,1.144957559295828736e-01,3.601546125571977904e-03,2.574402186317215069e-05,7.008694407497718937e-03,2.354010000000000269e-01
1.975000000000000000e+01,-4.443422549528460719e-01,-4.282900087833141356e-01,7.474504635770702343e-01,-4.443422549528460719e-01,-4.282900087833141356e-01,7.474504635770702343e-01,-4.362864827930848510e-01,-4.257792915650724375e-01,7.475559179387234465e-01,8.000000000000000444e-01,1.055723829458589946e-01,3.635462802968766893e-03,-1.054543616532122030e-04,8.437959826875172584e-03,2.549680000000000279e-01
1.980000000000000071e+01,-4.150771820067503670e-01,-4.010218627097887900e-01,7.527290827243633409e-01,-4.150771820067503670e-01,-4.010218627097887900e-01,7.527290827243633409e-01,-4.055745907130249295e-01,-3.971478906347805649e-01,7.529447150598800320e-01,8.000000000000000444e-01,9.694012019909697964e-02,3.671026854430135128e-03,-2.156323355166911426e-04,1.026191507144402423e-02,2.363430000000000253e-01
1.985000000000000142e+01,-3.859505317413333692e-01,-3.736058981661826150e-01,7.575760887343183647e-01,-3.859505317413333692e-01,-3.736058981661826150e-01,7.575760887343183647e-01,-3.747626291714493685e-01,-3.681245526846780858e-01,7.578805964862267430e-01,8.000000000000000444e-01,8.856512207806040149e-02,3.709310639322233559e-03,-3.045077519083783102e-04,1.245850361001782369e-02,2.348900000000000154e-01
1.990000000000000213e+01,-3.569513346776468365e-01,-3.460551458158461213e-01,7.620043448382212148e-01,-3.569513346776468365e-01,-3.460551458158461213e-01,7.620043448382212148e-01,-3.438582005588176616e-01,-3.387379202452899807e-01,7.623765137973599337e-01,8.000000000000000444e-01,8.041689086594429325e-02,3.750875757025052756e-03,-3.721689591387189466e-04,1.499906500766128720e-02,2.342090000000000005e-01
1.995000000000000284e+01,-3.280687814363854038e-01,-3.183821271398610264e-01,7.660251893815184232e-01,-3.280687814363854038e-01,-3.183821271398610264e-01,7.660251893815184232e-01,-3.128689300804622375e-01,-3.090169943749478954e-01,7.664441599109093062e-01,8.000000000000000444e-01,7.246777881913719910e-02,3.795815409167362445e-03,-4.189705293908829731e-04,1.785332442282413709e-02,2.451500000000000346e-01
2.000000000000000000e+01,-2.992922047688945097e-01,-2.905989148566404112e-01,7.696485783224753519e-01,-2.992922047688945097e-01,-2.905989148566404112e-01,7.696485783224753519e-01,-2.818024638751659983e-01,-2.789911060392298858e-01,7.700940264136826308e-01,8.000000000000000444e-01,6.469255003023342832e-02,3.843795525445833222e-03,-4.454480912072789067e-04,2.099124250899200503e-02,2.361930000000000140e-01
