time_s,x_m,y_m,yaw_rad,measured_x_m,measured_y_m,measured_yaw_rad,reference_x_m,reference_y_m,reference_yaw_rad,linear_mps,angular_radps,cross_track_error_m,heading_error_rad,position_error_m,compute_ms
0.000000000000000000e+00,-1.499999999999999944e-01,2.500000000000000000e-01,9.655214548437163202e-01,-1.463365573999236002e-01,2.601726748011828350e-01,9.584951022674914611e-01,6.282151815625658386e-02,6.279051952931337388e-02,7.845956463669550018e-01,7.500000000000001110e-02,-1.500000000000000222e-01,2.828500067873760404e-01,1.809258084767613184e-01,2.834438007232443213e-01,6.192920000000000647e-01
5.000000000000000278e-02,-1.479168296233440982e-01,2.529882245968976262e-01,9.584816061477958726e-01,-1.333424848935510776e-01,2.532380841055383303e-01,9.609503822871579004e-01,6.282151815625658386e-02,6.279051952931337388e-02,7.845956463669550018e-01,1.500000000000000222e-01,-3.000000000000000444e-01,2.834928543977972559e-01,1.738859597808408708e-01,2.838764136694905127e-01,3.467700000000000227e-01
1.000000000000000056e-01,-1.438061618274828479e-01,2.587480636910663989e-01,9.434177271005088627e-01,-1.296581531623126060e-01,2.569207054687510650e-01,9.367473656056812814e-01,6.282151815625658386e-02,6.279051952931337388e-02,7.845956463669550018e-01,2.250000000000000333e-01,-4.500000000000000666e-01,2.846645953995556311e-01,1.588220807335538609e-01,2.847707099569196099e-01,3.467810000000000059e-01
1.500000000000000222e-01,-1.374249642548079631e-01,2.673555764106738120e-01,9.222880552761587580e-01,-1.370265020161998415e-01,2.581130606151655904e-01,9.293145655226631163e-01,6.282151815625658386e-02,6.279051952931337388e-02,7.845956463669550018e-01,3.000000000000000444e-01,-6.000000000000000888e-01,2.862473430011620579e-01,1.376924089092037562e-01,2.862612726424568765e-01,3.262220000000000120e-01
2.000000000000000111e-01,-1.286672361972138745e-01,2.785760591863367663e-01,8.938147795046855748e-01,-1.056084411341840085e-01,2.676902663480559275e-01,8.749997888493403764e-01,9.421290141928533035e-02,9.410831331851432502e-02,7.836678937727570293e-01,3.750000000000000555e-01,-6.778439864282042038e-01,2.879910225678999347e-01,1.101468857319285455e-01,2.893162715947811270e-01,3.244790000000000174e-01
2.500000000000000000e-01,-1.172888270920970782e-01,2.923153079948079824e-01,8.644133666053619436e-01,-1.133231475547112621e-01,3.070411101231976247e-01,8.652547469744114039e-01,9.421290141928533035e-02,9.410831331851432502e-02,7.836678937727570293e-01,3.215661980649044960e-01,-6.843476726225490303e-01,2.896911169045619516e-01,8.074547283260491426e-02,2.898603006655289249e-01,3.237470000000000625e-01
3.000000000000000444e-01,-1.071373718907746991e-01,3.038487999091564751e-01,8.336758745278949334e-01,-9.880781660739286487e-02,3.097931884178556361e-01,8.196119014274008130e-01,9.421290141928533035e-02,9.410831331851432502e-02,7.836678937727570293e-01,3.058377644934570094e-01,-5.343476726225490081e-01,2.906948941759639471e-01,5.000798075513790408e-02,2.907456006155814676e-01,3.709050000000000402e-01
3.500000000000000333e-01,-9.757941721399818191e-02,3.141519214144978811e-01,8.121231828938388908e-01,-1.227687726397554135e-01,2.869860548658378918e-01,8.124348337816913457e-01,9.421290141928533035e-02,9.410831331851432502e-02,7.836678937727570293e-01,3.808377644934570205e-01,-4.667271164246416526e-01,2.912461056291259509e-01,2.845528912108186148e-02,2.918963565216766143e-01,3.445970000000000422e-01
4.000000000000000222e-01,-8.524970292655259518e-02,3.268776030352720241e-01,7.902778628707123332e-01,-9.031010259978493326e-02,3.146874777047340976e-01,8.003910378548089177e-01,1.255810390586267478e-01,1.253332335643042583e-01,7.823658289118942122e-01,4.320575477496182981e-01,-4.282705053121773631e-01,2.915719854332466943e-01,7.912033958818120993e-03,2.916671641297169382e-01,3.211620000000000030e-01
4.500000000000000111e-01,-7.042220343749952538e-02,3.415507395859108120e-01,7.700535011048392775e-01,-4.940246842510132713e-02,3.442143122080535411e-01,7.757089798495311328e-01,1.569181914556898871e-01,1.564344650402308690e-01,7.806862214442258363e-01,4.309759453457777667e-01,-3.389525344338841228e-01,2.915069864867733118e-01,-1.063272033938655881e-02,2.931751869648296926e-01,3.282650000000000290e-01
5.000000000000000000e-01,-5.582546002260041496e-02,3.555075416629880913e-01,7.559263790954240392e-01,-6.381839881262321712e-02,3.651162669089727530e-01,7.485205644088916976e-01,1.569181914556898871e-01,1.564344650402308690e-01,7.806862214442258363e-01,3.768651310837998203e-01,-2.642607458431099898e-01,2.911496203179641529e-01,-2.475984234880179713e-02,2.913588012749339096e-01,3.458390000000000075e-01
5.500000000000000444e-01,-4.291730680436442458e-02,3.675330930771547600e-01,7.441036130183462660e-01,-6.083137954198437891e-02,3.820289546111469980e-01,7.286312696207186690e-01,1.569181914556898871e-01,1.564344650402308690e-01,7.806862214442258363e-01,3.160790258707535383e-01,-2.023861965545219466e-01,2.906086084847129269e-01,-3.658260842587957029e-02,2.906834311134979809e-01,3.281350000000000100e-01
6.000000000000000888e-01,-3.198800793353211852e-02,3.775016561686293515e-01,7.348115637638832354e-01,-1.298883967412317250e-02,3.607072778160771431e-01,7.282932033451201548e-01,1.882166266370286500e-01,1.873813145857246287e-01,7.786248906646879853e-01,3.910790258707535494e-01,-1.535086985496006973e-01,2.899928322371807532e-01,-4.381332690080474990e-02,2.909223700060801221e-01,3.276350000000000096e-01
6.500000000000000222e-01,-1.831471835311647423e-02,3.897631900625778134e-01,7.272226000063102269e-01,-5.287861197050096329e-03,3.944296687579496585e-01,7.275209269928297751e-01,1.882166266370286500e-01,1.873813145857246287e-01,7.786248906646879853e-01,3.546063259985792193e-01,-1.791174974257546404e-01,2.891188051126705183e-01,-5.140229065837775835e-02,2.891601977882966579e-01,3.252400000000000291e-01
7.000000000000000666e-01,-6.315944904646642738e-03,4.003407766038937221e-01,7.178391886834827318e-01,-2.664882052873417118e-02,4.002545778041546876e-01,7.269548674353116802e-01,1.882166266370286500e-01,1.873813145857246287e-01,7.786248906646879853e-01,3.577830946278186541e-01,-1.966069579357194452e-01,2.882220242680610389e-01,-6.078570198120525347e-02,2.884348346744634028e-01,3.184370000000000256e-01
7.500000000000000000e-01,6.174598762918254505e-03,4.111306131594746338e-01,7.071097493667037881e-01,1.162012543741266883e-03,3.959205579696828403e-01,7.175558781252915352e-01,1.882166266370286500e-01,1.873813145857246287e-01,7.786248906646879853e-01,3.441297373419753836e-01,-1.380123910839228252e-01,2.871309691527401675e-01,-7.151514129798419717e-02,2.884493864177275491e-01,3.339370000000000394e-01
8.000000000000000444e-01,1.908119925810251166e-02,4.220537311683918436e-01,6.975981030843199093e-01,5.457239339327710909e-02,4.224473850045033507e-01,7.018912739056686334e-01,2.506664671286085166e-01,2.486898871648547948e-01,7.733354552277038607e-01,4.191297373419753947e-01,-8.408415015110475010e-02,2.858248358783205822e-01,-7.573735214338395139e-02,2.892866376145582508e-01,3.297580000000000511e-01
8.500000000000000888e-01,3.441502654986071386e-02,4.348366673814691996e-01,6.922437808838268758e-01,3.228204392033762887e-02,4.627117138922124395e-01,6.801227927723827449e-01,2.506664671286085166e-01,2.486898871648547948e-01,7.733354552277038607e-01,3.634380391592492154e-01,-5.461741308032061482e-02,2.842610342974267734e-01,-8.109167434387698492e-02,2.853336806922663893e-01,3.262619999999999965e-01
9.000000000000000222e-01,4.802881528745799045e-02,4.460479432060907024e-01,6.855980267779946402e-01,7.127905243058983709e-02,4.357179598806076859e-01,6.637156740502931918e-01,2.506664671286085166e-01,2.486898871648547948e-01,7.733354552277038607e-01,4.212032352154770343e-01,6.054925491784009933e-02,2.827740680211628943e-01,-8.773742844970922050e-02,2.828643141650620807e-01,3.357390000000000652e-01
9.500000000000000666e-01,6.347025187888256925e-02,4.586870529580159284e-01,6.862649186892908482e-01,5.503637243861453365e-02,4.593227093668427186e-01,6.579747198441685541e-01,2.506664671286085166e-01,2.486898871648547948e-01,7.733354552277038607e-01,3.548500475166250778e-01,4.879217464496139051e-02,2.810321785325287092e-01,-8.707053653841301255e-02,2.813205158622139046e-01,3.175450000000000217e-01
1.000000000000000000e+00,7.631755488718700020e-02,4.692171928701464045e-01,6.869375951685974258e-01,7.234764952624384016e-02,4.538565587079500530e-01,6.995607511239296805e-01,2.506664671286085166e-01,2.486898871648547948e-01,7.733354552277038607e-01,3.451288623256089094e-01,-9.490176138716840959e-02,2.795932119326786092e-01,-8.639786005910643496e-02,2.811224568784963518e-01,3.171350000000000002e-01
1.050000000000000044e+00,8.877426984802277987e-02,4.794062144426752825e-01,6.842486331889077178e-01,7.764677653185650397e-02,4.985771414854152095e-01,6.776494916266280200e-01,2.818024638751653321e-01,2.789911060392292752e-01,7.700940264136821867e-01,3.241411750872075226e-01,-6.155295650141987679e-02,2.782537830623281194e-01,-8.584539322477446888e-02,2.782554570277916417e-01,3.272040000000000504e-01
1.100000000000000089e+00,1.003566771190216311e-01,4.888056129286328932e-01,6.792078103258405442e-01,1.031595805796888671e-01,4.813743056165188383e-01,6.554908544045661145e-01,2.818024638751653321e-01,2.789911060392292752e-01,7.700940264136821867e-01,3.626412960999367829e-01,5.724394085087392003e-02,2.769373925988871665e-01,-9.088621608784164252e-02,2.773890784310001911e-01,3.093400000000000039e-01
1.150000000000000133e+00,1.136125954518594772e-01,4.995389983052375693e-01,6.820537217665458840e-01,1.042549737236111301e-01,5.134222039679896543e-01,6.665567579347926319e-01,3.128689300804617379e-01,3.090169943749473958e-01,7.664441599109093062e-01,3.837767946373083494e-01,-2.826102610929934894e-02,2.754483450272372513e-01,-8.439043814436342217e-02,2.756840961521702105e-01,3.097710000000000186e-01
1.200000000000000178e+00,1.280724281741661419e-01,5.112521888699519401e-01,6.796245736370933876e-01,1.272562532971467653e-01,4.883030937532966687e-01,6.651205276927831811e-01,3.128689300804617379e-01,3.090169943749473958e-01,7.664441599109093062e-01,4.489195129726860634e-01,1.685621051351286759e-02,2.738572876445449777e-01,-8.681958627381591853e-02,2.739503988119670885e-01,3.261720000000000175e-01
1.250000000000000000e+00,1.446968040999683791e-01,5.246795332679400348e-01,6.792004046286885810e-01,1.331442891998992351e-01,5.382763800723480152e-01,6.517410118463731195e-01,3.438582005588191048e-01,3.387379202452914240e-01,7.623765137973599337e-01,4.035390252963043656e-01,8.787896004774711778e-03,2.720216085390207983e-01,-8.317610916867135273e-02,2.724693474372923419e-01,3.050720000000000098e-01
1.300000000000000044e+00,1.595149658488171918e-01,5.366651246512594842e-01,6.810212417940575413e-01,1.651123350872828466e-01,5.649166448738269786e-01,6.790627573462568733e-01,3.747626291714492575e-01,3.681245526846779748e-01,7.578805964862258548e-01,4.017961705478076406e-01,-1.182259663628450475e-01,2.703678185016523128e-01,-7.685935469216831351e-02,2.733815666146414136e-01,3.043399999999999994e-01
1.350000000000000089e+00,1.740660175769798423e-01,5.483798294358295244e-01,6.746357659075004065e-01,1.527540432156830330e-01,5.569052258340930761e-01,6.833040282795606046e-01,3.747626291714492575e-01,3.681245526846779748e-01,7.578805964862258548e-01,4.443929326412262570e-01,-1.343306661759207099e-01,2.688739885010199560e-01,-8.324483057872544833e-02,2.697611808658457733e-01,3.123859999999999970e-01
1.400000000000000133e+00,1.903627470833684221e-01,5.613144357201801382e-01,6.671314201450693204e-01,1.909164546918431238e-01,5.484958464114995103e-01,6.502613315425684881e-01,3.747626291714492575e-01,3.681245526846779748e-01,7.578805964862258548e-01,4.376564797953860775e-01,1.566933382407931230e-02,2.670662158174550438e-01,-9.074917634115653442e-02,2.670686193122829843e-01,3.044200000000000239e-01
1.450000000000000178e+00,2.059700889140980151e-01,5.736003386019565831e-01,6.666273978652772492e-01,1.928177736087263727e-01,5.777752617610734109e-01,6.509889922268525808e-01,3.747626291714492575e-01,3.681245526846779748e-01,7.578805964862258548e-01,3.626564797953860664e-01,-5.661287423505773075e-03,2.652611672674412002e-01,-9.125319862094860568e-02,2.659158142060243368e-01,3.025580000000000491e-01
1.500000000000000000e+00,2.195706158379604478e-01,5.842983184565523347e-01,6.663881932871031921e-01,2.011729549662961414e-01,5.818846860802817655e-01,6.772615834780686406e-01,3.747626291714492575e-01,3.681245526846779748e-01,7.578805964862258548e-01,2.985042518603239214e-01,-1.056037260766957281e-01,2.636822707951348987e-01,-9.149240319912266273e-02,2.661121154898720143e-01,3.140890000000000626e-01
1.550000000000000044e+00,2.306237843075441551e-01,5.929560034884967523e-01,6.625319271944576371e-01,2.507196644765125049e-01,5.950141754740433386e-01,6.831900844966916075e-01,4.362864827930850731e-01,4.257792915650726595e-01,7.475559179387234465e-01,3.735042518603239325e-01,-1.479528079715279887e-01,2.624189471256097583e-01,-8.502399074426580938e-02,2.650381077465692181e-01,3.026270000000000349e-01
1.600000000000000089e+00,2.443009059459309018e-01,6.034905150655993644e-01,6.501126223987601094e-01,2.404969629338812032e-01,5.846068911616555397e-01,6.364037468467271808e-01,4.362864827930850731e-01,4.257792915650726595e-01,7.475559179387234465e-01,4.485042518603239436e-01,2.047192028472033520e-03,2.608460897306673076e-01,-9.744329553996333715e-02,2.616099017151084505e-01,2.987200000000000411e-01
1.650000000000000133e+00,2.607030980733259229e-01,6.159642132955863714e-01,6.502489510244098270e-01,2.717798924742569899e-01,6.239918114242375413e-01,6.358441352052301987e-01,4.362864827930850731e-01,4.257792915650726595e-01,7.475559179387234465e-01,3.735042518603239325e-01,1.809565528341425256e-02,2.588427051698481973e-01,-9.730696691431361955e-02,2.588432526516551424e-01,3.276640000000000108e-01
1.700000000000000178e+00,2.751419160889905791e-01,6.269884720909046916e-01,6.539409510085256727e-01,2.609578238917908410e-01,6.359900605200189405e-01,6.305717936033867765e-01,4.362864827930850731e-01,4.257792915650726595e-01,7.475559179387234465e-01,3.149371395347041469e-01,1.973097927563929876e-02,2.571111671242370389e-01,-9.361496693019777382e-02,2.577842231520913185e-01,3.051620000000000443e-01
1.750000000000000000e+00,2.863348354623478920e-01,6.355858118659998279e-01,6.560352705851109079e-01,2.681965319266065850e-01,6.455304229892447898e-01,6.619813787036057384e-01,4.668907277118107824e-01,4.539904997395467490e-01,7.416999317587289475e-01,3.899371395347041580e-01,-1.278656462981066499e-01,2.558672219648481239e-01,-8.566466117361803967e-02,2.560806271710212023e-01,3.042700000000000404e-01
1.800000000000000044e+00,3.008401320621473252e-01,6.466712796838043342e-01,6.490646844348240130e-01,2.959758902465304820e-01,6.455403556827776779e-01,6.550058859143179646e-01,4.668907277118107824e-01,4.539904997395467490e-01,7.416999317587289475e-01,3.661279145812737501e-01,-8.423125512581694507e-02,2.542418317609620448e-01,-9.263524732390493455e-02,2.543593585373564725e-01,3.355090000000000017e-01
1.850000000000000089e+00,3.144356426017523298e-01,6.569465371046410151e-01,6.453194062470832826e-01,3.191248581634727466e-01,6.710166987474087685e-01,6.544772064361024100e-01,4.973797743297095897e-01,4.817536741017153235e-01,7.353610923648465914e-01,3.779764976979937963e-01,-1.177706586832985430e-01,2.526500052725534906e-01,-9.004168611776330877e-02,2.533004038308230843e-01,2.993720000000000270e-01
1.900000000000000133e+00,3.290406988517128317e-01,6.678705616112001753e-01,6.390713922194350971e-01,3.507613767687856599e-01,6.911380114311841405e-01,6.456415504688743923e-01,5.277460999307458378e-01,5.090414157503713177e-01,7.285222698794653340e-01,3.984913877228118406e-01,-1.115642351415244149e-01,2.508034491995481674e-01,-8.945087766003023688e-02,2.543826526964050316e-01,2.976980000000000182e-01
1.950000000000000178e+00,3.440153164344882941e-01,6.789202642403485699e-01,6.323468075600966465e-01,3.541781794368937808e-01,6.556684254592153316e-01,6.331393865946415289e-01,5.277460999307458378e-01,5.090414157503713177e-01,7.285222698794653340e-01,4.734913877228118517e-01,-2.602753164914888007e-02,2.490786674097373865e-01,-9.617546231936868750e-02,2.502315407146535331e-01,3.090200000000000169e-01
2.000000000000000000e+00,3.624320226724432326e-01,6.923748654958870041e-01,6.295456920036355264e-01,3.629055511998870442e-01,7.181803641777535496e-01,6.041477490850866161e-01,5.277460999307458378e-01,5.090414157503713177e-01,7.285222698794653340e-01,3.984913877228118406e-01,2.777668271966182711e-02,2.468566908874242904e-01,-9.897657787582980760e-02,2.468600776459319857e-01,2.969570000000000265e-01
2.050000000000000266e+00,3.775031454461758584e-01,7.033513724822008095e-01,6.294080672623745265e-01,3.875136652194253739e-01,7.161162748349484408e-01,6.174841014122138816e-01,5.579822120784585504e-01,5.358267949789966567e-01,7.211647878806650702e-01,3.974209367141620097e-01,-3.587737999202196548e-02,2.449802794620426771e-01,-9.175672061829054371e-02,2.462461726810936391e-01,2.973580000000000112e-01
2.100000000000000089e+00,3.927272296614954250e-01,7.144232479809952130e-01,6.281685452780827461e-01,4.123812607501360361e-01,7.123563711161962075e-01,6.283852902690090225e-01,5.579822120784585504e-01,5.358267949789966567e-01,7.211647878806650702e-01,3.776013111653772070e-01,-5.932563400034666923e-02,2.432438169642772707e-01,-9.299624260258232411e-02,2.433226299350840782e-01,3.078670000000000018e-01
2.149999999999999911e+00,4.072966459090212599e-01,7.249956161565445090e-01,6.273060951947084796e-01,4.150606215741698413e-01,7.084148386573650980e-01,6.295039694877764269e-01,5.579822120784585504e-01,5.358267949789966567e-01,7.211647878806650702e-01,3.880257376555478754e-01,-5.808973102012698897e-02,2.415644569162225253e-01,-9.385869268595659065e-02,2.418490908759157176e-01,2.951630000000000087e-01
2.200000000000000178e+00,4.220072151491716106e-01,7.356013170030311077e-01,6.220011372965483787e-01,4.225757103003232595e-01,7.645654982521795651e-01,5.951931179883565015e-01,5.880806504646078903e-01,5.620833778521305835e-01,7.132683368307422000e-01,3.130257376555478643e-01,-1.042149916217452454e-02,2.398823442699476727e-01,-9.126719953419382136e-02,2.401850559977577182e-01,2.942319999999999935e-01
2.250000000000000000e+00,4.336082667498388776e-01,7.439192263668914507e-01,6.220827345100925498e-01,4.379962622070237566e-01,7.770274091601858668e-01,6.049459923332758393e-01,6.180339887498947915e-01,5.877852522924731371e-01,7.048108820393794716e-01,3.688778425392371108e-01,-8.586167644569515922e-02,2.384201122275406981e-01,-8.272814752928692172e-02,2.416416040244581676e-01,3.108029999999999959e-01
2.300000000000000266e+00,4.474584086498065716e-01,7.537952956338129784e-01,6.168003893951059524e-01,4.565663717213343520e-01,7.481173225804413907e-01,6.245758058645147770e-01,6.180339887498947915e-01,5.877852522924731371e-01,7.048108820393794716e-01,4.427012941399777746e-01,-1.213139509027893470e-01,2.369696854554138588e-01,-8.801049264427351915e-02,2.380238706866921461e-01,2.978089999999999904e-01
2.350000000000000089e+00,4.646383986498813790e-01,7.659017837977031284e-01,6.109268361283959337e-01,4.547080994076412863e-01,7.817156812091206053e-01,6.146725454966692759e-01,6.180339887498947915e-01,5.877852522924731371e-01,7.048108820393794716e-01,3.677012941399777635e-01,-1.183271961532210703e-01,2.350608702339826439e-01,-9.388404591098353791e-02,2.350653225330884832e-01,2.973680000000000212e-01
2.400000000000000355e+00,4.781580206695209556e-01,7.753375520391734277e-01,6.077457011405580367e-01,4.559068150422100896e-01,7.873760007576859898e-01,5.946800569302048700e-01,6.180339887498947915e-01,5.877852522924731371e-01,7.048108820393794716e-01,3.121134382463159884e-01,-4.680625145618447225e-02,2.334891916133127743e-01,-9.706518089882143485e-02,2.339682704699461435e-01,3.176660000000000039e-01
2.450000000000000178e+00,4.902351832989387814e-01,7.837142706235764589e-01,6.050896113042258939e-01,4.738794672474100356e-01,7.761331400052278173e-01,5.970035105745510329e-01,6.180339887498947915e-01,5.877852522924731371e-01,7.048108820393794716e-01,3.283925687870116183e-01,-3.411092038066534937e-02,2.320453534647717309e-01,-9.972127073515357765e-02,2.339245923345408540e-01,2.995320000000000205e-01
2.500000000000000000e+00,5.029231596380565605e-01,7.924769925085363154e-01,6.037323398189897716e-01,5.013604891898170157e-01,8.180718123735898351e-01,6.102417652096443490e-01,6.478348363962987966e-01,6.129070536529764857e-01,6.957685666376671740e-01,2.634379902926456962e-01,-1.490496200100060453e-01,2.307157768367905093e-01,-9.203622681867740241e-02,2.307482546011448699e-01,2.977180000000000382e-01
2.550000000000000266e+00,5.129433620323626819e-01,7.993321394694650195e-01,5.962619057452505089e-01,5.408775794564064654e-01,8.203058185318434781e-01,5.836013537751911784e-01,6.774758404905828479e-01,6.374239897486897455e-01,6.861156102913255062e-01,3.279543206995237381e-01,-6.799673007796952495e-02,2.295077412162792041e-01,-8.985370454607499724e-02,2.308358408341513734e-01,3.107620000000000382e-01
2.600000000000000089e+00,5.254926719335638596e-01,8.078175833318320676e-01,5.928415955745243160e-01,5.399480728753844883e-01,8.057010664322826754e-01,5.937054955992269178e-01,6.774758404905828479e-01,6.374239897486897455e-01,6.861156102913255062e-01,3.777214959458627397e-01,-9.231800771188365673e-02,2.281225905926710928e-01,-9.327401471680119016e-02,2.283262145676845656e-01,2.975080000000000502e-01
2.650000000000000355e+00,5.404918864543499790e-01,8.178668343764629034e-01,5.877514048196843532e-01,5.229957443476567214e-01,8.369769311729263750e-01,5.815177535268114539e-01,6.774758404905828479e-01,6.374239897486897455e-01,6.861156102913255062e-01,3.027214959458627286e-01,-8.676032764996922941e-02,2.263952733592810296e-01,-9.836420547164115291e-02,2.265485021816817102e-01,2.967759999999999843e-01
2.700000000000000178e+00,5.524639845528790394e-01,8.257972714072345788e-01,5.823483167004575023e-01,5.540657038635121712e-01,8.155034178946741763e-01,5.868680253483544718e-01,6.774758404905828479e-01,6.374239897486897455e-01,6.861156102913255062e-01,3.268296578497789096e-01,-6.833263971083164412e-02,2.249463916585748291e-01,-1.037672935908680039e-01,2.260806435053621943e-01,3.102020000000000333e-01
2.750000000000000000e+00,5.653392307444976561e-01,8.342344811513432434e-01,5.778423767214837525e-01,5.649341435887285101e-01,8.374954788268261785e-01,5.732696742624971975e-01,7.069496875585143947e-01,6.613118653236519373e-01,6.758242047084683790e-01,3.539768272840523311e-01,-7.648815496173311246e-02,2.234958651169892674e-01,-9.798182798698462648e-02,2.235078355310296805e-01,2.973879999999999857e-01
2.800000000000000266e+00,5.793801437769953155e-01,8.433429421719977892e-01,5.730913147390284124e-01,5.558126419732104528e-01,8.641140436587884111e-01,5.676230239760644558e-01,7.069496875585143947e-01,6.613118653236519373e-01,6.758242047084683790e-01,2.789768272840523200e-01,-8.690581027592353403e-02,2.218190495872054968e-01,-1.027328899694399666e-01,2.222820313007628223e-01,2.966060000000000363e-01
2.850000000000000089e+00,5.899917447093157019e-01,8.501716856940974010e-01,5.705168931512476505e-01,5.885970819556415323e-01,8.411282669707647042e-01,5.767474200122340022e-01,7.362491053693559495e-01,6.845471059286887261e-01,6.648644074170233509e-01,3.539768272840523311e-01,-1.277077382090091029e-01,2.205804518550972260e-01,-9.434751426577570044e-02,2.209586318062937982e-01,3.032690000000000108e-01
2.900000000000000355e+00,6.038529830825645206e-01,8.590088734973158058e-01,5.646248700967855250e-01,6.164471184239439516e-01,8.608202457489130266e-01,5.783653313516712302e-01,7.362491053693559495e-01,6.845471059286887261e-01,6.648644074170233509e-01,3.166132626393757254e-01,-1.391741464854576726e-01,2.189835979470764749e-01,-1.002395373202378259e-01,2.190105968663358660e-01,3.071460000000000301e-01
2.950000000000000178e+00,6.166229785120914686e-01,8.670328560712242671e-01,5.573795390955154083e-01,6.259157113957948271e-01,8.553323896915761004e-01,5.579003256995669346e-01,7.362491053693559495e-01,6.845471059286887261e-01,6.648644074170233509e-01,3.270757615750459202e-01,-5.041998794278801377e-02,2.174199961430136052e-01,-1.074848683215079426e-01,2.182005023641197805e-01,2.969770000000000465e-01
3.000000000000000000e+00,6.293800618865429408e-01,8.749782579485969602e-01,5.566847156602428015e-01,6.223372724622125984e-01,8.919189084162538750e-01,5.430529999224873450e-01,7.653668647301795636e-01,7.071067811865474617e-01,6.532040358206789854e-01,3.198580404143685496e-01,-8.369503124579538711e-02,2.159573685328969872e-01,-9.651932016043618390e-02,2.160399112615662420e-01,3.049520000000000564e-01
3.050000000000000266e+00,6.420514549251156167e-01,8.828163831647291016e-01,5.512374412501026555e-01,6.305005669989294237e-01,8.866831595511956987e-01,5.503992922774161300e-01,7.653668647301795636e-01,7.071067811865474617e-01,6.532040358206789854e-01,3.250547679783049593e-01,-1.021233611078086467e-01,2.144811065233145908e-01,-1.019665945705763299e-01,2.146638174511994457e-01,2.968870000000000120e-01
3.100000000000000089e+00,6.550172765820297949e-01,8.907752382295527349e-01,5.498207801231367320e-01,6.468953725972454993e-01,8.859010157756109782e-01,5.543060431008175470e-01,7.653668647301795636e-01,7.071067811865474617e-01,6.532040358206789854e-01,3.046818383359028437e-01,-1.076998017092482829e-01,2.129217867225965399e-01,-1.033832556975422534e-01,2.142688351511356504e-01,2.970770000000000355e-01
3.150000000000000355e+00,6.670850172640183651e-01,8.981307762600395650e-01,5.449604954578504135e-01,6.883720949747723639e-01,9.082103866245732071e-01,5.295896901672785262e-01,8.230287172102175308e-01,7.501110696304594816e-01,6.276410272841830285e-01,3.796818383359028548e-01,-1.278614568768843551e-01,2.113852874567629381e-01,-8.268053182633261500e-02,2.150076070831382358e-01,3.503670000000000395e-01
3.200000000000000178e+00,6.827934926844577701e-01,9.075742174305705401e-01,5.375960544340374625e-01,6.749091322975747653e-01,9.010226111715199382e-01,5.501804833324710486e-01,8.230287172102175308e-01,7.501110696304594816e-01,6.276410272841830285e-01,4.277403365528488211e-01,-2.055727906659180482e-01,2.098043526550804616e-01,-9.004497285014556596e-02,2.108567312487554246e-01,2.974080000000000612e-01
3.250000000000000000e+00,7.000483472660170570e-01,9.177190081802629740e-01,5.254108065978542186e-01,7.172788096141319292e-01,9.181866581088662382e-01,5.191562515841647851e-01,8.230287172102175308e-01,7.501110696304594816e-01,6.276410272841830285e-01,3.527403365528488099e-01,-8.404845454336498656e-02,2.078830096795361848e-01,-1.022302206863288099e-01,2.078860083231363343e-01,2.995619999999999949e-01
3.300000000000000266e+00,7.142945547679904195e-01,9.259660180557434117e-01,5.240971999326347053e-01,7.214784568871388526e-01,9.300543778630493419e-01,5.396671633276897140e-01,8.515585831301453190e-01,7.705132427757892533e-01,6.136619346445102430e-01,3.699171021887590616e-01,-2.340484545433650088e-01,2.061351609868957158e-01,-8.956473471187553770e-02,2.073812402905489127e-01,3.041600000000000414e-01
3.350000000000000089e+00,7.293084600462726996e-01,9.345393314019131425e-01,5.135862688366765738e-01,7.451360076218208617e-01,9.288379818202781024e-01,5.203350942425637449e-01,8.515585831301453190e-01,7.705132427757892533e-01,6.136619346445102430e-01,3.440291407008003732e-01,-1.484369419044474780e-01,2.044982438651518630e-01,-1.000756658078336692e-01,2.045718708522925311e-01,2.965060000000000473e-01
3.400000000000000355e+00,7.433859901567860806e-01,9.424167562282634858e-01,5.067421980678030735e-01,7.211494591225745543e-01,9.423541789940333979e-01,4.946121067903246349e-01,8.515585831301453190e-01,7.705132427757892533e-01,6.136619346445102430e-01,3.388156516809949226e-01,-7.615680028683519120e-02,2.028316325446057333e-01,-1.069197365767071695e-01,2.031061983492503942e-01,2.973379999999999912e-01
3.450000000000000178e+00,7.568067949246864989e-01,9.498173714581278348e-01,5.011364875733299584e-01,7.534156539675790354e-01,9.635635928102966874e-01,5.132409146138807721e-01,8.798783397118303817e-01,7.901550123756904132e-01,5.988292022658208147e-01,3.193214489591021943e-01,-2.202876860064302278e-01,2.012529405897523493e-01,-9.769271469249085627e-02,2.015903619820728077e-01,3.068250000000000699e-01
3.500000000000000000e+00,7.701326222411670752e-01,9.570092690696481164e-01,4.886594678080142806e-01,7.654047152225522677e-01,9.504117277298756994e-01,4.985049106941250585e-01,8.798783397118303817e-01,7.901550123756904132e-01,5.988292022658208147e-01,3.475734838680065164e-01,-1.448902257887092204e-01,1.996819740122297016e-01,-1.101697344578065341e-01,1.997109548323370842e-01,2.970070000000000210e-01
3.550000000000000266e+00,7.847884841749166451e-01,9.647359835090659752e-01,4.816960810752113353e-01,7.961585339681587214e-01,9.840834956820859736e-01,4.824944471572880644e-01,9.079809994790934979e-01,8.090169943749474513e-01,5.830981081633392904e-01,2.939139141488450457e-01,-1.762368383635181668e-01,1.978194782548928776e-01,-1.014020270881279551e-01,1.985567913820163732e-01,2.977280000000000482e-01
3.600000000000000089e+00,7.971362164587955101e-01,9.711420369671254216e-01,4.754587809714609925e-01,7.956134453880272517e-01,9.778458927987732086e-01,4.653421792932719292e-01,9.079809994790934979e-01,8.090169943749474513e-01,5.830981081633392904e-01,3.180209996429880226e-01,-1.047637184606105554e-01,1.963681816871163388e-01,-1.076393271918782979e-01,1.963952528915413054e-01,3.156920000000000281e-01
3.650000000000000355e+00,8.102728010183718466e-01,9.778683961971501581e-01,4.709957550995995668e-01,8.145610518772097297e-01,9.956436625115456795e-01,4.861818324844597861e-01,9.358596285211467913e-01,8.270805742745618305e-01,5.664212815967921699e-01,3.241593325824027594e-01,-2.547637184606105776e-01,1.946306608442803232e-01,-9.542552649719260316e-02,1.962371485788813597e-01,3.072559999999999736e-01
3.700000000000000178e+00,8.242467932521854168e-01,9.848710688182942263e-01,4.580935922647020320e-01,8.323219947907628535e-01,9.803549241974436335e-01,4.819752615922885397e-01,9.358596285211467913e-01,8.270805742745618305e-01,5.664212815967921699e-01,3.463784566551182387e-01,-2.301905116851073185e-01,1.930410402225298527e-01,-1.083276893320901380e-01,1.932751022897981896e-01,3.076969999999999983e-01
3.750000000000000000e+00,8.387780422133285230e-01,9.919598273296059698e-01,4.496326986742409382e-01,8.274377390692705392e-01,9.729781660492772266e-01,4.540896053815139943e-01,9.358596285211467913e-01,8.270805742745618305e-01,5.664212815967921699e-01,3.822925337960863534e-01,-1.186776574802997919e-01,1.912250284857031080e-01,-1.167885829225512317e-01,1.913374048324886501e-01,3.117140000000000466e-01
3.800000000000000266e+00,8.552568199841296126e-01,9.998559213250240996e-01,4.440535195168973104e-01,8.362767036596467918e-01,1.013201643504979765e+00,4.350900454292387920e-01,9.358596285211467913e-01,8.270805742745618305e-01,5.664212815967921699e-01,3.072925337960863423e-01,-8.497143353242042618e-02,1.890451935605291234e-01,-1.223677620798948595e-01,1.906518641200833641e-01,2.990200000000000080e-01
3.850000000000000089e+00,8.687846190720642792e-01,1.006266004182637008e+00,4.409579071426348307e-01,8.748559496136724123e-01,1.009722535488130069e+00,4.497327378725897162e-01,9.635073482034306469e-01,8.443279255020150753e-01,5.487487372104546957e-01,2.872766419715485631e-01,-2.015343247326213394e-01,1.875712639099402501e-01,-1.077908300678198650e-01,1.876068675205294911e-01,2.973280000000000367e-01
3.900000000000000355e+00,8.807256400710916644e-01,1.011843000632664635e+00,4.329179886633589547e-01,8.755604183847144339e-01,9.877862656698402910e-01,4.342098620407943699e-01,9.635073482034306469e-01,8.443279255020150753e-01,5.487487372104546957e-01,3.570876554610249443e-01,-1.190574825166606787e-01,1.861007574599782277e-01,-1.158307485470957410e-01,1.868531819299177055e-01,3.105430000000000135e-01
3.950000000000000178e+00,8.958546812973842144e-01,1.018785196690462636e+00,4.274860642803597344e-01,8.666446665117943926e-01,1.037317059064500890e+00,4.349400427206862041e-01,9.909173368648149793e-01,8.607420270039435328e-01,5.300279680891506473e-01,3.088191291699115548e-01,-2.648242800776621220e-01,1.844181654948880700e-01,-1.025419038087909129e-01,1.844303444883564902e-01,2.958650000000000446e-01
4.000000000000000000e+00,9.092224091332027358e-01,1.024773308593366128e+00,4.148143726688080513e-01,8.804186872702834954e-01,1.029620135609089049e+00,4.106924459074301481e-01,9.909173368648149793e-01,8.607420270039435328e-01,5.300279680891506473e-01,3.148167649765815646e-01,-1.589377678107757874e-01,1.828265114249747192e-01,-1.152135954203425960e-01,1.832493453110864423e-01,2.952040000000000219e-01
4.049999999999999822e+00,9.226944287366112274e-01,1.030619451345020865e+00,4.040343885902042409e-01,9.458675393904676376e-01,1.041477589950859928e+00,4.037811097057253384e-01,1.044997129431897598e+00,8.910065241883677878e-01,4.892202290015981170e-01,3.494600068876625998e-01,-3.089377678107758096e-01,1.807109241138603328e-01,-8.518584041139387608e-02,1.856063577214145943e-01,3.043800000000000394e-01
4.100000000000000533e+00,9.381415571709846857e-01,1.037076070659508575e+00,3.877880623953884331e-01,9.451895153893745682e-01,1.035451265002951260e+00,3.873648912184601834e-01,1.044997129431897598e+00,8.910065241883677878e-01,4.892202290015981170e-01,3.707895565079671885e-01,-2.407560201411344802e-01,1.791509907770275078e-01,-1.014321666062096838e-01,1.809818381205471616e-01,2.950139999999999985e-01
4.150000000000000355e+00,9.544788047112757745e-01,1.043656653964428527e+00,3.780412917999513844e-01,9.667885653121636169e-01,1.058763078176997663e+00,3.728790951780132090e-01,1.044997129431897598e+00,8.910065241883677878e-01,4.892202290015981170e-01,2.957895565079671774e-01,-2.028990247011884795e-01,1.772821798514206681e-01,-1.111789372016467325e-01,1.774700798187573980e-01,2.957140000000000324e-01
4.200000000000000178e+00,9.672445609584428006e-01,1.048636208931292391e+00,3.657946040497428442e-01,9.843633953309707252e-01,1.013836928766439049e+00,3.645690714795710718e-01,1.044997129431897598e+00,8.910065241883677878e-01,4.892202290015981170e-01,3.707895565079671885e-01,-1.159702399389709315e-01,1.756785204014489898e-01,-1.234256249518552728e-01,1.757628499324390137e-01,3.167840000000000100e-01
4.250000000000000000e+00,9.839562885232698841e-01,1.054982508407400488e+00,3.600646588899518719e-01,9.736083999157335578e-01,1.055626228622377649e+00,3.584818383388892471e-01,1.044997129431897598e+00,8.910065241883677878e-01,4.892202290015981170e-01,2.957895565079671774e-01,-1.423519336582440564e-01,1.734269249489607811e-01,-1.291555701116462451e-01,1.749688762592732094e-01,3.089200000000000279e-01
4.299999999999999822e+00,9.973998674833598477e-01,1.059989159068769782e+00,3.529480968097189475e-01,9.664971439931426822e-01,1.058633692452753738e+00,3.561688762478505410e-01,1.044997129431897598e+00,8.910065241883677878e-01,4.892202290015981170e-01,2.737116031662296112e-01,-1.395827230771039540e-01,1.715286483914805482e-01,-1.362721321918791695e-01,1.755580537489550008e-01,2.976790000000000269e-01
4.350000000000000533e+00,1.009191403463817416e+00,1.064289280279987260e+00,3.464343810386374400e-01,1.010668588637077203e+00,1.058231410419270935e+00,3.721171736713069222e-01,1.071653589957993313e+00,9.048270524660195768e-01,4.670176594031887340e-01,2.817036050422174753e-01,-2.874468241973654470e-01,1.705082699272297275e-01,-1.205832783645512940e-01,1.712592387026957985e-01,3.039000000000000035e-01
4.400000000000000355e+00,1.022040772861258828e+00,1.068830017732863125e+00,3.329349479749996732e-01,1.015115705778195210e+00,1.071748445237580061e+00,3.491355853869606563e-01,1.098045635996263591e+00,9.177546256839811400e-01,4.435365795339238915e-01,3.219339807688837984e-01,-3.243587753337952018e-01,1.690737451943635228e-01,-1.106016315589242183e-01,1.691168628578894884e-01,2.969260000000000232e-01
4.450000000000000178e+00,1.036735288793013243e+00,1.073793441825859007e+00,3.185485214110377328e-01,1.047733555497923685e+00,1.067017456550311882e+00,3.057202534537419858e-01,1.124166755704261167e+00,9.297764858882513472e-01,4.187166943902145277e-01,3.635869541419838313e-01,-2.608274449857667099e-01,1.671241582301630502e-01,-1.001681729791767950e-01,1.684789156060409465e-01,2.964559999999999973e-01
4.500000000000000000e+00,1.053198572945609479e+00,1.079097897931091898e+00,3.048445607104000032e-01,1.026683918184716271e+00,1.101214918540082799e+00,3.028094151241873533e-01,1.124166755704261167e+00,9.297764858882513472e-01,4.187166943902145277e-01,3.122663960797770755e-01,-2.947827797338611333e-01,1.652765907033669490e-01,-1.138721336798145245e-01,1.653280588966469233e-01,3.066250000000000364e-01
4.549999999999999822e+00,1.067058676426070551e+00,1.083347002662802039e+00,2.901038590093687475e-01,1.055798715487948680e+00,1.084225707848010645e+00,2.890392480141259490e-01,1.124166755704261167e+00,9.297764858882513472e-01,4.187166943902145277e-01,3.068392555130569632e-01,-2.142775500487039686e-01,1.635232649796981019e-01,-1.286128353808457803e-01,1.638451596515644870e-01,2.987799999999999900e-01
4.600000000000000533e+00,1.080409560295175542e+00,1.087247135426513855e+00,2.783298576873827201e-01,1.063883170894601715e+00,1.086161622927645842e+00,3.036820859009963236e-01,1.124166755704261167e+00,9.297764858882513472e-01,4.187166943902145277e-01,2.852324444809861692e-01,-2.691126563409066419e-01,1.616581572227614172e-01,-1.403868367028318076e-01,1.634371365879591087e-01,2.978790000000000049e-01
4.650000000000000355e+00,1.093278415206614618e+00,1.090820055317047954e+00,2.633096063523581165e-01,1.094437268880537273e+00,1.106243319944574255e+00,2.700260637067697367e-01,1.150010504086557139e+00,9.408807689542255659e-01,3.924981535591443027e-01,2.633377094729544288e-01,-2.788343410132414490e-01,1.602372627950626460e-01,-1.291885472067861862e-01,1.603131919202975542e-01,3.124460000000000015e-01
4.700000000000000178e+00,1.105302801353000852e+00,1.093983545698079540e+00,2.512099912507053112e-01,1.103064963938679366e+00,1.104239874128436494e+00,2.465737935988538965e-01,1.175570504584946274e+00,9.510565162951535312e-01,3.648227049614560791e-01,3.344548943016454889e-01,-3.163096355129825232e-01,1.585909466426603798e-01,-1.136127137107507679e-01,1.592660850634485536e-01,3.008939999999999948e-01
4.750000000000000000e+00,1.120981598511842092e+00,1.097878814927443880e+00,2.358132560486998486e-01,1.142182582580652195e+00,1.121812553860601858e+00,2.271802306665073878e-01,1.200840450651768254e+00,9.602936856769431762e-01,3.356351199971938648e-01,3.013730239953782419e-01,-3.900441303738202969e-01,1.562110831270450140e-01,-9.982186394849401623e-02,1.590820670471174425e-01,3.212920000000000220e-01
4.800000000000000711e+00,1.134615548852203171e+00,1.101015576243359329e+00,2.164562556719409336e-01,1.138999097996111542e+00,1.102005664212613478e+00,2.238615589641943515e-01,1.200840450651768254e+00,9.602936856769431762e-01,3.356351199971938648e-01,3.516300906095861656e-01,-3.557360184354717014e-01,1.546822178112940149e-01,-1.191788643252529312e-01,1.555261653322309590e-01,3.155120000000000147e-01
4.850000000000000533e+00,1.151189294934348739e+00,1.104507245219580547e+00,1.988203613032868411e-01,1.162664736470217397e+00,1.107526580629639268e+00,2.043677353280042297e-01,1.200840450651768254e+00,9.602936856769431762e-01,3.356351199971938648e-01,2.964258655771453421e-01,-2.822514728902106307e-01,1.525201794329504867e-01,-1.368147586939070237e-01,1.525214346248855990e-01,3.019560000000000577e-01
4.900000000000000355e+00,1.165038103088971155e+00,1.107210777999077855e+00,1.867656691203398722e-01,1.171395817641295523e+00,1.126692379541527789e+00,1.929648227131837146e-01,1.225814107305952971e+00,9.685831611286310761e-01,3.048849158476660826e-01,3.171470798855466899e-01,-4.041220643184993966e-01,1.504782674656197361e-01,-1.181192467273262103e-01,1.513649194752931249e-01,3.086790000000000367e-01
4.950000000000000178e+00,1.179673041378743514e+00,1.109846127061339338e+00,1.695605407819860133e-01,1.175932944768142141e+00,1.103038732931610033e+00,1.635000948765483741e-01,1.225814107305952971e+00,9.685831611286310761e-01,3.048849158476660826e-01,3.598752921760892676e-01,-2.647009572922528475e-01,1.485989126532477056e-01,-1.353243750656800692e-01,1.486076159185813206e-01,3.268329999999999846e-01
5.000000000000000000e+00,1.196405338799131801e+00,1.112590699209675238e+00,1.556007239121375285e-01,1.204708307680251389e+00,1.125282432789201925e+00,1.772419854532412131e-01,1.250485312671410165e+00,9.759167619387473236e-01,2.725283905658684169e-01,3.334139505386263247e-01,-4.147009572922528697e-01,1.461863334013312199e-01,-1.169276666537308884e-01,1.469843825144829808e-01,3.174949999999999717e-01
5.050000000000000711e+00,1.211789910382372160e+00,1.114849312303120676e+00,1.359371882144952970e-01,1.214516207600579545e+00,1.090665084419394137e+00,1.232410614205625699e-01,1.250485312671410165e+00,9.759167619387473236e-01,2.725283905658684169e-01,3.835125931707658031e-01,-2.647009572922528475e-01,1.442205641159176599e-01,-1.365912023513731199e-01,1.442206216498168603e-01,3.101920000000000233e-01
5.100000000000000533e+00,1.229627270679527262e+00,1.117187198473499121e+00,1.247107224554158122e-01,1.228890485089557005e+00,1.095848646308773322e+00,1.281843122292318782e-01,1.250485312671410165e+00,9.759167619387473236e-01,2.725283905658684169e-01,3.444108312655280169e-01,-2.633293311270308856e-01,1.416709315197511032e-01,-1.478176681104526047e-01,1.428019403035353796e-01,3.171650000000000302e-01
5.150000000000000355e+00,1.245738447321788511e+00,1.119100862411673392e+00,1.117387738410098308e-01,1.248646609478337499e+00,1.094748849609355812e+00,1.249831835674868330e-01,1.274847979497379491e+00,9.822872507286887211e-01,2.385309701662947646e-01,3.763015817547684660e-01,-4.051496977609586603e-01,1.398177550434132332e-01,-1.267921963252849338e-01,1.398761209257115834e-01,3.039100000000000135e-01
5.200000000000000178e+00,1.263742828783822159e+00,1.120932575979031842e+00,9.103773933375913785e-02,1.256831305875619531e+00,1.136444607879037560e+00,9.235804066148212144e-02,1.298896096660367316e+00,9.876883405951377704e-01,2.028698429353794630e-01,3.720525865356468787e-01,-4.952470459252840129e-01,1.375944356573121641e-01,-1.118321036016203252e-01,1.378034052751916372e-01,3.044810000000000016e-01
5.250000000000000000e+00,1.280859582085243753e+00,1.122306053434845241e+00,6.910255717582325374e-02,1.280535022623855435e+00,1.110247127205626905e+00,6.347900857442567712e-02,1.298896096660367316e+00,9.876883405951377704e-01,2.028698429353794630e-01,3.618540868076185468e-01,-3.520449140315700109e-01,1.354910433068801934e-01,-1.337672857595562093e-01,1.358206334406248661e-01,3.201600000000000001e-01
5.300000000000000711e+00,1.297776223420042729e+00,1.123334567972716025e+00,5.234590462084742768e-02,1.288173295208281166e+00,1.144495659424370260e+00,5.600011175356023330e-02,1.322623730647303875e+00,9.921147013144778759e-01,1.655368238699046479e-01,3.782154991400924482e-01,-5.020449140315700332e-01,1.335205141178077703e-01,-1.131909192490572202e-01,1.335516829591248400e-01,3.082579999999999765e-01
5.350000000000000533e+00,1.315594216210824063e+00,1.124028093433346420e+00,2.546033997149788064e-02,1.290364279055682850e+00,1.129996212364432706e+00,1.896675274463266447e-02,1.322623730647303875e+00,9.921147013144778759e-01,1.655368238699046479e-01,3.930159336457058616e-01,-3.784289779529340647e-01,1.312684774711584401e-01,-1.400764838984067673e-01,1.321005567494666078e-01,3.061840000000000117e-01
5.400000000000000355e+00,1.333438416822719130e+00,1.124337837188880362e+00,9.252635795844899036e-03,1.316002064742222810e+00,1.139470137856358090e+00,-1.492576340196860585e-02,1.346025027019546627e+00,9.955619646030799963e-01,1.265413517787048470e-01,4.088566689374838470e-01,-4.367952765153688688e-01,1.293347014790825478e-01,-1.172887159828599479e-01,1.293895208913039274e-01,3.201700000000000657e-01
5.450000000000000178e+00,1.352407666754693150e+00,1.124332556849631848e+00,-9.809361984908449017e-03,1.338803566382354759e+00,1.139108498440940309e+00,-4.577481486092160878e-04,1.346025027019546627e+00,9.955619646030799963e-01,1.265413517787048470e-01,3.588291672170585977e-01,-4.884797341424521044e-01,1.269354698424795536e-01,-1.363507137636132960e-01,1.289286760868829929e-01,3.115850000000000009e-01
5.500000000000000000e+00,1.369164247359816677e+00,1.123976052764092071e+00,-3.273515453091402350e-02,1.375279352337959171e+00,1.118727732604369418e+00,-2.595955095523594380e-02,1.391825593184628840e+00,9.995065603657316000e-01,4.370663352722470307e-02,4.338291672170586089e-01,-6.384797341424521822e-01,1.253407619944836016e-01,-7.644178805813872657e-02,1.265155766397847437e-01,3.171050000000000257e-01
5.550000000000000711e+00,1.390839330583851785e+00,1.122942691647578872e+00,-6.254284359549355798e-02,1.397853920303564257e+00,1.128825683900364529e+00,-7.051789628858262660e-02,1.391825593184628840e+00,9.995065603657316000e-01,4.370663352722470307e-02,3.985696099788324509e-01,-5.807823825940900964e-01,1.233613443862501269e-01,-1.062494771227182611e-01,1.234400713696615082e-01,3.152510000000000034e-01
5.600000000000000533e+00,1.409610068701993679e+00,1.121479235930673557e+00,-9.307184452786065876e-02,1.401935794374065125e+00,1.112442080284740564e+00,-1.046762960161626843e-01,1.414213562373094923e+00,1.000000000000000000e+00,0.000000000000000000e+00,4.716149444957028480e-01,-6.249101679149131616e-01,1.214792359306735570e-01,-9.307184452786065876e-02,1.215664300548474491e-01,3.109530000000000349e-01
5.650000000000000355e+00,1.431855120603640508e+00,1.119122097595552923e+00,-1.180650234802227416e-01,1.429028858254463685e+00,1.108401101931029142e+00,-1.197900006299623676e-01,1.436252595526377851e+00,9.995065603657316000e-01,-4.509988523380359382e-02,4.886056118037964136e-01,-7.576666877975422043e-01,1.192956504788059147e-01,-7.296513824641914780e-02,1.196963430204735779e-01,3.177760000000000029e-01
5.700000000000000178e+00,1.454457385593236118e+00,1.116055637113232191e+00,-1.516293033304316751e-01,1.450318119842210596e+00,1.088015362596783886e+00,-1.582067182259767613e-01,1.436252595526377851e+00,9.995065603657316000e-01,-4.509988523380359382e-02,4.339320615327821318e-01,-6.076666877975421821e-01,1.172513220870578798e-01,-1.065294180966280813e-01,1.179622891947810781e-01,3.135380000000000389e-01
5.750000000000000000e+00,1.474875049720540732e+00,1.112613076023422742e+00,-1.824426425862997192e-01,1.471336466798974119e+00,1.105996635788494054e+00,-1.805690198981122485e-01,1.457937254842823105e+00,9.980267284282715590e-01,-9.145845919515815936e-02,4.716350243153160648e-01,-7.248943437648169841e-01,1.156543901291550713e-01,-9.098418339114155984e-02,1.158314290273432107e-01,3.115840000000000276e-01
5.800000000000000711e+00,1.497169455887688461e+00,1.108099668219742373e+00,-2.170496249874589445e-01,1.458291331961536486e+00,1.106945146001554026e+00,-2.171514708870181387e-01,1.457937254842823105e+00,9.980267284282715590e-01,-9.145845919515815936e-02,4.997892672682032744e-01,-5.881827123504332899e-01,1.131960163306819367e-01,-1.255911657923007851e-01,1.168555419017921204e-01,3.236670000000000380e-01
5.850000000000000533e+00,1.520202336071148075e+00,1.102693677062132727e+00,-2.440199934287057282e-01,1.535735354236599015e+00,1.091338767075398009e+00,-2.227227360884169727e-01,1.520811931200061640e+00,9.876883405951377704e-01,-2.363421338615432354e-01,5.604989847417879423e-01,-7.381827123504333121e-01,1.116655629184621773e-01,-7.677859567162492738e-03,1.150069520598990397e-01,3.161630000000000273e-01
5.900000000000000355e+00,1.545992018537958756e+00,1.095802488396266927e+00,-2.781939361155636448e-01,1.539872655773711241e+00,1.094470502226096320e+00,-2.738232369908670805e-01,1.520811931200061640e+00,9.876883405951377704e-01,-2.363421338615432354e-01,5.532527916901405218e-01,-8.881827123504333343e-01,1.110045457702174970e-01,-4.185180225402040932e-02,1.110076833066456076e-01,3.138790000000000191e-01
5.950000000000000178e+00,1.570035142409124562e+00,1.088448040867186606e+00,-3.155015132628595786e-01,1.580471740973688588e+00,1.101981494992047450e+00,-3.104327128941197778e-01,1.541026485551578507e+00,9.822872507286887211e-01,-2.858789635025540399e-01,5.689956773210498309e-01,-1.022884042377477432e+00,1.100326306438245832e-01,-2.962254976030553877e-02,1.100527852237690729e-01,3.243180000000000507e-01
6.000000000000000000e+00,1.594507713457569809e+00,1.079878722247492817e+00,-3.581334179243507165e-01,1.584899249929480725e+00,1.061370091255732007e+00,-3.616010936498961215e-01,1.560860814676659380e+00,9.759167619387474346e-01,-3.356505649802192792e-01,5.567506096632430790e-01,-9.813976163185446078e-01,1.092432236745453367e-01,-2.248285294413143731e-02,1.092712358711567938e-01,3.045910000000000006e-01
6.050000000000000711e+00,1.619530647993302708e+00,1.069759456273068787e+00,-4.104534131231822869e-01,1.608812650686135326e+00,1.079204577497284934e+00,-4.063671636654859753e-01,1.560860814676659380e+00,9.759167619387474346e-01,-3.356505649802192792e-01,5.460686365350920779e-01,-8.358134780059776059e-01,1.079307927219315261e-01,-7.480284814296300766e-02,1.106733961768932989e-01,3.083380000000000010e-01
6.100000000000000533e+00,1.642838624113656776e+00,1.058985261518317511e+00,-4.555408446004718392e-01,1.631066703294553388e+00,1.046020436711088353e+00,-4.606792307195024527e-01,1.599369316974181165e+00,9.602936856769430651e-01,-4.349307235386512538e-01,5.882004266463108921e-01,-9.674799837581979922e-01,1.078190017039030862e-01,-2.061012106182058545e-02,1.078406593323679025e-01,3.190890000000000115e-01
6.150000000000000355e+00,1.667454450793311782e+00,1.046267318169691096e+00,-4.982278991659159217e-01,1.679285446075885702e+00,1.048103684247680079e+00,-5.006124107315725880e-01,1.618033988749894903e+00,9.510565162951536422e-01,-4.839691544534954204e-01,5.939103683949022994e-01,-1.002612383004860996e+00,1.072714744418105243e-01,-1.425874471242050134e-02,1.072729176548173902e-01,3.143890000000000295e-01
6.200000000000000178e+00,1.692056426462643870e+00,1.032073824512583560e+00,-5.483315602748666251e-01,1.687777052767319708e+00,1.001404062717229371e+00,-5.448122898658285251e-01,1.654161148549123661e+00,9.297764858882513472e-01,-5.797757117532911231e-01,6.067600716347298917e-01,-1.126672887905954434e+00,1.063408840838483971e-01,3.144415147842449798e-02,1.090907767767936576e-01,3.127269999999999772e-01
6.250000000000000000e+00,1.716447540761125934e+00,1.016235582137201776e+00,-6.034973603819633325e-01,1.702946725766650626e+00,1.010629482983116612e+00,-6.092887968397695531e-01,1.654161148549123661e+00,9.297764858882513472e-01,-5.797757117532911231e-01,6.060628211076568572e-01,-9.766728879059544122e-01,1.064531776251931849e-01,-2.372164862867220947e-02,1.065587630322943069e-01,3.242980000000000307e-01
6.300000000000000711e+00,1.739782758231953830e+00,9.993413444895975495e-01,-6.497816071865298859e-01,1.729225502678750637e+00,1.014061674662416035e+00,-6.447976247792519544e-01,1.671614722736540548e+00,9.177546256839811400e-01,-6.261818627476221089e-01,6.650996296071638447e-01,-9.260179383178850365e-01,1.060575954552425426e-01,-2.359974443890777707e-02,1.063168554311622188e-01,3.058830000000000160e-01
6.350000000000000533e+00,1.763729096363764626e+00,9.802946551218555404e-01,-6.940662572496067995e-01,1.755117899777882906e+00,9.862765439799914269e-01,-7.009981906955151665e-01,1.688655851004030151e+00,9.048270524660194658e-01,-6.713924332034157949e-01,6.206329108552013363e-01,-8.511910654762563366e-01,1.057891538079368393e-01,-2.267382404619100456e-02,1.064488197185015778e-01,3.053120000000000278e-01
6.400000000000000355e+00,1.785771536672886128e+00,9.611060783704451493e-01,-7.385176615393183042e-01,1.772300896391330260e+00,9.976566424309585290e-01,-7.104446285485583878e-01,1.688655851004030151e+00,9.048270524660194658e-01,-6.713924332034157949e-01,6.362423923174066465e-01,-8.284023761516828843e-01,1.044774290152510055e-01,-6.712522833590250926e-02,1.122443101439135615e-01,3.189780000000000393e-01
6.450000000000000178e+00,1.807996010619209670e+00,9.399095667285631839e-01,-7.849388683090845475e-01,1.794804215322408636e+00,9.479173916194015836e-01,-7.830670067530451917e-01,1.721484054007887066e+00,8.763066800438636950e-01,-7.578022734857023934e-01,6.126694070285506610e-01,-8.044849369406259498e-01,1.056598354378288501e-01,-2.713659482338215412e-02,1.073761883815312623e-01,3.010450000000000070e-01
6.500000000000000000e+00,1.828731073337930502e+00,9.182462078906273861e-01,-8.296396463305701907e-01,1.848079210392253646e+00,9.215754506372224597e-01,-8.072715753405828032e-01,1.752613360087727390e+00,8.443279255020149643e-01,-8.384258043476089384e-01,6.498981723243119069e-01,-9.544849369406259720e-01,1.060247756212919779e-01,8.786158017038747658e-03,1.061028686781031183e-01,3.102920000000000678e-01
6.550000000000000711e+00,1.848662270452680056e+00,8.953418708378624302e-01,-8.797509282018727284e-01,1.848162107479480287e+00,8.753835736850136273e-01,-8.733213903385190768e-01,1.782013048376735576e+00,8.090169943749474513e-01,-9.130687851951857503e-01,6.681086112892526963e-01,-9.154137096834461529e-01,1.055172202885460431e-01,3.331785699331302197e-02,1.090600893987626330e-01,3.134070000000000467e-01
6.600000000000000533e+00,1.867620170308170513e+00,8.715029267611201780e-01,-9.181670103391881277e-01,1.870915917537630868e+00,8.730580800383668238e-01,-9.444505328184611415e-01,1.782013048376735576e+00,8.090169943749474513e-01,-9.130687851951857503e-01,6.305663874277631642e-01,-7.654137096834461307e-01,1.059469645296265417e-01,-5.098225144002377363e-03,1.059861833993135105e-01,2.996820000000000039e-01
6.650000000000000355e+00,1.884289192930824974e+00,8.489136320175836303e-01,-9.519796908364344112e-01,1.906767434167053521e+00,8.553803433674073142e-01,-9.507565925311012300e-01,1.796055151521231297e+00,7.901550123756903021e-01,-9.481711696544556922e-01,6.347555693183106751e-01,-7.447820694065987457e-01,1.059432014772718894e-01,-3.808521181978719028e-03,1.060085913767869342e-01,3.004229999999999956e-01
6.700000000000000178e+00,1.900927161082698991e+00,8.245687013918624464e-01,-9.905811215696966876e-01,1.913328666582237103e+00,8.072069927797395072e-01,-9.961328096101476071e-01,1.822806553270890584e+00,7.501110696304593706e-01,-1.014107414023698084e+00,6.502911398463173676e-01,-7.532648265716770375e-01,1.056668912541434413e-01,2.352629245400139624e-02,1.079201940899064543e-01,3.161530000000000173e-01
6.750000000000000000e+00,1.917252508065237837e+00,7.987301091453058444e-01,-1.024033990825036433e+00,1.927834425354419512e+00,8.290408198562002617e-01,-9.999496640124623248e-01,1.822806553270890584e+00,7.501110696304593706e-01,-1.014107414023698084e+00,7.252911398463173231e-01,-7.525937761428309614e-01,1.058747195846723443e-01,-9.926576801338349298e-03,1.062254648394728718e-01,3.057530000000000525e-01
6.800000000000000711e+00,1.934489039839745850e+00,7.693818132013621192e-01,-1.055486749291192794e+00,1.949304226458737466e+00,7.511143193364131498e-01,-1.061277161817309800e+00,1.847759065022573477e+00,7.071067811865475727e-01,-1.074685819931865183e+00,6.502911398463173676e-01,-6.844529463270764280e-01,1.059173135868231308e-01,1.919907064067238878e-02,1.067720382133521412e-01,3.038899999999999935e-01
6.850000000000000533e+00,1.949293107444883155e+00,7.421874094705267488e-01,-1.089070757125959688e+00,1.954298578968116651e+00,7.585333832122116426e-01,-1.085183090087852964e+00,1.847759065022573477e+00,7.071067811865475727e-01,-1.074685819931865183e+00,6.406812309583214127e-01,-6.005783762160201711e-01,1.059918430803549472e-01,-1.438493719409450478e-02,1.074235181485604790e-01,3.246380000000000376e-01
6.900000000000000355e+00,1.963040940462127404e+00,7.147775525092784354e-01,-1.122723773450333251e+00,1.975282473913874570e+00,7.275657142659214260e-01,-1.130683599324143973e+00,1.859552971776502694e+00,6.845471059286888371e-01,-1.103112110178118499e+00,6.128093388734873193e-01,-5.146326608267121072e-01,1.060033822076178189e-01,-1.961166327221475214e-02,1.078129842047734210e-01,3.140490000000000226e-01
6.950000000000000178e+00,1.975297839344527961e+00,6.884817536730195586e-01,-1.146518736504607006e+00,1.988564560338605958e+00,6.605704424387387474e-01,-1.152092318475327115e+00,1.892170717655090595e+00,6.129070536529763746e-01,-1.181705781771627883e+00,6.846536842717572124e-01,-6.550981213171956918e-01,1.055827814546640153e-01,3.518704526702087776e-02,1.123461331933148649e-01,3.120650000000000368e-01
7.000000000000000000e+00,1.987954135313720672e+00,6.594605537254832894e-01,-1.172595681235056642e+00,2.008468765348556673e+00,6.718497894211878929e-01,-1.195308394323986834e+00,1.892170717655090595e+00,6.129070536529763746e-01,-1.181705781771627883e+00,7.170689136857537616e-01,-5.072513133144153086e-01,1.062839676242662845e-01,9.110100536571241747e-03,1.064973777487899925e-01,3.262720000000000065e-01
7.050000000000000711e+00,2.000427967280709929e+00,6.284962023787828977e-01,-1.203083982499908888e+00,1.974675074499589567e+00,6.193509348510346513e-01,-1.201824686464523673e+00,1.902113032590307062e+00,5.877852522924732481e-01,-1.205891371747593865e+00,6.420689136857538060e-01,-5.281291679471387113e-01,1.063697819862105820e-01,2.807389247684977107e-03,1.064105626341115413e-01,3.115050000000000319e-01
7.100000000000000533e+00,2.010653317265470363e+00,6.008339485249136747e-01,-1.230364749257081725e+00,1.995879428455101356e+00,6.027412646321513856e-01,-1.221190999519021769e+00,1.911586029596660241e+00,5.620833778521308055e-01,-1.229177066822546571e+00,6.816452735734389590e-01,-5.323710165784139026e-01,1.063244820943597263e-01,-1.187682434535375364e-03,1.063763799605961236e-01,3.119950000000000223e-01
7.150000000000000355e+00,2.021143608166499739e+00,5.700488830892660452e-01,-1.254390340607616450e+00,2.014123850113232361e+00,5.517050611026780293e-01,-1.254618050726924450e+00,1.920587371353886352e+00,5.358267949789962126e-01,-1.251624470568528880e+00,6.066452735734388924e-01,-4.743327736050998444e-01,1.062159230599937915e-01,-2.765870039087570120e-03,1.062200926216008146e-01,3.181559999999999944e-01
7.200000000000000178e+00,2.029670869769776065e+00,5.431542633560010325e-01,-1.273131171078194068e+00,2.039659866874955707e+00,5.126513328967235994e-01,-1.295684028903389962e+00,1.937166322257262152e+00,4.817536741017152124e-01,-1.294241249945474737e+00,6.633122391986306932e-01,-4.585230706013209145e-01,1.057545539423787317e-01,2.111007886728089034e-02,1.110275806782641816e-01,3.136180000000000634e-01
7.250000000000000000e+00,2.038400611301301346e+00,5.137594712742319381e-01,-1.291089010376125890e+00,2.044690635773194654e+00,4.912020296661024910e-01,-1.302736001444737779e+00,1.944739840795353114e+00,4.539904997395468600e-01,-1.314523834253633616e+00,7.003449855002521485e-01,-4.946946658936136609e-01,1.057519858299039994e-01,2.343482387750750462e-02,1.111065699681251795e-01,3.227750000000000341e-01
7.300000000000000711e+00,2.047024710633463140e+00,4.825674587386099557e-01,-1.311012530407125398e+00,2.056432487147304311e+00,4.827249906324326267e-01,-1.297092296550019785e+00,1.944739840795353114e+00,4.539904997395468600e-01,-1.314523834253633616e+00,6.618040266215127199e-01,-5.194254254907639812e-01,1.061879916140879010e-01,3.511303846508440074e-03,1.062018699620361772e-01,3.177059999999999884e-01
7.350000000000000533e+00,2.054963673760546339e+00,4.513615174077722503e-01,-1.332338724447670764e+00,2.040289602990527751e+00,4.594049000892701518e-01,-1.329360754953061496e+00,1.951833523877494647e+00,4.257792915650728816e-01,-1.334194433894803744e+00,6.973977864195241017e-01,-4.516373337003180000e-01,1.062534424593485072e-01,1.855709447132980472e-03,1.062557202882159352e-01,3.106920000000000237e-01
7.400000000000000355e+00,2.062245144865502144e+00,4.197235648596138180e-01,-1.356832455718084418e+00,2.052885704302042758e+00,4.019093837517964674e-01,-1.346509851522499579e+00,1.964574501457377442e+00,3.681245526846777527e-01,-1.371902576303441368e+00,7.148032382874776047e-01,-5.068082989458259080e-01,1.059403319100790941e-01,1.507012058535694976e-02,1.104627205947158186e-01,3.488940000000000374e-01
7.450000000000000178e+00,2.069000967458702434e+00,3.865353639605116354e-01,-1.383125758919659942e+00,2.046861469985364668e+00,3.638097441151169065e-01,-1.391268995756317350e+00,1.970218652309547958e+00,3.387379202452913129e-01,-1.390036498327183789e+00,6.872728496268326603e-01,-3.932045283137729497e-01,1.057657767137150095e-01,6.910739407524069122e-03,1.097385138041176850e-01,3.161329999999999973e-01
7.500000000000000000e+00,2.074590481647518025e+00,3.559655782172042593e-01,-1.396773492536876438e+00,2.070189547727906199e+00,3.495919282019827046e-01,-1.394086418150322082e+00,1.970218652309547958e+00,3.387379202452913129e-01,-1.390036498327183789e+00,6.227743302727245522e-01,-3.916311498863776497e-01,1.057684764178828812e-01,-6.736994209692426239e-03,1.057840770558195337e-01,3.120950000000000113e-01
7.550000000000000711e+00,2.079328333863140532e+00,3.273873883804794271e-01,-1.416236567992311013e+00,2.109900388162433416e+00,3.223709745132424254e-01,-1.384379569563570778e+00,1.975376681190275541e+00,3.090169943749475068e-01,-1.407751407822099621e+00,6.340425279583737916e-01,-5.017450713230279247e-01,1.055549503919486348e-01,-8.485160170211614172e-03,1.055623866220276458e-01,3.205109999999999904e-01
7.600000000000000533e+00,2.083602235345686893e+00,2.970866907715315475e-01,-1.445105640157986260e+00,2.072581685262822049e+00,3.049461062760524532e-01,-1.461264614358668501e+00,1.980047315433115074e+00,2.789911060392295528e-01,-1.425090937290525384e+00,6.992219504963677057e-01,-3.517450713230279025e-01,1.050849295075328704e-01,-2.001470286746087623e-02,1.051240772844312943e-01,3.119040000000000146e-01
7.650000000000000355e+00,2.087459906935793974e+00,2.640627922590818022e-01,-1.463911984796212984e+00,2.066767606895559162e+00,3.112801115077116210e-01,-1.449888893873563012e+00,1.980047315433115074e+00,2.789911060392295528e-01,-1.425090937290525384e+00,7.270414692511627530e-01,-2.960499067709386201e-01,1.041069717920155291e-01,-3.882104750568782237e-02,1.084450061811972760e-01,3.112639999999999851e-01
7.700000000000000178e+00,2.090833989445481045e+00,2.306321290550999159e-01,-1.476506351554987440e+00,2.098465601691945626e+00,2.284314281317082196e-01,-1.473488788707174146e+00,1.987921910910359413e+00,2.181432413965423145e-01,-1.458810657793825349e+00,6.520414692511626864e-01,-3.311377453039691665e-01,1.036631083107871082e-01,-1.769569376116209014e-02,1.036671028984948312e-01,3.248490000000000544e-01
7.750000000000000000e+00,2.093549450077050178e+00,1.996071939244402071e-01,-1.490481052437132359e+00,2.090715414523887539e+00,2.215131428275538827e-01,-1.486519017118030028e+00,1.987921910910359413e+00,2.181432413965423145e-01,-1.458810657793825349e+00,6.156248850969727737e-01,-2.788661547118806983e-01,1.028944688950447633e-01,-3.167039464330700937e-02,1.072416061344607791e-01,3.080670000000000353e-01
7.800000000000000711e+00,2.095629690024900516e+00,1.717958299005512834e-01,-1.501793255693882667e+00,2.130047280304003365e+00,1.752987879752886669e-01,-1.499659299927653455e+00,1.993834667466255928e+00,1.564344650402309800e-01,-1.491515948466642039e+00,6.871711199894326993e-01,-3.597682917529882451e-01,1.026918594080792474e-01,-1.027730722724040646e-02,1.029475504715233330e-01,3.079780000000000295e-01
7.850000000000000533e+00,2.097506740757565158e+00,1.398444283559154844e-01,-1.522440175260231676e+00,2.091213550738564297e+00,1.497932636058004474e-01,-1.542916241631412166e+00,1.993834667466255928e+00,1.564344650402309800e-01,-1.491515948466642039e+00,6.121711199894326327e-01,-2.097682917529882229e-01,1.020325478085414572e-01,-3.092422679358985960e-02,1.049910858011551679e-01,3.233960000000000723e-01
7.900000000000000355e+00,2.098685215203411225e+00,1.114348375654602152e-01,-1.536236873543101789e+00,2.106715293032787706e+00,1.320049727462498379e-01,-1.542317564253313122e+00,1.996053456856543118e+00,1.253332335643040918e-01,-1.507583273474969898e+00,6.428955696718672286e-01,-2.451433252351145065e-01,1.015487989450149370e-01,-2.865360006813189031e-02,1.035685436448278429e-01,3.021070000000000144e-01
7.950000000000000178e+00,2.099622341274423043e+00,8.051122946629717114e-02,-1.544765220812996276e+00,2.099637330260114343e+00,9.312579422418938713e-02,-1.547386838801886544e+00,1.997779749923940029e+00,9.410831331851435277e-02,-1.523509323095280088e+00,6.156615497569817297e-01,-2.784832257868160021e-01,1.010860236940058637e-01,-2.125589771771618786e-02,1.027462607702377823e-01,3.042400000000000104e-01
8.000000000000000000e+00,2.100222594988941260e+00,5.129034761899262801e-02,-1.555749322331944740e+00,2.087498669760462722e+00,5.153765738635531640e-02,-1.546272217577875807e+00,1.999013120731463200e+00,6.279051952931313796e-02,-1.539329969395177633e+00,5.768158762763634373e-01,-3.327388998442338819e-01,1.007975642336135513e-01,-1.641935293676688445e-02,1.018607462835514482e-01,3.118850000000000233e-01
8.050000000000000711e+00,2.100389821359227582e+00,2.427010560245034324e-02,-1.573465630484391919e+00,2.117965127653151480e+00,1.717376257922105867e-02,-1.587317209143483732e+00,1.999753264963321175e+00,3.141075907812823642e-02,-1.555080610045283418e+00,5.661632017189750510e-01,-2.529844748228373130e-01,1.005119129864530253e-01,-1.838502043910850148e-02,1.008895703989572956e-01,3.034789999999999988e-01
8.099999999999999645e+00,2.100082156752140161e+00,-3.116756318492053951e-03,-1.590594121833105445e+00,2.089131342160564841e+00,-1.750174057257667965e-03,-1.598646382537362909e+00,2.000000000000000000e+00,1.224646799147353207e-16,-1.570796326794896558e+00,6.209107895550322054e-01,-2.546762297758941584e-01,1.000821567521401612e-01,-1.979779503820910946e-02,1.001306759694990528e-01,3.052619999999999778e-01
8.150000000000000355e+00,2.099311153252095608e+00,-3.225344948608224738e-02,-1.603909383018216728e+00,2.093859719367161532e+00,-1.682091798396365828e-02,-1.613390248676872751e+00,1.999753264963321175e+00,-3.141075907812888174e-02,-1.586512043544509476e+00,6.907632855634002755e-01,-2.608378111453576453e-01,9.955883688998801162e-02,-1.739733947370725176e-02,9.956145462800222723e-02,3.171650000000000302e-01
8.200000000000001066e+00,2.098007688691013062e+00,-6.515156042727146546e-02,-1.616884360653314534e+00,2.104509337312588713e+00,-8.162281818105852904e-02,-1.603058260799128387e+00,1.999013120731463200e+00,-6.279051952931377634e-02,-1.602262684194615705e+00,6.157632855634003199e-01,-3.643773210107019156e-01,9.901984427312701675e-02,-1.462167645869882904e-02,9.902271961332795303e-02,3.032990000000000408e-01
8.250000000000000000e+00,2.096323817639258902e+00,-9.486789121549704662e-02,-1.637916903958497761e+00,2.101523027991626602e+00,-1.175070936537029181e-01,-1.633521613961095076e+00,1.996053456856543118e+00,-1.253332335643042861e-01,-1.634009380114828769e+00,6.655227633976419366e-01,-3.725866129949887418e-01,9.814556779782149243e-02,-3.907523843668769814e-03,1.047963851281427383e-01,3.030079999999999996e-01
8.300000000000000711e+00,2.094013067542850770e+00,-1.255933116058108312e-01,-1.653806048837102916e+00,2.092984293384085870e+00,-1.269403546617609291e-01,-1.654054681266384774e+00,1.996053456856543118e+00,-1.253332335643042861e-01,-1.634009380114828769e+00,6.258891747370897152e-01,-2.930282045097298282e-01,9.778038731047640486e-02,-1.979666872227436869e-02,9.795995593302721238e-02,3.148610000000000020e-01
8.349999999999999645e+00,2.091440221306569036e+00,-1.545859406293510485e-01,-1.664805682009920185e+00,2.084044499436046749e+00,-1.415350545987618669e-01,-1.657689016160179385e+00,1.996053456856543118e+00,-1.253332335643042861e-01,-1.634009380114828769e+00,5.644285141667879646e-01,-2.757289949990111566e-01,9.704417206328808110e-02,-3.079630189509163785e-02,9.977151749311105600e-02,3.029480000000000506e-01
8.400000000000000355e+00,2.088839257012081063e+00,-1.809472340454765793e-01,-1.673482413994096474e+00,2.105595828446604756e+00,-1.835411875433780593e-01,-1.684602605902378647e+00,1.991123929206159993e+00,-1.873813145857247675e-01,-1.666321810950852189e+00,6.394285141667879202e-01,-3.141872417671129902e-01,9.665615043046267563e-02,-7.160603043244506694e-03,9.792692520761085706e-02,3.025970000000000604e-01
8.450000000000001066e+00,2.085605422977400814e+00,-2.103675921975354524e-01,-1.687067729764574642e+00,2.069347828634860775e+00,-2.138977316269821682e-01,-1.679398331085872886e+00,1.987921910910359413e+00,-2.181432413965429529e-01,-1.682781995795967767e+00,6.460777022755672672e-01,-3.828369476254867565e-01,9.620269529591898849e-02,-4.285733968607097211e-03,9.799249588727622362e-02,3.099610000000000420e-01
8.500000000000000000e+00,2.081652875660157775e+00,-2.410744657580241035e-01,-1.710554410674264503e+00,2.078513815472841753e+00,-2.333493689276676109e-01,-1.737280962546069008e+00,1.987921910910359413e+00,-2.181432413965429529e-01,-1.682781995795967767e+00,5.710777022755673116e-01,-2.328369476254867343e-01,9.570645300761258800e-02,-2.777241487829673616e-02,9.649525793345768709e-02,3.112630000000000674e-01
8.550000000000000711e+00,2.077887012735131211e+00,-2.672357178996979110e-01,-1.716970329653087157e+00,2.069117737372576649e+00,-2.708359909966439605e-01,-1.710380321390583047e+00,1.984229402628955752e+00,-2.486898871648545728e-01,-1.699495510204540816e+00,5.356319740625519188e-01,-3.390541786239136268e-01,9.526328184916157960e-02,-1.747481944854634150e-02,9.547615287832789122e-02,3.024970000000000159e-01
8.599999999999999645e+00,2.074049629419900675e+00,-2.917030325113487144e-01,-1.735761972830104582e+00,2.070517366463833664e+00,-2.670321214912267371e-01,-1.738200377883097669e+00,1.984229402628955752e+00,-2.486898871648545728e-01,-1.699495510204540816e+00,5.525612766443668278e-01,-2.369940325117790847e-01,9.459787265498424691e-02,-3.626646262556398881e-02,9.958817105146278159e-02,3.161030000000000229e-01
8.650000000000000355e+00,2.069593469846071621e+00,-3.178005797259669252e-01,-1.744068933993759618e+00,2.057515679733172398e+00,-3.133783273124677304e-01,-1.761512365903010302e+00,1.975376681190275541e+00,-3.090169943749468962e-01,-1.733841245767686834e+00,6.054788963601899221e-01,-2.872081902031637934e-01,9.439302982556720123e-02,-1.022768822607300621e-02,9.462533823574739711e-02,3.038299999999999890e-01
8.700000000000001066e+00,2.064682603789372628e+00,-3.450506803224776542e-01,-1.754125316361356823e+00,2.059327936034134332e+00,-3.463927355210059122e-01,-1.734034330070893359e+00,1.970218652309547736e+00,-3.387379202452919236e-01,-1.751556155262608883e+00,5.888093264803645477e-01,-4.372081902031638156e-01,9.405977547030133779e-02,-2.569161098747940741e-03,9.467464850198717419e-02,3.033090000000000508e-01
8.750000000000000000e+00,2.059375525920415839e+00,-3.724955685759185897e-01,-1.769496555978061103e+00,2.053096116168635632e+00,-3.587162564836111622e-01,-1.779710522501047887e+00,1.970218652309547736e+00,-3.387379202452919236e-01,-1.751556155262608883e+00,5.382195170103024617e-01,-2.959765427690876916e-01,9.377312552986932781e-02,-1.794040071545222048e-02,9.533376596399918690e-02,3.109330000000000149e-01
8.800000000000000711e+00,2.054153850743213106e+00,-3.978157437077319281e-01,-1.778845586441510918e+00,2.045323674639302869e+00,-3.961616115763762491e-01,-1.770132095671052896e+00,1.964574501457377442e+00,-3.681245526846779192e-01,-1.769690077286353080e+00,5.000427539081981898e-01,-4.068123704506063087e-01,9.367989444535468335e-02,-9.155509155157837142e-03,9.437174705832900024e-02,3.030480000000000396e-01
8.849999999999999645e+00,2.049069280483941213e+00,-4.206846870446694919e-01,-1.800300206817325055e+00,2.026732916699627296e+00,-4.234883302835268926e-01,-1.798088248581097837e+00,1.958445621243531498e+00,-3.971478906347807869e-01,-1.788288363900390143e+00,5.007697887346687082e-01,-3.762791475155943810e-01,9.356752257422652763e-02,-1.201184291693468964e-02,9.363027501488205284e-02,3.032890000000000308e-01
8.900000000000000355e+00,2.043405093340156409e+00,-4.437436692694062823e-01,-1.823032594077885538e+00,2.047781385660019549e+00,-4.603560248880336214e-01,-1.816392923685621108e+00,1.951833523877494869e+00,-4.257792915650726595e-01,-1.807398219694988484e+00,4.711260082183015285e-01,-4.038630149217610765e-01,9.323125509220629714e-02,-1.563437438289705383e-02,9.331704667507971507e-02,3.136979999999999769e-01
8.950000000000001066e+00,2.037552670001687716e+00,-4.655618931595657539e-01,-1.842693151899706727e+00,2.016979956155500631e+00,-4.709879245463358122e-01,-1.869082540981095830e+00,1.944739840795353336e+00,-4.539904997395466935e-01,-1.827068819336157723e+00,5.345629006963263929e-01,-2.799600697993661624e-01,9.271478125212245791e-02,-1.562433256354900379e-02,9.353137661215650545e-02,3.044810000000000016e-01
9.000000000000000000e+00,2.030790515509781180e+00,-4.890944871540055527e-01,-1.858527033029927500e+00,2.024095777673017515e+00,-5.236781673172156149e-01,-1.864289790822117432e+00,1.929114836915596154e+00,-5.090414157503712067e-01,-1.868299346513841330e+00,5.413211436838718527e-01,-4.299600697993661846e-01,9.136209063113490125e-02,9.772313483913830368e-03,1.036138194355199216e-01,3.025070000000000259e-01
9.050000000000000711e+00,2.023324839743871895e+00,-5.133982962250055460e-01,-1.879129732374419381e+00,2.022330899336951759e+00,-4.905669671521777353e-01,-1.881395007513702033e+00,1.929114836915596154e+00,-5.090414157503712067e-01,-1.868299346513841330e+00,6.163211436838718082e-01,-4.152080507264376275e-01,9.134864008616963571e-02,-1.083038586057805119e-02,9.431069419940653342e-02,3.218430000000000457e-01
9.099999999999999645e+00,2.014226585393304347e+00,-5.409551103601795141e-01,-1.900252924142201261e+00,2.020894558951138897e+00,-5.441638289077209700e-01,-1.903183474966817057e+00,1.929114836915596154e+00,-5.090414157503712067e-01,-1.868299346513841330e+00,5.413211436838718527e-01,-3.448901562027627543e-01,9.072789365666486527e-02,-3.195357762835993043e-02,9.089825978851724664e-02,3.098510000000000431e-01
9.150000000000000355e+00,2.005760566176110871e+00,-5.649759737512081159e-01,-1.919041354782320408e+00,1.982431489846411266e+00,-5.632256352409493738e-01,-1.908390653065248355e+00,1.920587371353886130e+00,-5.358267949789967677e-01,-1.889968183021265347e+00,4.727095791833396676e-01,-4.057615389698044916e-01,9.001801312785620568e-02,-2.907317176105506107e-02,9.002304004708454321e-02,3.095000000000000528e-01
9.200000000000001066e+00,1.997845554777118782e+00,-5.862212133731381503e-01,-1.935801342278330894e+00,1.995372588499196853e+00,-5.753178022442330120e-01,-1.933074470146242341e+00,1.920587371353886130e+00,-5.358267949789967677e-01,-1.889968183021265347e+00,4.300651456389738558e-01,-3.230045683516617472e-01,8.916908335179533907e-02,-4.583315925706532568e-02,9.224112050024997622e-02,3.225049999999999861e-01
9.250000000000000000e+00,1.990515762474636796e+00,-6.048429184770081068e-01,-1.955772181135348120e+00,2.004475573338540428e+00,-6.025557204964925306e-01,-1.922497728878925116e+00,1.911586029596660463e+00,-5.620833778521302504e-01,-1.912415586767242104e+00,4.271536169991154153e-01,-4.690490808601575079e-01,8.869366550236038038e-02,-4.335659436810601619e-02,8.976792883117711008e-02,3.115539999999999976e-01
9.300000000000000711e+00,1.982622970100383242e+00,-6.237553813897448451e-01,-1.976537743686663573e+00,1.980115400865804398e+00,-6.227430765676865709e-01,-1.995418694372637747e+00,1.902113032590307284e+00,-5.877852522924730261e-01,-1.935701281842202803e+00,4.425546481598888193e-01,-3.190490808601574857e-01,8.804529527953680601e-02,-4.083646184446099170e-02,8.817993096589912816e-02,3.133270000000000222e-01
9.349999999999999645e+00,1.974451119690752376e+00,-6.423888594250980466e-01,-1.991650214580002798e+00,1.953100558889651950e+00,-6.521616094387372442e-01,-2.006360775817221054e+00,1.892170717655090595e+00,-6.129070536529765967e-01,-1.959886871818169674e+00,4.109291140974826728e-01,-3.570734110691071161e-01,8.731414480747382023e-02,-3.176334276183290228e-02,8.740275413701349694e-02,3.538640000000000119e-01
9.400000000000000355e+00,1.966267591429011974e+00,-6.602050119728031241e-01,-2.011116899911988831e+00,1.967620546746710497e+00,-6.635261258974127774e-01,-2.007419883468556598e+00,1.881761537908450910e+00,-6.374239897486899675e-01,-1.985035564911772354e+00,4.709355039936194975e-01,-4.728832083050806268e-01,8.652798333561388666e-02,-2.608133500021647677e-02,8.752284304794645531e-02,3.246690000000000409e-01
9.450000000000001066e+00,1.956485359342615249e+00,-6.803850668230300158e-01,-2.033218478487559988e+00,1.950487023709370549e+00,-6.841307066676862725e-01,-2.033003830135269752e+00,1.870888061659734536e+00,-6.613118653236520483e-01,-2.011211771068134979e+00,4.763689832595516260e-01,-4.928165852029697258e-01,8.556034163022427363e-02,-2.200670741942500896e-02,8.769654717289369905e-02,3.556370000000000364e-01
9.500000000000000000e+00,1.946286949789317600e+00,-7.003133331931612471e-01,-2.054390383688507349e+00,1.941880777958440385e+00,-7.089678092132856158e-01,-2.061911670142794417e+00,1.870888061659734536e+00,-6.613118653236520483e-01,-2.011211771068134979e+00,4.013689832595516149e-01,-3.898083217393037425e-01,8.483084397120055353e-02,-4.317861262037236969e-02,8.488879093940342180e-02,3.260720000000000285e-01
9.550000000000000711e+00,1.937421268580103551e+00,-7.168669523454010983e-01,-2.070601963386346167e+00,1.935085415363169581e+00,-7.322059316178379795e-01,-2.062163830982408630e+00,1.859552971776502694e+00,-6.845471059286887261e-01,-2.038480543411675505e+00,3.694086556427887968e-01,-5.139953767630226489e-01,8.407683096600820916e-02,-3.212141997467066190e-02,8.430921728668551440e-02,3.291680000000000161e-01
9.600000000000001421e+00,1.929099047647744536e+00,-7.317073505946048995e-01,-2.093156812055888771e+00,1.958148115114956678e+00,-7.633395125707993500e-01,-2.101487591992157178e+00,1.847759065022573477e+00,-7.071067811865474617e-01,-2.066906833657927933e+00,3.550845271357185862e-01,-5.145905049647926388e-01,8.324376834587442209e-02,-2.624997839796083809e-02,8.497870785475489241e-02,3.427330000000000099e-01
9.650000000000000355e+00,1.920579078527216543e+00,-7.461413943319936681e-01,-2.114903152401597985e+00,1.918049178160004642e+00,-7.450715040250117660e-01,-2.117893351900514975e+00,1.847759065022573477e+00,-7.071067811865474617e-01,-2.066906833657927933e+00,4.037022690737992470e-01,-4.323163857801229915e-01,8.262168974833225543e-02,-4.799631874367005224e-02,8.262236616214183038e-02,3.383340000000000236e-01
9.700000000000001066e+00,1.910668424896714512e+00,-7.621338470186006520e-01,-2.136259306779178413e+00,1.926915705148232405e+00,-7.833066802377126603e-01,-2.152130523915762872e+00,1.835509251367962280e+00,-7.289686274214115524e-01,-2.096554529215123086e+00,3.496786899479360500e-01,-4.543000688795447162e-01,8.165304551531463173e-02,-3.970477756405532688e-02,8.215128213518560485e-02,3.377539999999999987e-01
9.750000000000000000e+00,1.901685042825608907e+00,-7.759882522616828870e-01,-2.155851456295039714e+00,1.930344445521750441e+00,-7.775364679000308366e-01,-2.153085485741705885e+00,1.835509251367962280e+00,-7.289686274214115524e-01,-2.096554529215123086e+00,3.752278335791012776e-01,-4.501623881898428881e-01,8.083602186911863219e-02,-5.929692707991662814e-02,8.117931075813465680e-02,3.552670000000000550e-01
9.800000000000000711e+00,1.891725517965405334e+00,-7.906848350802540004e-01,-2.176913058115150790e+00,1.880738673464664945e+00,-7.653644763223091951e-01,-2.172537220307944050e+00,1.835509251367962280e+00,-7.289686274214115524e-01,-2.096554529215123086e+00,3.910532370387093115e-01,-3.549501870282000815e-01,7.959735247108107314e-02,-8.035852890002770366e-02,8.348148847465619582e-02,3.472110000000000474e-01
9.850000000000001421e+00,1.880704636729547907e+00,-8.062637653823154782e-01,-2.196059516226689823e+00,1.888662983126964345e+00,-7.999683306187161946e-01,-2.181320386334467898e+00,1.822806553270890362e+00,-7.501110696304598147e-01,-2.127485239566099473e+00,3.461149808429579422e-01,-4.758916706506964855e-01,7.882585600256983294e-02,-6.857427666059034976e-02,8.065552249155753806e-02,3.515590000000000659e-01
9.900000000000000355e+00,1.871059051205999468e+00,-8.193240032218863655e-01,-2.217793362278951630e+00,1.868435977035038054e+00,-8.149515464701844181e-01,-2.211265335040200508e+00,1.809654104932038932e+00,-7.705132427757893643e-01,-2.159756802087212879e+00,3.586835731336481814e-01,-5.077744340299467085e-01,7.817358181880619539e-02,-5.803656019173875080e-02,7.844142886405275350e-02,3.402480000000000504e-01
9.950000000000001066e+00,1.860589292510183679e+00,-8.328342470513639961e-01,-2.242356510627595778e+00,1.869133476898551471e+00,-8.306765919166786416e-01,-2.243615900956435372e+00,1.796055151521231297e+00,-7.901550123756904132e-01,-2.193421483935332539e+00,3.830669249108232810e-01,-5.452037261957977110e-01,7.731356883874453134e-02,-4.893502669226323931e-02,7.737035883129406155e-02,3.386049999999999893e-01
1.000000000000000000e+01,1.849298504900320328e+00,-8.467025792577740351e-01,-2.265845434359388122e+00,1.858367639589505682e+00,-8.283509698526547727e-01,-2.265932091781429847e+00,1.796055151521231297e+00,-7.901550123756904132e-01,-2.193421483935332539e+00,3.854816086531019370e-01,-4.579299754337274875e-01,7.622908496197879080e-02,-7.242395042405558314e-02,7.766905432238938034e-02,3.489849999999999897e-01
1.005000000000000071e+01,1.837406446837468899e+00,-8.606696288696252806e-01,-2.286402275146182550e+00,1.831903623748544874e+00,-8.705922899319898933e-01,-2.274404254841891682e+00,1.767531260177386487e+00,-8.270805742745621636e-01,-2.265098432522955285e+00,3.560733106051255925e-01,-6.079299754337275097e-01,7.519104325593228833e-02,-2.130384262322726485e-02,7.752913194001007091e-02,3.390260000000000495e-01
1.010000000000000142e+01,1.826166930135387778e+00,-8.732293895925306026e-01,-2.315152061340026268e+00,1.842379761651830261e+00,-8.743852615093156144e-01,-2.308531065516494341e+00,1.767531260177386487e+00,-8.270805742745621636e-01,-2.265098432522955285e+00,3.555796857685499801e-01,-6.335570345744192533e-01,7.458982341579320496e-02,-5.005362881707098310e-02,7.461806045908465912e-02,3.368010000000000170e-01
1.015000000000000036e+01,1.814625169899218182e+00,-8.853801503278807550e-01,-2.345839566416730637e+00,1.811986040130854514e+00,-8.660891936290129323e-01,-2.343057321499335988e+00,1.767531260177386487e+00,-8.270805742745621636e-01,-2.265098432522955285e+00,3.620642841018993918e-01,-4.914745676824021081e-01,7.349463094717115230e-02,-8.074113389377535199e-02,7.494449213174182722e-02,3.446760000000000379e-01
1.020000000000000107e+01,1.802228769707246769e+00,-8.977255496409050073e-01,-2.370672057246343556e+00,1.783276286453431503e+00,-8.896344520815240298e-01,-2.361235875324637856e+00,1.737263028876382398e+00,-8.607420270039437549e-01,-2.342735081697066235e+00,3.914881938668662853e-01,-6.414745676824020748e-01,7.234879138461089432e-02,-2.793697554927732085e-02,7.475512309094048402e-02,3.340760000000000396e-01
1.025000000000000000e+01,1.788841552617621788e+00,-9.103558656874558563e-01,-2.399884437718618813e+00,1.771759025404362031e+00,-9.110495528359540129e-01,-2.407883891344082983e+00,1.737263028876382398e+00,-8.607420270039437549e-01,-2.342735081697066235e+00,3.164881938668662742e-01,-6.022511593886420433e-01,7.156602239635526108e-02,-5.714935602155257754e-02,7.156729071467744785e-02,3.473920000000000341e-01
1.030000000000000071e+01,1.777887857259413895e+00,-9.201266525612069591e-01,-2.426536477035074135e+00,1.784742026115627711e+00,-9.273232469259891086e-01,-2.413410488354761352e+00,1.721484054007887288e+00,-8.763066800438635839e-01,-2.383790380104093387e+00,3.317458435801895478e-01,-7.522511593886420656e-01,7.059640852666186628e-02,-4.274609693098074814e-02,7.142533872973688691e-02,3.381340000000000456e-01
1.035000000000000142e+01,1.765668877610442555e+00,-9.303493070678093835e-01,-2.463298067139459757e+00,1.774370569603970438e+00,-9.052066427181628683e-01,-2.480473976167822503e+00,1.721484054007887288e+00,-8.763066800438635839e-01,-2.383790380104093387e+00,4.067458435801895589e-01,-6.022511593886420433e-01,6.962318437772596624e-02,-7.950768703536637005e-02,6.980619007250174479e-02,3.292780000000000151e-01
1.040000000000000036e+01,1.750346022635425713e+00,-9.423093862186866509e-01,-2.494365143620977943e+00,1.774038794658149953e+00,-9.297076265312226306e-01,-2.485767859713305938e+00,1.721484054007887288e+00,-8.763066800438635839e-01,-2.383790380104093387e+00,3.317458435801895478e-01,-5.042357432700609321e-01,6.777855903169840990e-02,-1.105747635168845555e-01,7.203728517550504751e-02,3.406590000000000451e-01
1.045000000000000107e+01,1.737593753453517298e+00,-9.516951548742147438e-01,-2.519848669685528009e+00,1.745259518272532562e+00,-9.485039501726866273e-01,-2.516196405230718636e+00,1.705280328708184578e+00,-8.910065241883677878e-01,-2.426298338943762012e+00,2.909078546031269585e-01,-5.768023578276728625e-01,6.700628683203448122e-02,-9.355033074176599683e-02,6.875512572379899323e-02,3.286860000000000337e-01
1.050000000000000000e+01,1.726302358673494020e+00,-9.595784669216043117e-01,-2.544343321537323011e+00,1.695744162657144338e+00,-9.774231683547713878e-01,-2.543306448979851808e+00,1.654161148549123439e+00,-9.297764858882514583e-01,-2.561816941836501993e+00,3.283707076722285900e-01,-7.268023578276728847e-01,6.445348118248181435e-02,1.747362029917898241e-02,7.805454677160653110e-02,3.284660000000000357e-01
1.055000000000000071e+01,1.713165029189096300e+00,-9.681915728586872882e-01,-2.578209180283575375e+00,1.737465051039666530e+00,-9.713063734734025401e-01,-2.575852278789546812e+00,1.654161148549123439e+00,-9.297764858882514583e-01,-2.561816941836501993e+00,4.033707076722286011e-01,-8.768023578276729069e-01,6.446197493607626339e-02,-1.639223844707338174e-02,7.040722148702015237e-02,3.434940000000000215e-01
1.060000000000000142e+01,1.697492916337327573e+00,-9.776452373551860475e-01,-2.619414866593277047e+00,1.696602327360294593e+00,-9.748645110698684890e-01,-2.634358374371020606e+00,1.654161148549123439e+00,-9.297764858882514583e-01,-2.561816941836501993e+00,3.489800233499203430e-01,-7.268023578276728847e-01,6.378502145208550522e-02,-5.759792475677505408e-02,6.456825432558942202e-02,3.368519999999999848e-01
1.065000000000000036e+01,1.682980258996513268e+00,-9.856781683802288141e-01,-2.652699201732914958e+00,1.676178498516971205e+00,-9.742476338431795835e-01,-2.648406426393175028e+00,1.654161148549123439e+00,-9.297764858882514583e-01,-2.561816941836501993e+00,3.224293636907163418e-01,-6.545287009777758236e-01,6.255469471738853149e-02,-9.088225989641296465e-02,6.289307777818399503e-02,3.416509999999999825e-01
1.070000000000000107e+01,1.669758828038072407e+00,-9.924633245942994231e-01,-2.682192424719169299e+00,1.687241845875561141e+00,-1.007197904677319622e+00,-2.667593635029967380e+00,1.636299434850046808e+00,-9.408807689542254549e-01,-2.609277363450290377e+00,3.031788401927383303e-01,-8.039482737050254180e-01,6.142693290712733512e-02,-7.291506126887892236e-02,6.148407142400558884e-02,3.352390000000000092e-01
1.075000000000000000e+01,1.656689789742801677e+00,-9.986186320814985917e-01,-2.720659848750317522e+00,1.651994381390329947e+00,-9.711412048589159740e-01,-2.729723639547525060e+00,1.636299434850046808e+00,-9.408807689542254549e-01,-2.609277363450290377e+00,3.657133523201684389e-01,-6.539482737050253958e-01,6.009763276972723833e-02,-1.113824853000271453e-01,6.123256822277030331e-02,3.249990000000000379e-01
1.080000000000000071e+01,1.641090900636086314e+00,-1.005320438189905907e+00,-2.750947956662192162e+00,1.642547701565949536e+00,-1.017179263174282866e+00,-2.764702077892606802e+00,1.618033988749894903e+00,-9.510565162951535312e-01,-2.657623499136287482e+00,2.907133523201684278e-01,-6.336876529614121623e-01,5.876027776411146819e-02,-9.332445752590468047e-02,5.895926055444879188e-02,3.311910000000000132e-01
1.085000000000000142e+01,1.628215913879279331e+00,-1.010382576169514213e+00,-2.783017433454457290e+00,1.616347602081047885e+00,-1.028571153727998455e+00,-2.771569879911634615e+00,1.580310024751380604e+00,-9.685831611286311871e-01,-2.756178217799818864e+00,3.354321005442331693e-01,-7.836876529614121845e-01,5.674301654140521955e-02,-2.683921565463842640e-02,6.357802537744093596e-02,3.249489999999999879e-01
1.090000000000000036e+01,1.613525221831907164e+00,-1.015590431427176199e+00,-2.818811098668263959e+00,1.605533775910490402e+00,-1.056708373043811822e+00,-2.828261957829061313e+00,1.580310024751380604e+00,-9.685831611286311871e-01,-2.756178217799818864e+00,2.604321005442331582e-01,-8.064005275697753161e-01,5.604597181844592213e-02,-6.263288086844509550e-02,5.755808177848435042e-02,3.187980000000000258e-01
1.095000000000000107e+01,1.601728225823600082e+00,-1.019290409610297043e+00,-2.856532877848947827e+00,1.585482965443808512e+00,-9.886215171483376807e-01,-2.877148329716379127e+00,1.580310024751380604e+00,-9.685831611286311871e-01,-2.756178217799818864e+00,3.354321005442331693e-01,-6.564005275697752939e-01,5.503952915711259053e-02,-1.003546600491289631e-01,5.504511227848870453e-02,3.325540000000000163e-01
1.100000000000000000e+01,1.586505251200068356e+00,-1.023506181447486174e+00,-2.886324204411199190e+00,1.589099705951952046e+00,-1.042028565822506359e+00,-2.872214181729021210e+00,1.560860814676659380e+00,-9.759167619387474346e-01,-2.805942088609573837e+00,3.301653837563874871e-01,-8.064005275697753161e-01,5.338060447781956680e-02,-8.038211580162535341e-02,5.405913404580094811e-02,3.177660000000000484e-01
1.105000000000000071e+01,1.571502902085851305e+00,-1.027105726623537052e+00,-2.925899541169680429e+00,1.591679866900422180e+00,-1.041117150475509234e+00,-2.938289052593988426e+00,1.560860814676659380e+00,-9.759167619387474346e-01,-2.805942088609573837e+00,3.435388519478654867e-01,-6.564005275697752939e-01,5.183775517403291233e-02,-1.199574525601065922e-01,5.228349768259120400e-02,3.194790000000000130e-01
1.110000000000000142e+01,1.555159418563401674e+00,-1.030411852237669512e+00,-2.958092471597448814e+00,1.573279657004153398e+00,-1.006308856532630802e+00,-2.965477503657972136e+00,1.560860814676659380e+00,-9.759167619387474346e-01,-2.805942088609573837e+00,3.880067448258733842e-01,-5.064005275697752717e-01,4.957611268174288988e-02,-1.521503829878749769e-01,5.479252489462355102e-02,3.321729999999999960e-01
1.115000000000000036e+01,1.537496949928525369e+00,-1.033489710672827355e+00,-2.980038072786530101e+00,1.533097896074240074e+00,-1.035992818426463291e+00,-2.970746424600797742e+00,1.520811931200062084e+00,-9.876883405951376593e-01,-2.905250519728249881e+00,3.705296497043088499e-01,-6.564005275697752939e-01,4.843490001221757713e-02,-7.478755305828022060e-02,4.874582393357055482e-02,3.185070000000000401e-01
1.120000000000000107e+01,1.519590065696514003e+00,-1.036096777141254144e+00,-3.013998437321521173e+00,1.510081885992144102e+00,-1.024041473119821744e+00,-3.005190222357720931e+00,1.500222139260918741e+00,-9.921147013144778759e-01,-2.954314537334560065e+00,4.044941447281464875e-01,-8.064005275697753161e-01,4.681905692529654550e-02,-5.968389998696110865e-02,4.805766919490506162e-02,3.161030000000000229e-01
1.125000000000000000e+01,1.501137519031660039e+00,-1.038121995329413627e+00,-3.050556369622364539e+00,1.506387684128003723e+00,-1.050553153999025602e+00,-3.047476995265478994e+00,1.500222139260918741e+00,-9.921147013144778759e-01,-2.954314537334560065e+00,3.640105562521839255e-01,-6.881124332768318030e-01,4.537327057507015149e-02,-9.624183228780447408e-02,4.601639949736860413e-02,3.291570000000000329e-01
1.130000000000000071e+01,1.483883728973769855e+00,-1.039414437484448062e+00,-3.083092761782998625e+00,1.450363315702721589e+00,-1.023200948911543007e+00,-3.094834189146203673e+00,1.457937254842822883e+00,-9.980267284282715590e-01,-3.050134194394631404e+00,3.998691490895277534e-01,-7.985133587644479558e-01,4.358445051084385707e-02,-3.295856738836722144e-02,4.884835699127059588e-02,3.204410000000000314e-01
1.135000000000000142e+01,1.465396569257001680e+00,-1.040133135107501383e+00,-3.122380673483136082e+00,1.479013271613218716e+00,-1.047236691120297047e+00,-3.092225736985795059e+00,1.457937254842822883e+00,-9.980267284282715590e-01,-3.050134194394631404e+00,4.467889554863174739e-01,-8.366570233373483712e-01,4.261169344160864458e-02,-7.224647908850467815e-02,4.276202585199005007e-02,3.213330000000000353e-01
1.140000000000000036e+01,1.444635409963817008e+00,-1.040155403164713777e+00,3.124525837764053904e+00,1.437800135242653710e+00,-1.024394318057791242e+00,3.134742675648171328e+00,1.436252595526377629e+00,-9.995065603657316000e-01,-3.096492768355989078e+00,4.337219066045318039e-01,-7.484545143491685426e-01,4.098544575807380047e-02,-6.216670105954236192e-02,4.150421663866103034e-02,3.161830000000000473e-01
1.145000000000000107e+01,1.424185379665599438e+00,-1.039467628582513958e+00,3.091420894989073354e+00,1.422840882045446786e+00,-1.026561024286586798e+00,3.114415122912394196e+00,1.414213562373095145e+00,-1.000000000000000000e+00,3.141592653589789563e+00,4.634847078780942597e-01,-8.169068091645970142e-01,3.946762858251392364e-02,-5.017175860071620974e-02,4.070787204021306116e-02,3.167740000000000000e-01
1.150000000000000000e+01,1.402483376565048401e+00,-1.037966019474624524e+00,3.053600242399358677e+00,1.399344229854733834e+00,-1.030119227794684011e+00,3.031860957955593072e+00,1.391825593184628174e+00,-9.995065603657314890e-01,3.097886020062567525e+00,4.770724141068572455e-01,-6.669068091645969920e-01,3.795706344333462517e-02,-4.428577766320884734e-02,3.990887547316482320e-02,3.224850000000000216e-01
1.155000000000000071e+01,1.380008923493158957e+00,-1.035620114502591838e+00,3.021576408440243000e+00,1.385510138934573865e+00,-1.036533942710395007e+00,3.018675580705044936e+00,1.391825593184628174e+00,-9.995065603657314890e-01,3.097886020062567525e+00,4.481876591979800928e-01,-6.053272988451422476e-01,3.659536874687795843e-02,-7.630961162232452466e-02,3.799766407285098263e-02,3.170850000000000612e-01
1.160000000000000142e+01,1.358981427471857462e+00,-1.032768951266534341e+00,2.992068446626696243e+00,1.366999430286732098e+00,-1.026889253416874759e+00,3.004064220669357077e+00,1.369094211857377674e+00,-9.980267284282715590e-01,3.055679178538552421e+00,4.715159653859678501e-01,-6.685481587211770105e-01,3.548183936338355354e-02,-6.361073191185617759e-02,3.618411883370285104e-02,3.152420000000000222e-01
1.165000000000000036e+01,1.337109610549304550e+00,-1.029103604053932530e+00,2.959036412089679047e+00,1.314310159838012693e+00,-1.033927777766348033e+00,2.976264775241895144e+00,1.322623730647303653e+00,-9.921147013144778759e-01,2.976055829719888024e+00,5.095042272259104887e-01,-8.142660340960758969e-01,3.409625592105583469e-02,-1.701941763020897724e-02,3.972429536699209618e-02,3.253300000000000081e-01
1.170000000000000107e+01,1.313462398622492477e+00,-1.024232592314183066e+00,2.917858208979438928e+00,1.304137608718058505e+00,-1.022144942922359245e+00,2.899484128034579555e+00,1.298896096660367538e+00,-9.876883405951377704e-01,2.938722810654413209e+00,5.450504650329940359e-01,-6.642660340960758747e-01,3.285998135268963088e-02,-2.086460167497428131e-02,3.934030359004299371e-02,3.176260000000000194e-01
1.175000000000000000e+01,1.289681788162479137e+00,-1.018452839844624647e+00,2.888483284597177736e+00,1.279076971716482491e+00,-1.033594956525997643e+00,2.869261086816063511e+00,1.298896096660367538e+00,-9.876883405951377704e-01,2.938722810654413209e+00,5.063547200082499922e-01,-5.254711034349537346e-01,3.199010242278864380e-02,-5.023952605723547293e-02,3.211476132817955159e-02,3.135780000000000234e-01
1.180000000000000071e+01,1.266861986965529097e+00,-1.012251006195884262e+00,2.863972499247948278e+00,1.275904425958795496e+00,-1.005231202963490000e+00,2.852488733665241583e+00,1.274847979497379047e+00,-9.822872507286886101e-01,2.903061683423501016e+00,5.338153695776535201e-01,-5.325813636478573532e-01,3.100225920409572025e-02,-3.908918417555273805e-02,3.100971974102088510e-02,3.226450000000000151e-01
1.185000000000000142e+01,1.243658371184989120e+00,-1.005323165495784377e+00,2.838929078717383980e+00,1.239455749786349426e+00,-1.013701694481001558e+00,2.836635978702905625e+00,1.250485312671410165e+00,-9.759167619387473236e-01,2.869064263023924255e+00,5.538399181134484595e-01,-5.873723972881315092e-01,3.015870352250768494e-02,-3.013518430654027469e-02,3.018846965678018829e-02,3.122460000000000235e-01
1.190000000000000036e+01,1.219030104214748667e+00,-9.972276398705164357e-01,2.809090976094505976e+00,1.233084664944564368e+00,-9.874554088387529349e-01,2.805729123180991991e+00,1.225814107305952749e+00,-9.685831611286310761e-01,2.836707737742125701e+00,5.698054866452156864e-01,-5.340277185633115486e-01,2.935988361630722035e-02,-2.761676164761972530e-02,2.943686227055779259e-02,3.173350000000000337e-01
1.195000000000000107e+01,1.194158578463302645e+00,-9.882663463779364221e-01,2.782446168598781355e+00,1.204021199634765171e+00,-9.846215482736686564e-01,2.786987629459961369e+00,1.200840450651768032e+00,-9.602936856769430651e-01,2.805957533592601472e+00,5.896177458235331015e-01,-5.545060415481513072e-01,2.861262392320836762e-02,-2.351136499382011635e-02,2.875964468897147797e-02,3.300990000000000313e-01
1.200000000000000000e+01,1.168702836776887022e+00,-9.783789004751420881e-01,2.759776277304796466e+00,1.153828581319139124e+00,-9.831623806898026618e-01,2.782891125244835173e+00,1.175570504584946496e+00,-9.510565162951536422e-01,2.776769948628340146e+00,5.798970419944231569e-01,-6.340575228333047431e-01,2.797448872737186287e-02,-1.699367132354367982e-02,2.817228315917507178e-02,3.257710000000000328e-01
1.205000000000000071e+01,1.143615699507359418e+00,-9.678119621635739023e-01,2.726097813002615666e+00,1.127547305111091580e+00,-9.668706932070720850e-01,2.734465261926602331e+00,1.150010504086557361e+00,-9.408807689542255659e-01,2.749094500030647481e+00,5.780016472248166171e-01,-5.195008106502926326e-01,2.732924710675904006e-02,-2.299668702803181475e-02,2.768000529778455454e-02,3.251300000000000301e-01
1.210000000000000142e+01,1.118596352213970579e+00,-9.564102367910392033e-01,2.701892581812476379e+00,1.125224547899236649e+00,-9.715658190780450676e-01,2.715297774069201253e+00,1.150010504086557361e+00,-9.408807689542255659e-01,2.749094500030647481e+00,5.827504404781441716e-01,-4.530885860269910359e-01,2.636439499054840305e-02,-4.720191821817110167e-02,3.504302083394890410e-02,3.355900000000000549e-01
1.215000000000000036e+01,1.093888452948192258e+00,-9.444308725346036715e-01,2.678401174966873910e+00,1.085497791420136027e+00,-9.458185674854369118e-01,2.677047208633360320e+00,1.098045635996263369e+00,-9.177546256839810290e-01,2.698056074055870113e+00,6.325271929529208137e-01,-4.385747933570073864e-01,2.587904265938383366e-02,-1.965489908899620275e-02,2.699822803316032777e-02,3.183570000000000011e-01
1.220000000000000107e+01,1.068010929961676903e+00,-9.311933613291364376e-01,2.659102729142643895e+00,1.051124710117978145e+00,-9.524627049096296982e-01,2.645253776941667745e+00,1.071653589957992425e+00,-9.048270524660191327e-01,2.674574994186608379e+00,6.884425179426645336e-01,-4.051826720304171348e-01,2.518288995826611226e-02,-1.547226504396448377e-02,2.661674688826671034e-02,3.166540000000000465e-01
1.225000000000000000e+01,1.039548572186630659e+00,-9.158567624165315779e-01,2.635616299734111934e+00,1.042277209849121089e+00,-8.991286879687355738e-01,2.626357804287350994e+00,1.044997129431897820e+00,-8.910065241883680098e-01,2.652372424588197219e+00,6.215393023057320665e-01,-3.429184296020953426e-01,2.449577722734088553e-02,-1.675612485408528585e-02,2.544054079714963904e-02,3.217940000000000245e-01
1.230000000000000071e+01,1.013881662463135269e+00,-9.013669327817745991e-01,2.619703343678564167e+00,9.909147606019539367e-01,-8.830656638066557429e-01,2.606823565750398863e+00,9.909173368648155344e-01,-8.607420270039439769e-01,2.611564685500640692e+00,6.965393023057320221e-01,-3.910468097631584761e-01,2.344109514558904983e-02,8.138658177923474568e-03,4.666629639947077191e-02,3.183570000000000011e-01
1.235000000000000142e+01,9.852831747566763720e-01,-8.844931521314691736e-01,2.597378836097469446e+00,1.000933885836292392e+00,-8.722330686879367079e-01,2.603665806669861027e+00,9.909173368648155344e-01,-8.607420270039439769e-01,2.611564685500640692e+00,6.818781193024918696e-01,-3.633457567320408921e-01,2.334069562488564134e-02,-1.418584940317124676e-02,2.441023816934504917e-02,3.209210000000000118e-01
1.240000000000000036e+01,9.583815583147580197e-01,-8.679946738855778277e-01,2.585538649798474253e+00,9.333320630336155999e-01,-8.595857492002504374e-01,2.581435158387550999e+00,9.358596285211460142e-01,-8.270805742745613864e-01,2.575171371993001834e+00,7.568781193024918252e-01,-4.024307519426558732e-01,2.243879204756668924e-02,1.036727780547241906e-02,4.670332823909409403e-02,3.170640000000000125e-01
1.245000000000000107e+01,9.293470342324137157e-01,-8.495121850602602720e-01,2.563895375763323159e+00,9.456230900510328441e-01,-8.442110947682299749e-01,2.557403486706439466e+00,9.358596285211460142e-01,-8.270805742745613864e-01,2.575171371993001834e+00,7.235539332164931947e-01,-2.894963826425840936e-01,2.242315386483653000e-02,-1.127599622967867532e-02,2.335789046148455464e-02,3.109429999999999694e-01
1.250000000000000000e+01,9.018183141094808786e-01,-8.313083439322542789e-01,2.550779478078078810e+00,9.143750502656935453e-01,-8.269670474514264624e-01,2.540336592266656091e+00,9.079809994790937200e-01,-8.090169943749475623e-01,2.558494545426458266e+00,7.342080542406286270e-01,-2.707091656168109650e-01,2.200119797535222965e-02,-7.715067348379456291e-03,2.312753674844942459e-02,3.233770000000000255e-01
1.255000000000000071e+01,8.738929238761199425e-01,-8.122726335514089957e-01,2.535779678394884051e+00,8.640282530951973738e-01,-8.021802489024593141e-01,2.560416380798184122e+00,8.798783397118298266e-01,-7.901550123756900801e-01,2.542763451323974522e+00,7.026294993560060487e-01,-3.925776202080231703e-01,2.164290349588139997e-02,-6.983772929090470427e-03,2.291319203426219267e-02,3.149600000000000177e-01
1.260000000000000142e+01,8.474162873723350975e-01,-7.935782780262657932e-01,2.517829423960430191e+00,8.507465322835525701e-01,-7.815201293143296812e-01,2.555552638500751428e+00,8.515585831301457631e-01,-7.705132427757895863e-01,2.527930718945285093e+00,7.359692314754918696e-01,-4.048759386730114707e-01,2.124210147256871614e-02,-1.010129498485490274e-02,2.343404500402963483e-02,3.086490000000000067e-01
1.265000000000000036e+01,8.190526754625543360e-01,-7.727452882696173031e-01,2.498345526566461139e+00,8.247348341548874640e-01,-7.868967580134722528e-01,2.489153113347022384e+00,8.515585831301457631e-01,-7.705132427757895863e-01,2.527930718945285093e+00,7.033897258275083608e-01,-2.548759386730114485e-01,2.054381510663769173e-02,-2.958519237882395458e-02,3.258245018994881947e-02,3.170150000000000468e-01
1.270000000000000107e+01,7.924160973153485665e-01,-7.524745615384644815e-01,2.483817918755166332e+00,7.624300769125432753e-01,-7.623941961295612746e-01,2.470262269356878093e+00,7.942957812695612407e-01,-7.289686274214115524e-01,2.500784089374981534e+00,7.783897258275083164e-01,-1.896426872493321425e-01,1.996641093073905915e-02,-1.696617061981520180e-02,2.358097009206698222e-02,3.100519999999999943e-01
1.275000000000000000e+01,7.636049111261108413e-01,-7.299566551885273702e-01,2.472566295794765168e+00,7.706046466688230012e-01,-7.283868893488487650e-01,2.479238201443708434e+00,7.653668647301797856e-01,-7.071067811865476838e-01,2.488388617769114575e+00,8.000000000000000444e-01,-2.246319426852367018e-01,1.921681347204117277e-02,-1.582232197434940701e-02,2.291770543508312580e-02,3.047410000000000396e-01
1.280000000000000071e+01,7.340921199930336982e-01,-7.063515104050893667e-01,2.461347393391697835e+00,7.227312711270463819e-01,-7.040718908306777823e-01,2.457308757135014510e+00,7.362491053693555054e-01,-6.845471059286882820e-01,2.476728246172768877e+00,7.870249162387326081e-01,-1.789914011554532280e-01,1.849083342225286974e-02,-1.538085278107104159e-02,2.191083386099592842e-02,3.398470000000000102e-01
1.285000000000000142e+01,7.048384295794005716e-01,-6.823616581356473088e-01,2.448127964644478460e+00,7.385576358479704062e-01,-7.058560204102498625e-01,2.448908465534518797e+00,7.362491053693555054e-01,-6.845471059286882820e-01,2.476728246172768877e+00,8.000000000000000444e-01,-1.405136387845380419e-01,1.765894427258065530e-02,-2.860028152829041659e-02,3.148661200633959267e-02,3.069450000000000234e-01
1.290000000000000036e+01,6.759865091211283428e-01,-6.579894680763973547e-01,2.432199822102280251e+00,7.040292368179241755e-01,-6.418356326680161317e-01,2.450016657299398659e+00,7.069496875585148388e-01,-6.613118653236522704e-01,2.465768448881324737e+00,7.250000000000000888e-01,-1.339556561330635109e-01,1.677661762202094231e-02,-3.356862677904448589e-02,3.114091749473677645e-02,3.045010000000000217e-01
1.295000000000000107e+01,6.498941792835808418e-01,-6.354747125032916832e-01,2.427128023563417614e+00,6.294883047283018618e-01,-6.363721146927134864e-01,2.437871383388526603e+00,6.478348363962989076e-01,-6.129070536529764857e-01,2.445824086952127274e+00,8.000000000000000444e-01,-1.921296607729693906e-01,1.600207303596609676e-02,-1.869606338870966056e-02,2.266142358969551809e-02,3.148700000000000387e-01
1.300000000000000000e+01,6.216651517324794929e-01,-6.108141932880962743e-01,2.419998661609757740e+00,6.469667654975728155e-01,-6.301169454472222986e-01,2.409980369743394135e+00,6.478348363962989076e-01,-6.129070536529764857e-01,2.445824086952127274e+00,8.000000000000000444e-01,-6.868100952943388682e-02,1.516772942708821681e-02,-2.582542534236953458e-02,2.625323713203062473e-02,3.050320000000000253e-01
1.305000000000000071e+01,5.930299420617614059e-01,-5.857357460947162364e-01,2.424631460708171815e+00,5.736955375211518771e-01,-5.878061873044483354e-01,2.431849302601483132e+00,5.880806504646083344e-01,-5.620833778521309165e-01,2.428324316759050916e+00,8.000000000000000444e-01,-2.186810095294339229e-01,1.464820396466627594e-02,-3.692856050879100849e-03,2.416464381687651736e-02,3.058040000000000203e-01
1.310000000000000142e+01,5.654934751264510950e-01,-5.614485353681817337e-01,2.412990180817732977e+00,5.733979118160814625e-01,-5.757066429903711091e-01,2.408102860402968837e+00,5.880806504646083344e-01,-5.620833778521309165e-01,2.428324316759050916e+00,8.000000000000000444e-01,-1.099832998283267749e-01,1.429890381710978778e-02,-1.533413594131793900e-02,2.259609512141612028e-02,3.170439999999999925e-01
1.315000000000000036e+01,5.376643999679660002e-01,-5.363958221716454977e-01,2.404305057508421939e+00,5.481199883952543317e-01,-5.431461492369854538e-01,2.384120991867833439e+00,5.579822120784591055e-01,-5.358267949789971007e-01,2.420427865709130266e+00,8.000000000000000444e-01,-2.762787778791640780e-02,1.384239754751780301e-02,-1.612280820070832732e-02,2.032577872808994171e-02,3.043700000000000294e-01
1.320000000000000107e+01,5.092959779406939225e-01,-5.107208140367139881e-01,2.407677424446353243e+00,4.930727056375269202e-01,-5.085359896048765593e-01,2.410551740070013160e+00,4.973797743297087570e-01,-4.817536741017145463e-01,2.406231561224946525e+00,8.000000000000000444e-01,-1.776278777879164439e-01,1.348765507379060848e-02,1.445863221406717969e-03,3.132237386457634859e-02,3.029480000000000506e-01
1.325000000000000000e+01,4.812133791180073783e-01,-4.851198637629621224e-01,2.397100495152637123e+00,4.860768420997756412e-01,-4.591038688094221665e-01,2.405805940679263344e+00,4.668907277118110599e-01,-4.539904997395469710e-01,2.399892721831064613e+00,8.000000000000000444e-01,-1.526150302634760314e-01,1.327678492920393583e-02,-2.792226678427489617e-03,3.426624647967312781e-02,3.170850000000000612e-01
1.330000000000000071e+01,4.532112736523256080e-01,-4.591102373580425167e-01,2.389034536510920681e+00,4.575863777010227285e-01,-4.470550370226253900e-01,2.388623724857463770e+00,4.668907277118110599e-01,-4.539904997395469710e-01,2.399892721831064613e+00,8.000000000000000444e-01,-7.928977765299066727e-02,1.301594095895933223e-02,-1.085818532014393156e-02,1.460613489763159210e-02,3.041010000000000102e-01
1.335000000000000142e+01,4.263267113266016040e-01,-4.337347628262122612e-01,2.381091431514485990e+00,4.265860053661396645e-01,-4.637699532457645879e-01,2.413903931616440346e+00,4.362864827930846290e-01,-4.257792915650722154e-01,2.394036735651070558e+00,8.000000000000000444e-01,-2.292897776529906895e-01,1.260530091176070323e-02,-1.294530413658456780e-02,1.274702203070954970e-02,3.038700000000000290e-01
1.340000000000000036e+01,3.989235212883722737e-01,-4.073871674174427415e-01,2.370569866310129115e+00,4.040940557836206759e-01,-4.058944446930212169e-01,2.380390791164728626e+00,4.055745907130255401e-01,-3.971478906347811755e-01,2.388647938529914860e+00,8.000000000000000444e-01,-9.755748351881370073e-02,1.201931732490421102e-02,-1.807807221978574574e-02,1.220981218215537109e-02,3.160530000000000284e-01
1.345000000000000107e+01,3.722951723003383728e-01,-3.813543684277962420e-01,2.364436342668492230e+00,3.605284073765256392e-01,-4.164951698928692769e-01,2.368822097536536830e+00,4.055745907130255401e-01,-3.971478906347811755e-01,2.388647938529914860e+00,8.000000000000000444e-01,-8.787089692414007391e-02,1.123195430632435363e-02,-2.421159586142263009e-02,3.683687057269154075e-02,3.114939999999999931e-01
1.350000000000000000e+01,3.445900969131132086e-01,-3.540254662290875931e-01,2.361623004524565417e+00,3.467046889479519778e-01,-3.522994794208973990e-01,2.367294952884664738e+00,3.438582005588182722e-01,-3.387379202452905913e-01,2.379216139792433182e+00,8.000000000000000444e-01,-7.507182456319425046e-02,1.055042490669722693e-02,-1.759313526786776549e-02,1.530505584701140689e-02,3.222740000000000049e-01
1.355000000000000071e+01,3.181688338139497807e-01,-3.278888193514077898e-01,2.361596446079103906e+00,2.937820965755672531e-01,-3.164256744873044092e-01,2.368779946532877823e+00,3.128689300804619600e-01,-3.090169943749476178e-01,2.375148493678882922e+00,8.000000000000000444e-01,-9.029154355978732949e-02,9.919016054305142965e-03,-1.355204759977901574e-02,1.960190698698430559e-02,3.371220000000000327e-01
1.360000000000000142e+01,2.918615726662191490e-01,-3.015394617970523217e-01,2.349193631880991617e+00,2.794795494266062996e-01,-2.865674622201968558e-01,2.357481030099535246e+00,2.818024638751648325e-01,-2.789911060392287756e-01,2.371498627176110929e+00,8.000000000000000444e-01,-4.650247409260171993e-02,9.183050120955445206e-03,-2.230499529511931200e-02,2.469036283758585179e-02,3.180769999999999986e-01
1.365000000000000036e+01,2.649801634088994606e-01,-2.741783443129314768e-01,2.345508277127834162e+00,2.739908922623308096e-01,-2.586015258102877246e-01,2.337013264610616758e+00,2.818024638751648325e-01,-2.789911060392287756e-01,2.371498627176110929e+00,8.000000000000000444e-01,7.465168412438995260e-02,8.256913687486064010e-03,-2.599035004827676687e-02,1.749721316128440701e-02,3.185480000000000533e-01
1.370000000000000107e+01,2.379229352729819724e-01,-2.466840722082308257e-01,2.350857876511939892e+00,2.571162497208391295e-01,-2.334041340305299528e-01,2.349384851805096375e+00,2.506664671286081836e-01,-2.486898871648544895e-01,2.368257198362089255e+00,8.000000000000000444e-01,1.902474933305677712e-02,7.466356723625960749e-03,-1.739932185014936294e-02,1.290042238826214632e-02,3.295980000000000021e-01
1.375000000000000000e+01,2.109912638701128829e-01,-2.194038489313538953e-01,2.348672410281139378e+00,2.107966536435688376e-01,-2.123580300873637583e-01,2.326844629357639249e+00,2.194686221820904282e-01,-2.181432413965424255e-01,2.365415968833324278e+00,8.000000000000000444e-01,8.076026530022886729e-02,6.838432256511238656e-03,-1.674355855218490063e-02,8.570573802638783295e-03,3.230860000000000398e-01
1.380000000000000071e+01,1.846567599957184835e-01,-1.928438255279646130e-01,2.355189481419118991e+00,1.992248029492886263e-01,-1.846313363181938116e-01,2.342813299134393290e+00,1.882166266370287055e-01,-1.873813145857246842e-01,2.362967762925104687e+00,8.000000000000000444e-01,1.990973619416139262e-02,6.388750535378830142e-03,-7.778281505985695787e-03,6.520097874879201075e-03,3.298890000000000433e-01
1.385000000000000142e+01,1.578859313154838961e-01,-1.660806756259388395e-01,2.357486373894788656e+00,1.605444227952611547e-01,-1.785653631787768869e-01,2.351836790581534054e+00,1.569181914556901369e-01,-1.564344650402311188e-01,2.360906432145567280e+00,8.000000000000000444e-01,-5.928425948193319361e-02,6.171901295691051975e-03,-3.420058250778623687e-03,9.694632489169114839e-03,3.248900000000000676e-01
1.390000000000000036e+01,1.304427192817277092e-01,-1.387296029387250773e-01,2.358265703943010827e+00,1.371587634057402361e-01,-1.107216646674657884e-01,2.353119743737494218e+00,1.255810390586262759e-01,-1.253332335643037865e-01,2.359226824677898904e+00,8.000000000000000444e-01,-2.505399056956698206e-03,6.074057391350038207e-03,-9.611207348880768109e-04,1.425126825961915179e-02,3.173650000000000082e-01
1.395000000000000107e+01,1.037737987197291101e-01,-1.122290688988923230e-01,2.360457212363085588e+00,6.651706260670836590e-02,-1.269620887271221965e-01,2.379710532453907845e+00,9.421290141928502504e-02,-9.410831331851403359e-02,2.357924759817036531e+00,8.000000000000000444e-01,-1.525053990569567308e-01,6.086592856132823533e-03,2.532452546049057673e-03,2.048835132443432849e-02,3.290370000000000239e-01
1.400000000000000000e+01,7.788481545668120287e-02,-8.653814531630565909e-02,2.359611452578980639e+00,6.526928623436259458e-02,-7.465896369015849465e-02,2.348344294181977432e+00,6.282151815625647284e-02,-6.279051952931326286e-02,2.356997007222838114e+00,8.000000000000000444e-01,-2.473564596864281234e-02,6.162769432678162629e-03,2.614445356142525156e-03,2.812210262551520512e-02,3.234460000000000113e-01
1.405000000000000071e+01,5.131567377159804155e-02,-6.013947112496804970e-02,2.359214149833061214e+00,3.962966539432793978e-02,-5.126174219215037797e-02,2.358434058773239528e+00,3.141463462364142006e-02,-3.141075907812836132e-02,2.356441270890159423e+00,8.000000000000000444e-01,-6.900632481435371723e-02,6.250593085146643677e-03,2.772878942901790822e-03,3.494839416967156914e-02,3.142090000000000161e-01
1.410000000000000142e+01,2.568658054402703922e-02,-3.462875895932462922e-02,2.357804525544376695e+00,2.684089350887439510e-02,-5.403670342602485965e-02,2.345981802263951366e+00,3.141463462364142006e-02,-3.141075907812836132e-02,2.356441270890159423e+00,8.000000000000000444e-01,-3.076117722381147002e-02,6.325377222708179238e-03,1.363254654217271877e-03,6.570093361160565804e-03,3.268030000000000102e-01
1.415000000000000036e+01,-2.765881716892647224e-04,-8.731036758009468740e-03,2.357108379072966997e+00,-1.722692816947850314e-02,-7.970565527913106227e-03,2.347845817591384332e+00,2.449293598294706414e-16,-2.449293598294706414e-16,2.356256177756557157e+00,8.000000000000000444e-01,-1.431221301787481172e-02,6.369721438524381801e-03,8.522013164098396487e-04,8.735416640689027193e-03,3.109429999999999694e-01
1.420000000000000107e+01,-2.791002275804471688e-02,1.882745854071170982e-02,2.357996188236882062e+00,-3.002427197823704860e-02,1.799405479980090844e-02,2.353180533545303099e+00,-3.141463462364092740e-02,3.141075907812786866e-02,2.356441270890159423e+00,8.000000000000000444e-01,-2.673112097118250305e-02,6.422409474237082347e-03,1.554917346722639593e-03,1.306222633180942685e-02,3.087900000000000089e-01
1.425000000000000000e+01,-5.481994815681205668e-02,4.578936944701138267e-02,2.352462822985360802e+00,-6.346746949763415468e-02,5.600720360158255307e-02,2.355011928099042251e+00,-6.282151815625776348e-02,6.279051952931455349e-02,2.356997007222839002e+00,8.000000000000000444e-01,-1.453010898315567311e-02,6.377850228099196661e-03,-4.534184237478200430e-03,1.879000336820157990e-02,3.216930000000000067e-01
1.430000000000000071e+01,-8.109434944494495201e-02,7.237868259964136408e-02,2.348012195511805622e+00,-9.237126642740058069e-02,6.186109377091521949e-02,2.348636253626916748e+00,-6.282151815625776348e-02,6.279051952931455349e-02,2.356997007222839002e+00,8.000000000000000444e-01,5.984193121533868537e-03,6.125175668062664280e-03,-8.984811711033380277e-03,2.063563021494629196e-02,3.171849999999999947e-01
1.435000000000000142e+01,-1.073106460431488274e-01,9.895189905326186308e-02,2.350854613660226633e+00,-1.056351791212479380e-01,1.029362793691743216e-01,2.346949755432913065e+00,-9.421290141928542750e-02,9.410831331851442216e-02,2.357924759817036531e+00,8.000000000000000444e-01,4.807715974513002144e-02,5.814612042100335623e-03,-7.070146156809897775e-03,1.396464238717882479e-02,3.088090000000000002e-01
1.440000000000000036e+01,-1.336207381332365218e-01,1.254821641626842899e-01,2.353200897504667211e+00,-1.587649991369357583e-01,1.449783043397854243e-01,2.370573529152622427e+00,-1.569181914556887492e-01,1.564344650402297310e-01,2.360906432145567280e+00,8.000000000000000444e-01,-4.351459870839226307e-02,5.593485690280126932e-03,-7.705534640900069121e-03,3.874036991209480613e-02,3.196789999999999909e-01
1.445000000000000107e+01,-1.596538914837746514e-01,1.517889689459888947e-01,2.348731485317125056e+00,-1.574888485110725322e-01,1.637601648258920350e-01,2.360823519188505415e+00,-1.569181914556887492e-01,1.564344650402297310e-01,2.360906432145567280e+00,8.000000000000000444e-01,2.470575419838928755e-02,5.225599014098836724e-03,-1.217494682844222353e-02,5.391167647669294592e-03,3.121060000000000501e-01
1.450000000000000000e+01,-1.859950627185929517e-01,1.785607337085602653e-01,2.347443588366074252e+00,-1.650728836177315639e-01,1.951376954405107944e-01,2.366050969966448037e+00,-1.882166266370290941e-01,1.873813145857250728e-01,2.362967762925104687e+00,8.000000000000000444e-01,3.271366670090036788e-02,4.718987747654308264e-03,-1.552417455903043475e-02,9.096042724960279671e-03,3.118550000000000488e-01
1.455000000000000071e+01,-2.116641891069067360e-01,2.045825028470678875e-01,2.351301315014605819e+00,-2.252229855471451214e-01,2.142647543018274814e-01,2.362735517227831039e+00,-2.194686221820917049e-01,2.181432413965437023e-01,2.365415968833324278e+00,8.000000000000000444e-01,3.243808262359060279e-02,4.209460699795199157e-03,-1.411465381871845892e-02,1.564617543146824483e-02,3.315020000000000189e-01
1.460000000000000142e+01,-2.380760789994316728e-01,2.311074425183993197e-01,2.356816551747322741e+00,-2.262509345235602931e-01,2.234164405083866045e-01,2.366006118109386769e+00,-2.194686221820917049e-01,2.181432413965437023e-01,2.365415968833324278e+00,8.000000000000000444e-01,3.354752798356189225e-02,3.784352418461362291e-03,-8.599417086001537314e-03,2.267835884576073491e-02,3.256010000000000293e-01
1.465000000000000036e+01,-2.644397587657235094e-01,2.571881448560882633e-01,2.366363848845715268e+00,-2.699055436357664095e-01,2.587725527796354008e-01,2.382288663458105304e+00,-2.506664671286085722e-01,2.486898871648548781e-01,2.368257198362089255e+00,8.000000000000000444e-01,-7.881650895180822292e-03,3.539777595592884067e-03,-1.893349516373987740e-03,1.618406457932084624e-02,3.380140000000000366e-01
1.470000000000000107e+01,-2.900189646752229788e-01,2.820672589463475433e-01,2.373772662588614857e+00,-2.879218696955836987e-01,2.802057651839554020e-01,2.351818578684577332e+00,-2.818024638751652211e-01,2.789911060392291642e-01,2.371498627176110041e+00,8.000000000000000444e-01,1.253477729791360740e-01,3.512148721012155021e-03,2.274035412504815667e-03,8.773460098804954088e-03,3.252100000000000546e-01
1.475000000000000000e+01,-3.170679698951492376e-01,3.080396295877229629e-01,2.379222078205522450e+00,-2.960993827202079154e-01,2.772556069769495646e-01,2.378463375812659208e+00,-2.818024638751652211e-01,2.789911060392291642e-01,2.371498627176110041e+00,8.000000000000000444e-01,1.307114616173916943e-02,3.699598326431637052e-03,7.723451029412409241e-03,4.568886773813646968e-02,3.162030000000000118e-01
1.480000000000000071e+01,-3.446833346185669833e-01,3.342878228002822416e-01,2.383920252889032199e+00,-3.259154710108591591e-01,3.369700950419263763e-01,2.391257850706448806e+00,-3.438582005588195489e-01,3.387379202452918125e-01,2.379216139792434070e+00,8.000000000000000444e-01,2.777147888139801235e-02,3.788168242602952662e-03,4.704113096598128152e-03,4.525948904554269285e-03,3.249900000000000566e-01
1.485000000000000142e+01,-3.721937944562075939e-01,3.602661450173197388e-01,2.385741252180004324e+00,-3.964236261860623056e-01,3.708440946175537434e-01,2.398240478472795090e+00,-3.747626291714495350e-01,3.681245526846781968e-01,2.383712057103567261e+00,8.000000000000000444e-01,1.806162818798628944e-02,3.941743086444377854e-03,2.029195076437062539e-03,8.267616516302044721e-03,3.204009999999999914e-01
1.490000000000000036e+01,-3.996923379414404343e-01,3.860619516472022505e-01,2.390525337453997423e+00,-4.093860307290362877e-01,3.671341395005734420e-01,2.387820748689814643e+00,-4.055745907130259287e-01,3.971478906347815085e-01,2.388647938529913972e+00,8.000000000000000444e-01,4.592555363431946591e-02,4.066942896868835748e-03,1.877398924083450993e-03,1.254985820259157600e-02,3.150609999999999800e-01
1.495000000000000107e+01,-4.264769929937377579e-01,4.109631867946586525e-01,2.394710871664969432e+00,-4.369513535052827469e-01,3.888597385220547986e-01,2.397774249414625913e+00,-4.055745907130259287e-01,3.971478906347815085e-01,2.388647938529913972e+00,8.000000000000000444e-01,2.883416592421540747e-02,4.212138237354426731e-03,6.062933135055459388e-03,2.505539520921239161e-02,3.201300000000000257e-01
1.500000000000000000e+01,-4.540273448036930004e-01,4.363853232549920746e-01,2.397986641546776099e+00,-4.594065136885123191e-01,4.283006906265628411e-01,2.395192914655451588e+00,-4.362864827930859057e-01,4.257792915650733812e-01,2.394036735651070558e+00,8.000000000000000444e-01,9.163805061095567361e-02,4.283135394066760540e-03,3.949905895705541070e-03,2.066944830146565798e-02,3.144390000000000240e-01
1.505000000000000071e+01,-4.819794647976849977e-01,4.620681619351086344e-01,2.398971386021157670e+00,-4.757881976333724894e-01,4.658937065217360063e-01,2.400433492744358688e+00,-4.668907277118105603e-01,4.539904997395465824e-01,2.399892721831065501e+00,7.813124676818244962e-01,1.253060035648420889e-01,4.237247919467152998e-03,-9.213358099078305941e-04,1.711486527531709545e-02,3.134070000000000467e-01
1.510000000000000142e+01,-5.088044777178793998e-01,4.864431259297700705e-01,2.409049723282529420e+00,-5.085505275289972094e-01,5.128853222444644810e-01,2.391998113764914891e+00,-5.277460999307469480e-01,5.090414157503723169e-01,2.413070383710326894e+00,8.000000000000000444e-01,2.340902082733597456e-01,4.251197252533835819e-03,-4.020660427797473346e-03,2.948673862723601505e-02,3.189080000000000248e-01
1.515000000000000036e+01,-5.373292497770965070e-01,5.119932086444732855e-01,2.413249645598805948e+00,-5.406781987654946109e-01,5.406146948879907432e-01,2.424800372171459273e+00,-5.579822120784585504e-01,5.358267949789966567e-01,2.420427865709129378e+00,8.000000000000000444e-01,1.488572015010707628e-01,4.263586166183722798e-03,-7.178220110323429992e-03,3.153703678830116486e-02,3.113839999999999941e-01
1.520000000000000107e+01,-5.648854104370317764e-01,5.364064600193164667e-01,2.419944476176366877e+00,-5.802382899272048311e-01,5.378806613918991619e-01,2.444548345079621043e+00,-5.579822120784585504e-01,5.358267949789966567e-01,2.420427865709129378e+00,7.739232213437123864e-01,4.897292313097159622e-02,4.122555191874525786e-03,-4.833895327625015170e-04,6.927492990741820553e-03,3.059830000000000050e-01
1.525000000000000000e+01,-5.926461446865303184e-01,5.608579959519465197e-01,2.419034593168478686e+00,-6.082870911118941626e-01,5.698719650189144614e-01,2.429995194636865641e+00,-6.180339887498937923e-01,5.877852522924721379e-01,2.436781771550414533e+00,8.000000000000000444e-01,1.818913514496310890e-01,4.062884390569499599e-03,-1.774717838193584640e-02,3.700837419036449860e-02,3.150709999999999900e-01
1.530000000000000071e+01,-6.212685030975079181e-01,5.859368247632337212e-01,2.425135457465859901e+00,-6.010356681815594015e-01,5.871549225901447899e-01,2.412621662807692857e+00,-6.180339887498937923e-01,5.877852522924721379e-01,2.436781771550414533e+00,8.000000000000000444e-01,2.763949613331115884e-01,3.503619067901814297e-03,-1.164631408455463202e-02,3.725421774211353908e-03,3.080470000000000153e-01
1.535000000000000142e+01,-6.487822398336275942e-01,6.096938927744444126e-01,2.433534337611593656e+00,-6.695168292862269110e-01,6.029758323183065372e-01,2.429993491761056390e+00,-6.478348363962992407e-01,6.129070536529768187e-01,2.445824086952123722e+00,7.779443742485804281e-01,2.252286527557974261e-01,3.073560368608660009e-03,-1.228974934053006507e-02,3.349921805713190672e-03,3.029780000000000251e-01
1.540000000000000036e+01,-6.763972889717206893e-01,6.330736381712350758e-01,2.444581581787286240e+00,-6.676946064825152183e-01,6.608889031442770623e-01,2.443970282702945696e+00,-6.774758404905838471e-01,6.374239897486906337e-01,2.455477043298466278e+00,7.029443742485803615e-01,2.724768644491797343e-01,2.682620650120288910e-03,-1.089546151118003792e-02,4.482056696017140511e-03,3.104419999999999957e-01
1.545000000000000107e+01,-7.020771017239934020e-01,6.543405129476252968e-01,2.455254454200883174e+00,-6.795467568385260559e-01,6.516605775271085976e-01,2.463307104057894215e+00,-6.774758404905838471e-01,6.374239897486906337e-01,2.455477043298466278e+00,7.135838892521737531e-01,1.826742906785760456e-01,2.497268933299373952e-03,-2.225890975831035234e-04,2.985616873301989022e-02,3.048919999999999964e-01
1.550000000000000000e+01,-7.281423191470159928e-01,6.754892028526855441e-01,2.464652667802977426e+00,-7.343134234820410944e-01,6.890576349779897747e-01,2.458524236006758734e+00,-7.362491053693558385e-01,6.845471059286886151e-01,2.476728246172770653e+00,7.255833107518501190e-01,3.011702433168404469e-01,2.127072330641584241e-03,-1.207557836979322730e-02,1.215588709181625489e-02,3.024070000000000369e-01
1.555000000000000071e+01,-7.556341089341944706e-01,6.971718276322590446e-01,2.482914122493873776e+00,-7.590778281046723919e-01,6.942258068298239326e-01,2.484386639767636851e+00,-7.653668647301793415e-01,7.071067811865473507e-01,2.488388617769112798e+00,7.823843793947564684e-01,2.457648034489257893e-01,1.974824361306492561e-03,-5.474495275239021908e-03,1.390790557597163662e-02,3.106420000000000292e-01
1.560000000000000142e+01,-7.856140022064592721e-01,7.200443987739885143e-01,2.496820551839635804e+00,-7.807251956595031572e-01,7.280322820843683207e-01,2.488183085921612303e+00,-7.942957812695615738e-01,7.289686274214117745e-01,2.500784089374982422e+00,7.385842830516806679e-01,3.094350205730748704e-01,1.963426634663054636e-03,-3.963537535346617346e-03,1.245050780699371619e-02,3.090600000000000014e-01
1.565000000000000036e+01,-8.136615517827384680e-01,7.407779289864806493e-01,2.513222312576207429e+00,-8.170471283949460872e-01,7.421182144669948855e-01,2.506057366957612054e+00,-8.230287172102177529e-01,7.501110696304597036e-01,2.513951626305612308e+00,7.408788841987083984e-01,2.960853709517983212e-01,2.053638185855031009e-03,-7.293137294048790409e-04,1.322313512091806940e-02,3.059940000000000437e-01
1.570000000000000107e+01,-8.415156640570586877e-01,7.608843091816727133e-01,2.519487478076184672e+00,-8.447187451203457265e-01,7.634886382900629709e-01,2.534611814119312356e+00,-8.515585831301453190e-01,7.705132427757892533e-01,2.527930718945283317e+00,7.295983162427963631e-01,2.585255104430170814e-01,2.088717159362310158e-03,-8.443240869098644907e-03,1.391318028591857596e-02,3.159730000000000594e-01
1.575000000000000000e+01,-8.695825485843453606e-01,7.806433701611983356e-01,2.536888082136099953e+00,-8.775831711339108221e-01,8.241382100706391434e-01,2.537556213560330676e+00,-9.079809994790933869e-01,8.090169943749472292e-01,2.558494545426455602e+00,6.631351450963731686e-01,4.085255104430171036e-01,2.542512462481695545e-03,-2.160646329035564861e-02,4.774414709825083175e-02,3.033290000000000153e-01
1.580000000000000071e+01,-8.950534754357838407e-01,7.978690984069930492e-01,2.557026779828932561e+00,-8.988057522764858476e-01,7.983001027982005171e-01,2.560000013997487223e+00,-9.079809994790933869e-01,8.090169943749472292e-01,2.558494545426455602e+00,7.188913778604573146e-01,3.111303783079837904e-01,2.187766945918805800e-03,-1.467765597523040810e-03,1.707033867275853031e-02,3.030079999999999996e-01
1.585000000000000142e+01,-9.243932764343362196e-01,8.168144814052910041e-01,2.579433263462838077e+00,-9.324964097476113878e-01,8.046073172362194770e-01,2.556886638036935722e+00,-9.358596285211463472e-01,8.270805742745616085e-01,2.575171371992997393e+00,7.306528642648399963e-01,3.905071401171108514e-01,2.509779753861096988e-03,4.261891469840684010e-03,1.539057805864301257e-02,3.176050000000000262e-01
1.590000000000000036e+01,-9.549366905083289669e-01,8.355805735238154286e-01,2.601860645421258056e+00,-9.286634361237600110e-01,8.275863672975686258e-01,2.595392145981320731e+00,-9.358596285211463472e-01,8.270805742745616085e-01,2.575171371992997393e+00,6.711081433946631813e-01,2.702017205377476583e-01,3.064523538427554698e-03,2.668927342826066251e-02,2.088502528847220596e-02,3.085879999999999734e-01
1.595000000000000107e+01,-9.819843908971115365e-01,8.515108886372472208e-01,2.616783504064776444e+00,-9.727098070876492031e-01,8.458057515232065837e-01,2.615241758047039511e+00,-9.635073482034315351e-01,8.443279255020157414e-01,2.592843916379345082e+00,6.306391061982333790e-01,2.762818680370086044e-01,3.509651418801564525e-03,2.393958768543136273e-02,1.982412838200378266e-02,3.084180000000000255e-01
1.600000000000000000e+01,-1.007525872364107844e+00,8.661246170161498448e-01,2.627012205947517387e+00,-1.016406621187839532e+00,8.278553348522956767e-01,2.627279007722439275e+00,-9.909173368648150904e-01,8.607420270039436438e-01,2.611564685500641581e+00,6.951134479199243543e-01,2.798648125921718299e-01,3.752508606818497246e-03,1.544752044687580650e-02,1.745897266939751974e-02,3.418110000000000315e-01
1.605000000000000071e+01,-1.036084289640848866e+00,8.819481142128948736e-01,2.644240671373167650e+00,-1.052693071938273883e+00,8.721283947864807429e-01,2.615793770949769836e+00,-1.044997129431898264e+00,8.910065241883681209e-01,2.652372424588198996e+00,6.426781592273341781e-01,4.298648125921718521e-01,3.807374919221516267e-03,-8.131753215031345405e-03,1.270800945957574826e-02,3.026170000000000249e-01
1.610000000000000142e+01,-1.063431618744945739e+00,8.964402848958445968e-01,2.664336745518726346e+00,-1.053569642956057262e+00,8.887130302488039924e-01,2.672422746433333884e+00,-1.044997129431898264e+00,8.910065241883681209e-01,2.652372424588198996e+00,6.027441264718033098e-01,3.498902495015748793e-01,3.866683772977697574e-03,1.196432093052735013e-02,1.921864073390667366e-02,3.040700000000000625e-01
1.615000000000000213e+01,-1.088166941454461467e+00,9.091036056587061820e-01,2.672520244645584242e+00,-1.101930235188506524e+00,8.927929550603590503e-01,2.687769767889577999e+00,-1.098045635996263591e+00,9.177546256839812511e-01,2.698056074055866560e+00,6.408053051784852183e-01,4.927382699230589691e-01,3.574635602302007366e-03,-2.553582941028231801e-02,1.313121294199211947e-02,3.212220000000000075e-01
1.619999999999999929e+01,-1.115433801749267539e+00,9.225756716142005098e-01,2.692860976906612080e+00,-1.073690002435614188e+00,9.139686629306188470e-01,2.669102128646537508e+00,-1.098045635996263591e+00,9.177546256839812511e-01,2.698056074055866560e+00,6.294044091630206506e-01,5.965109741341174665e-01,3.107337168224205345e-03,-5.195097149254479518e-03,1.804413456265561641e-02,3.084590000000000387e-01
1.625000000000000000e+01,-1.142576461483495232e+00,9.351485669798739186e-01,2.722745799469450390e+00,-1.157307190409077036e+00,9.421464130563322881e-01,2.734384405521142369e+00,-1.150010504086557805e+00,9.408807689542257879e-01,2.749094500030645705e+00,5.544044091630206950e-01,5.933876423508495090e-01,2.452799857449885698e-03,-2.634870056119531512e-02,9.387392017962861712e-03,3.081579999999999875e-01
1.630000000000000071e+01,-1.166316503509286617e+00,9.453249205948978107e-01,2.750510042457174009e+00,-1.189790895285977479e+00,9.366080411724263532e-01,2.759599921739223305e+00,-1.175570504584946052e+00,9.510565162951535312e-01,2.776769948628337481e+00,5.492745610807876488e-01,6.127169841234767489e-01,2.052705877778753050e-03,-2.625990617116347181e-02,1.088520671275910318e-02,3.163630000000000053e-01
1.635000000000000142e+01,-1.190455028292521700e+00,9.549110721467357621e-01,2.776614303732221067e+00,-1.205092954938398631e+00,9.675773017664572873e-01,2.764991387467208739e+00,-1.200840450651767810e+00,9.602936856769429541e-01,2.805957533592601472e+00,5.028366781082120873e-01,7.608478443364818933e-01,1.661635434235472948e-03,-2.934322986038040426e-02,1.169741535534660724e-02,3.030079999999999996e-01
1.640000000000000213e+01,-1.212252544854334202e+00,9.628045288369665444e-01,2.811697484194043639e+00,-1.212577229143128266e+00,9.593332204809309482e-01,2.795944681905533358e+00,-1.200840450651767810e+00,9.602936856769429541e-01,2.805957533592601472e+00,5.104929151241487384e-01,6.326892958532051026e-01,1.388047708588741828e-03,5.739950601442167510e-03,1.168504289519241290e-02,3.031680000000000486e-01
1.644999999999999929e+01,-1.234607171238374157e+00,9.701691209657088422e-01,2.834996099856842200e+00,-1.248072208983908693e+00,9.403150569561862238e-01,2.837791395640143932e+00,-1.250485312671410387e+00,9.759167619387474346e-01,2.869064263023926920e+00,5.769837005957760834e-01,7.403454917157460402e-01,1.261637592326798202e-03,-3.406816316708471959e-02,1.688640731838640316e-02,3.156720000000000081e-01
1.650000000000000000e+01,-1.260735797950574444e+00,9.779574245295146184e-01,2.868808672256645487e+00,-1.262024333083912708e+00,9.586803179759874061e-01,2.843453326989768826e+00,-1.250485312671410387e+00,9.759167619387474346e-01,2.869064263023926920e+00,5.153098592975021708e-01,7.373312078678061487e-01,7.937474676718279422e-04,-2.555907672814328180e-04,1.045163873599330197e-02,2.994110000000000382e-01
1.655000000000000071e+01,-1.283753413818500055e+00,9.840016309614019185e-01,2.900790713128811760e+00,-1.290571029069026876e+00,9.863127492526192475e-01,2.909009247910651297e+00,-1.298896096660366428e+00,9.876883405951375483e-01,2.938722810654413209e+00,5.049618556040702533e-01,8.413452945916106707e-01,5.601389493372506932e-04,-3.793209752560144921e-02,1.558501432700122244e-02,3.002830000000000221e-01
1.660000000000000142e+01,-1.307399135116828370e+00,9.893007444976023024e-01,2.941470655983185800e+00,-1.317131818681920530e+00,1.001232231657833927e+00,2.946505538391033241e+00,-1.322623730647304097e+00,9.921147013144778759e-01,2.976055829719888024e+00,4.769410927510715492e-01,8.857841328385233082e-01,2.667532678678166853e-04,-3.458517373670222383e-02,1.548246304803670322e-02,3.132270000000000332e-01
1.665000000000000213e+01,-1.329947609717486490e+00,9.933509382250043096e-01,2.986261817102203509e+00,-1.302661515311983820e+00,9.932222539884678625e-01,2.982374656773554733e+00,-1.322623730647304097e+00,9.921147013144778759e-01,2.976055829719888024e+00,5.197113231116291532e-01,7.433619444415936472e-01,-1.249532902475401080e-05,1.020598738231548452e-02,7.427481829907337831e-03,2.996920000000000139e-01
1.669999999999999929e+01,-1.353752678708301849e+00,9.966604890559735974e-01,3.020640164322372812e+00,-1.356472624960099571e+00,1.005570967990377262e+00,3.043267985050253976e+00,-1.346025027019547515e+00,9.955619646030801073e-01,3.015051301811087825e+00,4.447113231116291421e-01,7.009334299056506623e-01,-1.144811433590573087e-04,5.588862511284986567e-03,7.805341542579199814e-03,2.986200000000000521e-01
1.675000000000000000e+01,-1.374538722639863320e+00,9.988281976164078424e-01,3.054722914915874554e+00,-1.391358357098035015e+00,9.818049292388935090e-01,3.044456649371685586e+00,-1.391825593184628618e+00,9.995065603657316000e-01,3.097886020062568413e+00,4.574693176300407838e-01,8.509334299056506845e-01,-7.759546317083812744e-05,-4.316310514669385867e-02,1.730017541099350062e-02,3.097510000000000541e-01
1.680000000000000071e+01,-1.396618801986490244e+00,1.000284176066302599e+00,3.096771411928419759e+00,-1.401963615261747620e+00,9.970776363110354090e-01,3.083459341388332220e+00,-1.391825593184628618e+00,9.995065603657316000e-01,3.097886020062568413e+00,4.296487827733760367e-01,9.102718412513031154e-01,-5.674447626739620269e-04,-1.114608134148653562e-03,4.855876521908098625e-03,2.986510000000000553e-01
1.685000000000000142e+01,-1.416785604289708900e+00,1.000791094567790251e+00,3.136151908076866945e+00,-1.406680778942729804e+00,9.949656966470382669e-01,3.135820641430712818e+00,-1.414213562373094923e+00,1.000000000000000000e+00,-3.141592653589789119e+00,4.610469644748648732e-01,9.041845604739185971e-01,-7.910945677902620713e-04,-5.440745512929723304e-03,2.690953406509770992e-03,2.979280000000000261e-01
1.690000000000000213e+01,-1.438181474765477086e+00,1.000467014902131302e+00,-3.105860559540341015e+00,-1.430679324670096397e+00,9.974996480352881223e-01,-3.111949280865591305e+00,-1.436252595526377851e+00,9.995065603657314890e-01,-3.096492768355988634e+00,4.496485109879424513e-01,9.703737786325322690e-01,-1.046440664809212499e-03,-9.367791184352380895e-03,2.154773314183889427e-03,3.063140000000000307e-01
1.694999999999999929e+01,-1.459233844534896685e+00,9.992524791170324105e-01,-3.062070166028822982e+00,-1.433169587965826608e+00,9.998634586699780558e-01,-3.053191310847370943e+00,-1.436252595526377851e+00,9.995065603657314890e-01,-3.096492768355988634e+00,4.439330788035309450e-01,8.203737786325322467e-01,-7.822774795721066949e-04,3.442260232716565227e-02,2.298265352983611468e-02,2.994120000000000670e-01
1.700000000000000000e+01,-1.479830474664412199e+00,9.971971404656821969e-01,-3.022193596907581714e+00,-1.508303304810159284e+00,9.866101414337326014e-01,-3.010575945752827831e+00,-1.500222139260919629e+00,9.921147013144777649e-01,-2.954314537334558732e+00,4.019363205856255061e-01,9.703737786325322690e-01,-1.196942781876510903e-03,-6.787905957302298177e-02,2.101549839385566734e-02,2.985999999999999766e-01
1.705000000000000071e+01,-1.498178773033255862e+00,9.945922016694751511e-01,-2.978933317478625220e+00,-1.511600664544915817e+00,1.002288641077109688e+00,-2.988358562952456943e+00,-1.500222139260919629e+00,9.921147013144777649e-01,-2.954314537334558732e+00,4.144208742889545216e-01,1.113971531646799740e+00,-2.053735642510360997e-03,-2.461878014406648774e-02,3.211441039372983815e-03,3.421720000000000317e-01
1.710000000000000142e+01,-1.517164945653842079e+00,9.909825427012119992e-01,-2.928495667898644683e+00,-1.508173917714676904e+00,9.698219620172957578e-01,-2.919983139091854696e+00,-1.520811931200061196e+00,9.876883405951378814e-01,-2.905250519728246772e+00,4.175024833019825854e-01,1.021882144666142356e+00,-2.348692002860631751e-03,-2.324514817039791126e-02,4.914496015869206959e-03,3.001730000000000231e-01
1.715000000000000213e+01,-1.535990250237726285e+00,9.864464611527689053e-01,-2.881791053171488759e+00,-1.524910343768414389e+00,9.895569894904738817e-01,-2.869926192863602843e+00,-1.520811931200061196e+00,9.876883405951378814e-01,-2.905250519728246772e+00,4.116593532848370485e-01,8.718821446661423336e-01,-2.346616962196940333e-03,2.345946655675801296e-02,1.522903914758003130e-02,2.994320000000000315e-01
1.719999999999999929e+01,-1.554342119340894834e+00,9.811854692441926984e-01,-2.843022009976320597e+00,-1.587105895595448013e+00,9.787537417784820670e-01,-2.850655940768184848e+00,-1.580310024751380826e+00,9.685831611286310761e-01,-2.756178217799814423e+00,4.381032653452270886e-01,1.021882144666142356e+00,-1.915379385211418359e-03,-8.684379217650617377e-02,2.886434273021816141e-02,3.113529999999999909e-01
1.725000000000000000e+01,-1.573354472695957185e+00,9.748620907937995961e-01,-2.797994818001075856e+00,-1.552780868036017337e+00,9.900534007643896350e-01,-2.796611190901892474e+00,-1.580310024751380826e+00,9.685831611286310761e-01,-2.756178217799814423e+00,5.131032653452270997e-01,1.155801724359265314e+00,-3.203431870059261690e-03,-4.181660020126143351e-02,9.370414192331163669e-03,2.997220000000000439e-01
1.730000000000000071e+01,-1.596041655694929728e+00,9.660788018950630107e-01,-2.746434736144798272e+00,-1.592586516063649205e+00,9.585497817642757434e-01,-2.752478717149481113e+00,-1.599369316974180943e+00,9.602936856769430651e-01,-2.706661930051134313e+00,4.381032653452270886e-01,1.153268917589521436e+00,-3.844415454035915534e-03,-3.977280609366395936e-02,6.673896856154000468e-03,2.983589999999999853e-01
1.735000000000000142e+01,-1.614180124071281419e+00,9.579426722926287496e-01,-2.693444689646770751e+00,-1.620977392946066686e+00,9.706633769209097595e-01,-2.687637339125399816e+00,-1.618033988749894680e+00,9.510565162951536422e-01,-2.657623499136292367e+00,4.724369120681907730e-01,1.101478147647895423e+00,-4.302127486279870745e-03,-3.582119051047838454e-02,7.891224073781283668e-03,3.076370000000000493e-01
1.740000000000000213e+01,-1.634206866931558366e+00,9.476477385001670362e-01,-2.640077219928945951e+00,-1.632647343912231319e+00,9.443781618259753374e-01,-2.662645731438160634e+00,-1.636299434850047696e+00,9.408807689542250108e-01,-2.609277363450283271e+00,4.421208984910731110e-01,1.157945037628784757e+00,-4.768612857645205920e-03,-3.079985647866267939e-02,7.083129063429353424e-03,2.988200000000000300e-01
1.744999999999999929e+01,-1.651589726561387916e+00,9.375367855906192593e-01,-2.589454670106965839e+00,-1.669758539853064994e+00,9.457364078880781122e-01,-2.579793140752362213e+00,-1.654161148549124327e+00,9.297764858882510142e-01,-2.561816941836498884e+00,4.525103920441472805e-01,1.020998427389527841e+00,-5.083436205493854776e-03,-2.763772827046695468e-02,8.175234706697474818e-03,2.975480000000000347e-01
1.750000000000000000e+01,-1.669294042132571487e+00,9.260597477434797664e-01,-2.543425497253701817e+00,-1.638378848935561738e+00,9.325432707035726798e-01,-2.541501228303282289e+00,-1.654161148549124327e+00,9.297764858882510142e-01,-2.561816941836498884e+00,4.519188017700901394e-01,8.709984273895278184e-01,-5.180979241462986377e-03,1.839144458279706740e-02,1.558263811569574574e-02,3.064050000000000384e-01
1.755000000000000071e+01,-1.686284499053634311e+00,9.139926790117082200e-01,-2.504647196436168066e+00,-1.679545424230018291e+00,9.226907219042356223e-01,-2.511995660734624991e+00,-1.671614722736540104e+00,9.177546256839814731e-01,-2.515410790842174560e+00,4.307365856693799455e-01,9.093474014860323251e-01,-5.549103849554506279e-03,1.076359440600649364e-02,1.514445707044679429e-02,2.974879999999999747e-01
1.760000000000000142e+01,-1.702103768813599372e+00,9.017862526190081329e-01,-2.464151295154066279e+00,-1.668445632143598312e+00,9.206569418443476538e-01,-2.454521101748110112e+00,-1.671614722736540104e+00,9.177546256839814731e-01,-2.515410790842174560e+00,4.323452208171860711e-01,7.593474014860323029e-01,-4.929556998363532339e-03,5.125949568810828083e-02,3.441759534062786841e-02,2.975380000000000247e-01
1.765000000000000213e+01,-1.717673356472424251e+00,8.888225763443030614e-01,-2.430390148535671369e+00,-1.726258991838450108e+00,9.082192291324115985e-01,-2.435966019114971015e+00,-1.705280328708184800e+00,8.910065241883675657e-01,-2.426298338943760680e+00,4.713296656190496536e-01,9.093474014860323251e-01,-6.479175885423842964e-03,-4.091809591910688937e-03,1.258398845163185426e-02,3.039900000000000380e-01
1.769999999999999929e+01,-1.733731197445655514e+00,8.744934200996936635e-01,-2.395654251669692147e+00,-1.727419050721882510e+00,8.718231482859248871e-01,-2.389611136067540276e+00,-1.721484054007887510e+00,8.763066800438633619e-01,-2.383790380104096940e+00,4.178311404425018027e-01,8.568280779813853831e-01,-7.100731487903523889e-03,-1.186387156559520761e-02,1.238064756022051564e-02,2.970369999999999955e-01
1.775000000000000000e+01,-1.748176000802818209e+00,8.606078367113700889e-01,-2.356208058880455258e+00,-1.762426218953531132e+00,8.464853548395662175e-01,-2.365503570435310010e+00,-1.752613360087727168e+00,8.443279255020150753e-01,-2.303166849242192615e+00,4.581204639154149993e-01,1.006828077981385405e+00,-7.585723046845929858e-03,-5.304120963826264301e-02,1.687381600017763550e-02,2.986200000000000521e-01
1.780000000000000071e+01,-1.762892844877127052e+00,8.451729735840260993e-01,-2.308562830199301530e+00,-1.763542983474335024e+00,8.356544110501802347e-01,-2.314065860396140817e+00,-1.767531260177386709e+00,8.270805742745619416e-01,-2.265098432522958838e+00,5.017393826841176629e-01,9.296805309604229128e-01,-8.011784189482472340e-03,-4.346439767634269202e-02,1.867752149699691833e-02,3.137079999999999869e-01
1.785000000000000142e+01,-1.778357336435487213e+00,8.274188554466038736e-01,-2.266191790974643627e+00,-1.768806993178905662e+00,8.286243992008774928e-01,-2.267247882919866342e+00,-1.767531260177386709e+00,8.270805742745619416e-01,-2.265098432522958838e+00,4.644024082422337774e-01,7.796805309604228906e-01,-8.536293283720569960e-03,-1.093358451684789401e-03,1.083136008530625159e-02,2.999930000000000097e-01
1.790000000000000213e+01,-1.791714109449864534e+00,8.108201498116580641e-01,-2.230586305318959184e+00,-1.797203892222663857e+00,8.074387322359940500e-01,-2.221701820935299665e+00,-1.782013048376735576e+00,8.090169943749476733e-01,-2.228523868394608698e+00,4.460121389364241073e-01,6.962567884898329673e-01,-8.779564468775924446e-03,-2.062436924350485867e-03,9.867216196755608168e-03,2.987500000000000155e-01
1.794999999999999929e+01,-1.803916393243558902e+00,7.945528681185993758e-01,-2.198151964440258954e+00,-1.794307419703018436e+00,8.005807839954253158e-01,-2.211058499965985913e+00,-1.796055151521231075e+00,7.901550123756906352e-01,-2.193421483935332983e+00,5.181314428128548366e-01,7.560600333104354753e-01,-8.950778708012783330e-03,-4.730480504925971275e-03,9.007788660503930275e-03,3.100910000000000055e-01
1.800000000000000000e+01,-1.817944318020982220e+00,7.744992537682964251e-01,-2.164249547900355619e+00,-1.822521611732291769e+00,7.816447633246702553e-01,-2.159242713744022879e+00,-1.809654104932039598e+00,7.705132427757885871e-01,-2.159756802087212879e+00,5.151569522576390225e-01,6.663353973048741219e-01,-9.107683129977159342e-03,-4.492745813142740019e-03,9.198691031471211213e-03,2.969470000000000165e-01
1.805000000000000071e+01,-1.831210922509628691e+00,7.540792905118367528e-01,-2.129654778717712027e+00,-1.827894201870038593e+00,7.297358161629062812e-01,-2.133746249392140193e+00,-1.835509251367962502e+00,7.289686274214109973e-01,-2.096554529215124418e+00,5.093112269262061176e-01,7.400665441329286054e-01,-8.884449804135831699e-03,-3.310024950258760867e-02,2.547589118785161671e-02,2.949930000000000052e-01
1.810000000000000142e+01,-1.843582806932866358e+00,7.334287804239942865e-01,-2.091464496517091209e+00,-1.846145262411366117e+00,7.162925638846262544e-01,-2.088464165936675165e+00,-1.847759065022573699e+00,7.071067811865471286e-01,-2.066906833657933262e+00,5.451540833205816838e-01,6.624897495089905330e-01,-8.856726108895863342e-03,-2.455766285915794711e-02,2.665124341354479370e-02,3.059940000000000437e-01
1.815000000000000213e+01,-1.855905016528857754e+00,7.109853959330780793e-01,-2.054332619610594879e+00,-1.861501815911833280e+00,7.206282922653878265e-01,-2.041168221408533157e+00,-1.847759065022573699e+00,7.071067811865471286e-01,-2.066906833657933262e+00,5.479170214962120200e-01,5.124897495089905108e-01,-9.010134674740006427e-03,1.257421404733838344e-02,9.022204735802596617e-03,2.969269999999999965e-01
1.819999999999999929e+01,-1.867403106756793330e+00,6.884674587675488899e-01,-2.031473643841034793e+00,-1.880056526656757265e+00,6.913011213514231867e-01,-2.034440327880350452e+00,-1.859552971776502917e+00,6.845471059286883930e-01,-2.038480543411676393e+00,5.272965682497632312e-01,5.519620959013208372e-01,-8.774520758585818356e-03,7.006899570641600405e-03,8.774610281370946036e-03,2.970269999999999855e-01
1.825000000000000000e+01,-1.878272402268979180e+00,6.658662932114310928e-01,-2.006649773408450521e+00,-1.889908773055935631e+00,6.502437924617882059e-01,-2.004495404175519191e+00,-1.881761537908450910e+00,6.374239897486897455e-01,-1.985035564911764361e+00,5.781833669672897802e-01,5.916548940192768447e-01,-8.253811642088750011e-03,-2.161420849668616029e-02,2.865551768468509522e-02,3.027770000000000183e-01
1.830000000000000071e+01,-1.889320640495915971e+00,6.410491994988496423e-01,-1.972630718228675306e+00,-1.907141944601726813e+00,6.448901121048478124e-01,-1.991519547149996905e+00,-1.881761537908450910e+00,6.374239897486897455e-01,-1.985035564911764361e+00,5.459730210271700468e-01,5.495818336263574855e-01,-8.378898584389575868e-03,1.240484668308905469e-02,8.383446645650901793e-03,2.978280000000000372e-01
1.835000000000000142e+01,-1.899083429034237991e+00,6.173046279632118383e-01,-1.949139594754357940e+00,-1.908574036178887656e+00,6.168278073172719367e-01,-1.929602673829784232e+00,-1.892170717655091261e+00,6.129070536529752644e-01,-1.959886871818177001e+00,5.417036027928084918e-01,3.995818336263574633e-01,-8.064223945782421701e-03,1.074727706381928272e-02,8.192938326719989908e-03,2.964660000000000073e-01
1.840000000000000213e+01,-1.908348322166731226e+00,5.932008986317008903e-01,-1.926383481112238671e+00,-1.917415850278927802e+00,6.192472723026949399e-01,-1.927570149929027643e+00,-1.892170717655091261e+00,6.129070536529752644e-01,-1.959886871818177001e+00,5.469360491017482007e-01,3.859257677998376712e-01,-7.492927769886838230e-03,3.350339070593832957e-02,2.549602779763018162e-02,3.114839999999999831e-01
1.844999999999999929e+01,-1.917188568815000771e+00,5.688437242355353085e-01,-1.911524733084839056e+00,-1.909389058698505393e+00,5.964768448084720731e-01,-1.906181897274578763e+00,-1.902113032590307062e+00,5.877852522924733591e-01,-1.935701281842189481e+00,5.738772964577957270e-01,3.705897917210970172e-01,-7.323444646433257751e-03,2.417654875735042452e-02,2.420853728736669513e-02,2.972369999999999735e-01
1.850000000000000000e+01,-1.925740046399520011e+00,5.440996233752565248e-01,-1.895561144197080772e+00,-1.949494911818510090e+00,5.422870599258220459e-01,-1.898452529241038800e+00,-1.920587371353885908e+00,5.358267949789972118e-01,-1.889968183021274895e+00,5.739106650415939370e-01,4.860552420040020194e-01,-7.488293263335193961e-03,-5.592961175805655216e-03,9.746268506451832500e-03,2.979090000000000349e-01
1.855000000000000071e+01,-1.934083714229683615e+00,5.183374415385778589e-01,-1.872455454690797882e+00,-1.940748838373423935e+00,5.320571864702147158e-01,-1.878292821257116607e+00,-1.920587371353885908e+00,5.358267949789972118e-01,-1.889968183021274895e+00,5.340208273614364121e-01,4.059387804563159285e-01,-7.326902727700154196e-03,1.751272833047679001e-02,2.209137285876556361e-02,3.056130000000000235e-01
1.860000000000000142e+01,-1.941257248084571341e+00,4.943006065030232654e-01,-1.849185708603393818e+00,-1.950568661278343718e+00,4.608785655222741307e-01,-1.867410464990645114e+00,-1.944739840795352892e+00,4.539904997395479147e-01,-1.827068819336153060e+00,6.075784988771857353e-01,5.520230096374630913e-01,-6.848810160315471282e-03,-2.211688926724075799e-02,4.046026642611205010e-02,2.988310000000000133e-01
1.865000000000000213e+01,-1.948642147114891587e+00,4.667868329838534835e-01,-1.816860555709073566e+00,-1.947226906099561061e+00,4.769668826359396707e-01,-1.811869018180689794e+00,-1.944739840795352892e+00,4.539904997395479147e-01,-1.827068819336153060e+00,6.718715199537541594e-01,4.020230096374630691e-01,-7.018433356242198204e-03,1.020826362707971668e-02,1.337812165854502557e-02,3.008340000000000458e-01
1.869999999999999929e+01,-1.955708903077910898e+00,4.376857715349336542e-01,-1.801179775717150156e+00,-1.959094609539681509e+00,4.330465830368155911e-01,-1.788564995488467257e+00,-1.951833523877494869e+00,4.257792915650723264e-01,-1.807398219694992703e+00,6.115623419981496278e-01,3.224895671674988251e-01,-6.558296992262565434e-03,6.218443977842547099e-03,1.252129502965752296e-02,3.098510000000000431e-01
1.875000000000000000e+01,-1.962228354530463514e+00,4.087360807391841044e-01,-1.783421228361920630e+00,-1.957547880778526483e+00,3.985304033614773811e-01,-1.789190090500946351e+00,-1.958445621243531498e+00,3.971478906347804538e-01,-1.788288363900391698e+00,5.964839016352546652e-01,3.798845213901604900e-01,-6.194134659718400146e-03,4.867135538471067946e-03,1.218996394645456560e-02,3.056330000000000435e-01
1.880000000000000071e+01,-1.967973376651134254e+00,3.809649883203997667e-01,-1.766157581552616040e+00,-1.964030866895954075e+00,3.667530571052783350e-01,-1.730002970183304400e+00,-1.964574501457377442e+00,3.681245526846779748e-01,-1.769690077286353080e+00,5.884118266415931942e-01,2.298845213901604678e-01,-5.868946558633137030e-03,3.532495733737039956e-03,1.328266313273996670e-02,3.027880000000000016e-01
1.885000000000000142e+01,-1.973345290473420999e+00,3.535649332533759015e-01,-1.762633650491992610e+00,-1.978041428777485677e+00,3.425853876131653153e-01,-1.765515361969649755e+00,-1.970218652309547736e+00,3.387379202452915350e-01,-1.751556155262603776e+00,6.156445731209676531e-01,3.798845213901604900e-01,-5.741254043620837300e-03,-1.107749522938883402e-02,1.515309146510017586e-02,3.106220000000000092e-01
1.890000000000000213e+01,-1.978538146529843056e+00,3.252698952031531920e-01,-1.741970036317349146e+00,-1.980564260283780964e+00,3.214936564574122912e-01,-1.752523134811893257e+00,-1.975376681190275319e+00,3.090169943749477843e-01,-1.733841245767693495e+00,6.569920629854848482e-01,4.234026425261837034e-01,-5.757764303801572725e-03,-8.128790549655651176e-03,1.655752543180194492e-02,3.036200000000000010e-01
1.894999999999999929e+01,-1.983374558914444918e+00,2.954795429618543023e-01,-1.721510781739122864e+00,-1.980415595960949737e+00,3.107062565474013049e-01,-1.710339518387534730e+00,-1.975376681190275319e+00,3.090169943749477843e-01,-1.733841245767693495e+00,6.105467777800556162e-01,2.734026425261836812e-01,-5.694360277243295035e-03,1.233046402857063129e-02,1.572350593387603773e-02,2.982589999999999963e-01
1.900000000000000000e+01,-1.987483522998104934e+00,2.670878148606674607e-01,-1.707534035093880576e+00,-1.987699442535241667e+00,2.752817491524299776e-01,-1.693149115732692334e+00,-1.980047315433115074e+00,2.789911060392297748e-01,-1.716501716299272839e+00,5.920659332587717705e-01,2.600954010238085701e-01,-5.629168169600221386e-03,8.967681205392263877e-03,1.403515314598497050e-02,3.899210000000000731e-01
1.905000000000000071e+01,-1.991091448408012665e+00,2.397908971338034434e-01,-1.696881919553140161e+00,-1.981803074629033379e+00,2.173586378255742413e-01,-1.712639120266974180e+00,-1.987921910910359413e+00,2.181432413965416761e-01,-1.682781995795973540e+00,6.153815279162956342e-01,4.100954010238085923e-01,-5.568847438889915763e-03,-1.409992375716662139e-02,2.187845896922432573e-02,2.999529999999999696e-01
1.910000000000000142e+01,-1.994366531216553939e+00,2.113704333946488378e-01,-1.674172159551523098e+00,-2.007906317569973620e+00,2.334753085602213618e-01,-1.690668555146281893e+00,-1.987921910910359413e+00,2.181432413965416761e-01,-1.682781995795973540e+00,6.781342535158484397e-01,3.717987126558713884e-01,-5.647379051910135159e-03,8.609836244450441711e-03,9.349013804756011597e-03,3.028879999999999906e-01
1.915000000000000213e+01,-1.997290287741898096e+00,1.804267800038748537e-01,-1.655834059837348216e+00,-1.993144662346612472e+00,1.665675181540506866e-01,-1.646709010302816356e+00,-1.993834667466255928e+00,1.564344650402320902e-01,-1.650076705123150855e+00,6.646469065538833654e-01,3.109149752693989854e-01,-5.344893865137347044e-03,-5.757354714197582268e-03,2.423989457081168405e-02,3.127369999999999872e-01
1.920000000000000284e+01,-1.999765954754578967e+00,1.492399442204533633e-01,-1.644189958156580200e+00,-1.996861377533669657e+00,1.524750406394793922e-01,-1.655550883306293297e+00,-1.993834667466255928e+00,1.564344650402320902e-01,-1.650076705123150855e+00,6.057588423098932973e-01,3.444161794397371246e-01,-5.342869850524109565e-03,5.886746966570655104e-03,9.324231803363322579e-03,3.069350000000000689e-01
1.925000000000000000e+01,-2.001687520796809672e+00,1.202809350954460454e-01,-1.629917815534768000e+00,-1.992897781801847401e+00,1.145456379096417288e-01,-1.647686472061172358e+00,-1.996053456856543118e+00,1.253332335643038975e-01,-1.634009380114820775e+00,5.800381225217480230e-01,3.683628964164190611e-01,-5.303652578293205702e-03,4.091564580052775568e-03,7.567588539385270048e-03,3.132570000000000077e-01
1.930000000000000071e+01,-2.003047422880247730e+00,9.322596243452334341e-02,-1.612119112353136208e+00,-2.002097200569655122e+00,9.186116647565978344e-02,-1.627654046393242071e+00,-1.997779749923940029e+00,9.410831331851238213e-02,-1.618083330494513472e+00,6.166129198438532466e-01,3.548380558485425551e-01,-5.220076453573376483e-03,5.964218141377486404e-03,5.341059956328121291e-03,3.415600000000000303e-01
1.935000000000000142e+01,-2.004028452669803340e+00,6.395400355727529074e-02,-1.596477101900368289e+00,-1.992519423238993781e+00,6.751456003271494311e-02,-1.594386553975418286e+00,-1.999013120731463200e+00,6.279051952931338776e-02,-1.602262684194616593e+00,6.471664260244495148e-01,2.835275567311420497e-01,-5.049453786761583587e-03,5.785582294248303725e-03,5.148519159433818417e-03,3.248990000000000489e-01
1.940000000000000213e+01,-2.004535651775174898e+00,3.445600123965739114e-02,-1.579500872092471253e+00,-2.016255148923364438e+00,3.751145786437056623e-02,-1.611053346896490712e+00,-1.999753264963321175e+00,3.141075907812847928e-02,-1.586512043544509698e+00,6.531815853813235373e-01,4.132386418135938211e-01,-4.829652431325049712e-03,7.011171452038666985e-03,5.669631684734529123e-03,3.305199999999999805e-01
1.945000000000000284e+01,-2.004498717979398936e+00,3.639943340893812829e-03,-1.559694733944209544e+00,-2.028071434940345252e+00,-1.959384784632655502e-02,-1.550927897581879877e+00,-1.999753264963321175e+00,-3.141075907812952012e-02,-1.555080610045277867e+00,6.778147773741620696e-01,3.131209405437695437e-01,-4.194042766908527391e-03,-4.614123898931676848e-03,3.537048295393674380e-02,3.232160000000000033e-01
1.950000000000000000e+01,-2.003891297228713952e+00,-2.857969638256537687e-02,-1.544197386136378691e+00,-1.995309980756020618e+00,-2.446658256615262886e-02,-1.535159126446233646e+00,-1.999753264963321175e+00,-3.141075907812952012e-02,-1.555080610045277867e+00,6.569228836089394674e-01,2.387013301758915684e-01,-4.093030914568707331e-03,1.088322390889917557e-02,5.013803647496238754e-03,3.101710000000000300e-01
1.955000000000000071e+01,-2.002915510900517226e+00,-5.961190067380083002e-02,-1.534527357170195838e+00,-1.971959986561796718e+00,-5.345331820885570323e-02,-1.538368645793029232e+00,-1.999013120731462978e+00,-6.279051952931442859e-02,-1.539329969395176523e+00,6.651329836643868898e-01,2.984492264453130206e-01,-3.800455336109877236e-03,4.802612224980684630e-03,5.033117012364984183e-03,3.176160000000000094e-01
1.960000000000000142e+01,-2.001588148129126221e+00,-9.024605294793323906e-02,-1.520460450306492906e+00,-1.972598821972850747e+00,-9.307012958347929410e-02,-1.517202321873194704e+00,-1.997779749923940029e+00,-9.410831331851342296e-02,-1.523509323095284085e+00,6.290286674789266064e-01,2.816909199429541988e-01,-3.621574429402843378e-03,3.048872788791179289e-03,5.424108411473685387e-03,3.114540000000000086e-01
1.965000000000000213e+01,-1.999923619200992819e+00,-1.192448113183307845e-01,-1.506458020521656893e+00,-2.004739984664539953e+00,-9.991741167858025907e-02,-1.531198352680535724e+00,-1.997779749923940029e+00,-9.410831331851342296e-02,-1.523509323095284085e+00,6.022474044612294852e-01,3.492138147573207174e-01,-3.329659561466366026e-03,1.705130257362696966e-02,2.522775668132053867e-02,3.089990000000000236e-01
1.970000000000000284e+01,-1.997891824004803363e+00,-1.473104541178696381e-01,-1.490597996612965881e+00,-2.016659390039793998e+00,-1.408626183512159957e-01,-1.494425447522892192e+00,-1.996053456856543118e+00,-1.253332335643031759e-01,-1.507583273474971675e+00,5.616710180959252341e-01,2.819749344721582118e-01,-3.223017600915437098e-03,1.698527686200579367e-02,2.205397508459431069e-02,3.468910000000000049e-01
1.975000000000000000e+01,-1.995574768767516494e+00,-1.740001634262908770e-01,-1.477799785676771949e+00,-1.969101877213834229e+00,-1.659753327218797814e-01,-1.503163519268469139e+00,-1.993834667466255928e+00,-1.564344650402313686e-01,-1.491515948466644481e+00,5.799801940355353569e-01,3.545387148938622390e-01,-3.125792387244103604e-03,1.371616278987275450e-02,1.765167732337814821e-02,3.232559999999999878e-01
1.980000000000000071e+01,-1.992827026251559053e+00,-2.009482892093512885e-01,-1.460566934541666084e+00,-2.000732430954689001e+00,-2.033871246290973323e-01,-1.471863038534769519e+00,-1.991123929206159993e+00,-1.873813145857249618e-01,-1.475270842638938706e+00,5.545181349262935377e-01,3.201117422865545348e-01,-2.989354177095679757e-03,1.470390809727284420e-02,1.367345384254350406e-02,3.225439999999999974e-01
1.985000000000000142e+01,-1.989729571453176860e+00,-2.269212024367500413e-01,-1.443632666609139026e+00,-1.994099859232278726e+00,-2.424348382220866682e-01,-1.425867264300168857e+00,-1.984229402628955752e+00,-2.486898871648547671e-01,-1.442097143385252300e+00,6.295181349262934933e-01,2.812196297755279462e-01,-2.660796418207166374e-03,-1.535523223886947619e-03,2.245278361109271856e-02,3.388860000000000205e-01
1.990000000000000213e+01,-1.985709801326407620e+00,-2.572607996808598529e-01,-1.434509329308906178e+00,-2.031771120291710808e+00,-2.538428495694506903e-01,-1.447784115276728345e+00,-1.984229402628955752e+00,-2.486898871648547671e-01,-1.442097143385252300e+00,5.997006854481012894e-01,3.810661572877823700e-01,-2.568182185248683597e-03,7.587814076345900105e-03,8.697822811510351124e-03,3.180860000000000354e-01
1.995000000000000284e+01,-1.981568961094489989e+00,-2.853295510384734057e-01,-1.414146414968553644e+00,-1.953294368084757426e+00,-2.616743348559702476e-01,-1.423530133285715094e+00,-1.980047315433115074e+00,-2.789911060392290532e-01,-1.425090937290524495e+00,6.747006854481012450e-01,3.232000028232439592e-01,-2.425803145656782889e-03,1.094452232197085095e-02,6.518534384907917478e-03,3.185070000000000401e-01
2.000000000000000000e+01,-1.976489680445738140e+00,-3.158660003439676123e-01,-1.397794301358429747e+00,-1.972593339324324235e+00,-3.295171331933395287e-01,-1.401160670215188198e+00,-1.970218652309547958e+00,-3.387379202452908689e-01,-1.390036498327185344e+00,6.392059342554947676e-01,3.992588616881226904e-01,-2.057009799781300483e-03,-7.757803031244403513e-03,2.371603916882909432e-02,3.289270000000000249e-01
