time_s,x_m,y_m,yaw_rad,measured_x_m,measured_y_m,measured_yaw_rad,reference_x_m,reference_y_m,reference_yaw_rad,linear_mps,angular_radps,cross_track_error_m,heading_error_rad,position_error_m,compute_ms
0.000000000000000000e+00,-1.499999999999999944e-01,2.500000000000000000e-01,9.655214548437163202e-01,-1.463365573999236002e-01,2.601726748011828350e-01,9.584951022674914611e-01,6.282151815625658386e-02,6.279051952931337388e-02,7.845956463669550018e-01,7.500000000000001110e-02,-1.500000000000000222e-01,2.828500067873760404e-01,1.809258084767613184e-01,2.834438007232443213e-01,2.154000000000000012e-02
5.000000000000000278e-02,-1.479168296233440982e-01,2.529882245968976262e-01,9.584816061477958726e-01,-1.333424848935510776e-01,2.532380841055383303e-01,9.609503822871579004e-01,6.282151815625658386e-02,6.279051952931337388e-02,7.845956463669550018e-01,1.500000000000000222e-01,-3.000000000000000444e-01,2.834928543977972559e-01,1.738859597808408708e-01,2.838764136694905127e-01,1.226300000000000133e-02
1.000000000000000056e-01,-1.438061618274828479e-01,2.587480636910663989e-01,9.434177271005088627e-01,-1.296581531623126060e-01,2.569207054687510650e-01,9.367473656056812814e-01,6.282151815625658386e-02,6.279051952931337388e-02,7.845956463669550018e-01,2.250000000000000333e-01,-4.500000000000000666e-01,2.846645953995556311e-01,1.588220807335538609e-01,2.847707099569196099e-01,1.001900000000000013e-02
1.500000000000000222e-01,-1.374249642548079631e-01,2.673555764106738120e-01,9.222880552761587580e-01,-1.370265020161998415e-01,2.581130606151655904e-01,9.293145655226631163e-01,6.282151815625658386e-02,6.279051952931337388e-02,7.845956463669550018e-01,3.000000000000000444e-01,-6.000000000000000888e-01,2.862473430011620579e-01,1.376924089092037562e-01,2.862612726424568765e-01,9.457999999999999394e-03
2.000000000000000111e-01,-1.286672361972138745e-01,2.785760591863367663e-01,8.938147795046855748e-01,-1.056084411341840085e-01,2.676902663480559275e-01,8.749997888493403764e-01,9.421290141928533035e-02,9.410831331851432502e-02,7.836678937727570293e-01,3.750000000000000555e-01,-6.705354635014590947e-01,2.879910225678999347e-01,1.101468857319285455e-01,2.893162715947811270e-01,9.007000000000001116e-03
2.500000000000000000e-01,-1.172899495241941786e-01,2.923188661386502130e-01,8.647646857188719949e-01,-1.133242699868083625e-01,3.070446682670398553e-01,8.656060660879214552e-01,9.421290141928533035e-02,9.410831331851432502e-02,7.836678937727570293e-01,4.500000000000000666e-01,-7.993796499672041200e-01,2.896944295466504782e-01,8.109679194611496555e-02,2.898635527390147626e-01,9.297999999999998974e-03
3.000000000000000444e-01,-1.030281832291932292e-01,3.084581653722138217e-01,8.293925359115310592e-01,-9.469862794581139498e-02,3.144025538809129827e-01,8.153285628110369387e-01,9.421290141928533035e-02,9.410831331851432502e-02,7.836678937727570293e-01,5.250000000000001332e-01,-6.493796499672040978e-01,2.910592390728792278e-01,4.572464213877402983e-02,2.912900694303723337e-01,8.857000000000000289e-03
3.500000000000000333e-01,-8.645468710303506887e-02,3.261183718007961696e-01,8.048702245733707628e-01,-1.116440425287923005e-01,2.989525052521361803e-01,8.051818754612236617e-01,9.421290141928533035e-02,9.410831331851432502e-02,7.836678937727570293e-01,6.000000000000000888e-01,-6.274987060593154586e-01,2.918695425604956872e-01,2.120233080061373343e-02,2.940568733755807296e-01,8.676000000000001419e-03
4.000000000000000222e-01,-6.681076195844795618e-02,3.459506460062612976e-01,7.754684408853584898e-01,-7.187116163168029426e-02,3.337605206757233711e-01,7.855816158694550744e-01,1.255810390586267478e-01,1.253332335643042583e-01,7.823658289118942122e-01,6.750000000000000444e-01,-5.633405050271830250e-01,2.921007936809418837e-01,-6.897388026535722361e-03,2.927228173053447735e-01,9.809000000000000011e-03
4.500000000000000111e-01,-4.323596017618383525e-02,3.684573949899705991e-01,7.489812855085862253e-01,-2.221622516378563700e-02,3.711209676121133283e-01,7.546367642532780806e-01,1.882166266370286500e-01,1.873813145857246287e-01,7.786248906646879853e-01,7.500000000000000000e-01,-4.702296001490835486e-01,2.914538540549741485e-01,-2.964360515610175995e-02,2.938687578445395299e-01,8.866000000000000617e-03
5.000000000000000000e-01,-1.725893433321850495e-02,3.921528557863797615e-01,7.300152258360919078e-01,-2.525187312324131059e-02,4.017615810323644232e-01,7.226094111495595662e-01,1.882166266370286500e-01,1.873813145857246287e-01,7.786248906646879853e-01,8.000000000000000444e-01,-4.233735538319155500e-01,2.900784818793897268e-01,-4.860966482859607751e-02,2.900889350556641877e-01,9.378000000000000919e-03
5.500000000000000444e-01,1.088359802358377162e-02,4.168701199529911139e-01,7.113638005396003550e-01,-7.030474714036182710e-03,4.313659814869833520e-01,6.958914571419727579e-01,2.194686221820905392e-01,2.181432413965425365e-01,7.761766847564688376e-01,8.000000000000000444e-01,-3.968916052404131700e-01,2.879364830469546277e-01,-6.481288421686848267e-02,2.880973525806759805e-01,8.987000000000000197e-03
6.000000000000000888e-01,3.946523345125091398e-02,4.410569175389173480e-01,6.932453515271803646e-01,5.846440171065986346e-02,4.242625391863651396e-01,6.867269911084177281e-01,2.506664671286085166e-01,2.486898871648547948e-01,7.733354552277038607e-01,8.000000000000000444e-01,-3.235420125128737889e-01,2.851844500412618055e-01,-8.009010370052349614e-02,2.856764524453727638e-01,8.857000000000000289e-03
6.500000000000000222e-01,6.855364397321650483e-02,4.648337237283273193e-01,6.772741810947637831e-01,8.158050112928288966e-02,4.695002024236991645e-01,6.775725080812833312e-01,2.818024638751653321e-01,2.789911060392292752e-01,7.700940264136821867e-01,8.000000000000000444e-01,-3.450738347349200374e-01,2.818706454862232591e-01,-9.281984531891840362e-02,2.828648754071633742e-01,8.676000000000001419e-03
7.000000000000000666e-01,9.687726700355203668e-02,4.871820445001859845e-01,6.587636492113468911e-01,7.654439137946450478e-02,4.870958457004469500e-01,6.678793279631758395e-01,2.818024638751653321e-01,2.789911060392292752e-01,7.700940264136821867e-01,8.000000000000000444e-01,-3.426651940244195282e-01,2.781942966266647277e-01,-1.113303772023352956e-01,2.784614790150673480e-01,8.876000000000001944e-03
7.500000000000000000e-01,1.262680756283943162e-01,5.094787422487733197e-01,6.392370676358281045e-01,1.212554894092173347e-01,4.942686870589815262e-01,6.496831963944158517e-01,3.128689300804617379e-01,3.090169943749473958e-01,7.664441599109093062e-01,8.000000000000000444e-01,-2.505017791979353703e-01,2.738311889100016328e-01,-1.272070922750812016e-01,2.738700261855447904e-01,8.676000000000001419e-03
8.000000000000000444e-01,1.580164483934443920e-01,5.326223532033986796e-01,6.205739154702598626e-01,1.935076425286189894e-01,5.330160070395102423e-01,6.248670862916085866e-01,3.747626291714492575e-01,3.681245526846779748e-01,7.578805964862258548e-01,8.000000000000000444e-01,-1.734583269214704515e-01,2.684616323395281334e-01,-1.373066810159659923e-01,2.721000427367632479e-01,8.506000000000001407e-03
8.500000000000000888e-01,1.891364524303134620e-01,5.546123807621744506e-01,6.097367531134789687e-01,1.870034698007903839e-01,5.824874272729176905e-01,5.976157650020348377e-01,3.747626291714492575e-01,3.681245526846779748e-01,7.578805964862258548e-01,8.000000000000000444e-01,-1.554946152188036168e-01,2.630414851985043434e-01,-1.481438433727468862e-01,2.631250415916228658e-01,8.566000000000000697e-03
9.000000000000000222e-01,2.211519272034238037e-01,5.765891026572182998e-01,5.933984744860376637e-01,2.444021643465556504e-01,5.662591193317352278e-01,5.715161217583362152e-01,4.055745907130249850e-01,3.971478906347806204e-01,7.529447150598791438e-01,8.000000000000000444e-01,-2.184137448109033097e-02,2.570408385381432459e-01,-1.595462405738414802e-01,2.573147243903018966e-01,8.434999999999999790e-03
9.500000000000000666e-01,2.526472778685310283e-01,5.977129847089053261e-01,5.881787827440421168e-01,2.442133984282629788e-01,5.983486411177321163e-01,5.598885838989198227e-01,4.055745907130249850e-01,3.971478906347806204e-01,7.529447150598791438e-01,8.000000000000000444e-01,-5.358339383716521909e-02,2.509182614631579322e-01,-1.647659323158370270e-01,2.522164149590589433e-01,8.415999999999999870e-03
1.000000000000000000e+00,2.838874985214481228e-01,6.184093647832592522e-01,5.820342538519596154e-01,2.799175931605049628e-01,6.030487306210629006e-01,5.946574098072918702e-01,4.362864827930850731e-01,4.257792915650726595e-01,7.475559179387234465e-01,8.000000000000000444e-01,-2.035833938371652274e-01,2.448739855513547004e-01,-1.655216640867638311e-01,2.456253152976512200e-01,8.686000000000001012e-03
1.050000000000000044e+00,3.151067875954111086e-01,6.388320572559228472e-01,5.765665981155905229e-01,3.039792942792448049e-01,6.580029842986627742e-01,5.699674565533108250e-01,4.668907277118107824e-01,4.539904997395467490e-01,7.416999317587289475e-01,8.000000000000000444e-01,-1.098191283569094900e-01,2.388240774420058721e-01,-1.651333336431384247e-01,2.391751781902515528e-01,8.486000000000000487e-03
1.100000000000000089e+00,3.460670822053729112e-01,6.587340682765236988e-01,5.660610285602305503e-01,3.488699856660401610e-01,6.513027609644096438e-01,5.423440726389561206e-01,4.973797743297095897e-01,4.817536741017153235e-01,7.353610923648465914e-01,8.000000000000000444e-01,9.332440448427174740e-03,2.327555091174224045e-01,-1.693000638046160411e-01,2.328467107781100887e-01,8.585999999999999882e-03
1.150000000000000133e+00,3.778160928257330298e-01,6.789255284414019709e-01,5.668388321047244105e-01,3.684584710974846966e-01,6.928087341041540004e-01,5.513418682729711584e-01,5.277460999307458378e-01,5.090414157503713177e-01,7.285222698794653340e-01,7.963335486634037785e-01,-1.406675595515728405e-01,2.265791288114742952e-01,-1.616834377747409235e-01,2.265824767613947577e-01,8.546000000000001512e-03
1.200000000000000178e+00,4.104893707915462930e-01,6.995162420844875939e-01,5.578215858405197736e-01,4.096731959145268887e-01,6.765671469678322669e-01,5.433175398962095670e-01,5.579822120784585504e-01,5.358267949789966567e-01,7.211647878806650702e-01,8.000000000000000444e-01,-4.369178474781458543e-02,2.203204714945751208e-01,-1.633432020401452966e-01,2.203369540603382359e-01,8.486000000000000487e-03
1.250000000000000000e+00,4.428469649263751529e-01,7.196090033597166702e-01,5.535556920266566650e-01,4.312944500263060088e-01,7.332058501641246506e-01,5.260962992443412034e-01,5.880806504646078903e-01,5.620833778521305835e-01,7.132683368307422000e-01,7.861665761349045933e-01,-5.779280259962171762e-02,2.141528851612324591e-01,-1.597126448040855351e-01,2.142595297917330166e-01,8.807000000000000592e-03
1.300000000000000044e+00,4.744244460567714761e-01,7.391243514163161610e-01,5.535651348376031677e-01,4.800218152952371309e-01,7.673758716388836554e-01,5.516066503898024997e-01,6.180339887498947915e-01,5.877852522924731371e-01,7.048108820393794716e-01,7.651575708124832564e-01,-2.077928025996217398e-01,2.083233069306624219e-01,-1.512457472017763038e-01,2.086317897065171345e-01,8.455999999999999975e-03
1.350000000000000089e+00,5.047905138523781643e-01,7.576538279589158931e-01,5.422112846385882534e-01,4.834785394910813827e-01,7.661792243571794447e-01,5.508795470106484515e-01,6.180339887498947915e-01,5.877852522924731371e-01,7.048108820393794716e-01,7.633982951281023110e-01,-1.513035171155265590e-01,2.027639758476123544e-01,-1.625995974007912181e-01,2.041553761374176046e-01,8.305999999999999148e-03
1.400000000000000133e+00,5.354836851362283490e-01,7.759532582727298733e-01,5.330378793259065162e-01,5.360373927447030784e-01,7.631346689640492453e-01,5.161677907234056839e-01,6.478348363962987966e-01,6.129070536529764857e-01,6.957685666376671740e-01,7.525355089279841536e-01,-1.303517115526536818e-03,1.971622972049754674e-01,-1.627306873117606578e-01,1.980071868149479997e-01,8.276000000000000370e-03
1.450000000000000178e+00,5.649197806423411627e-01,7.932780979601729010e-01,5.308891885957871537e-01,5.517674653369695204e-01,7.974530211192897289e-01,5.152507829573624853e-01,6.774758404905828479e-01,6.374239897486897455e-01,6.861156102913255062e-01,7.492055536459871767e-01,-1.062534889456845655e-01,1.918946902822972755e-01,-1.552264216955383525e-01,1.922481980538638668e-01,8.215000000000000080e-03
1.500000000000000000e+00,5.957919182584142659e-01,8.112997480748713741e-01,5.258832793220085122e-01,5.773942573867499872e-01,8.088861156986008050e-01,5.367566695129739607e-01,7.069496875585143947e-01,6.613118653236519373e-01,6.758242047084683790e-01,7.539334816162447384e-01,-2.306883842785425187e-01,1.865529866364982747e-01,-1.499409253864598668e-01,1.866880142054326841e-01,8.385000000000000092e-03
1.550000000000000044e+00,6.265369233294124651e-01,8.289792447060819747e-01,5.178399708869867446e-01,6.466328034983808148e-01,8.310374166916285610e-01,5.384981281892207150e-01,7.653668647301795636e-01,7.071067811865474617e-01,6.532040358206789854e-01,7.432108031799786740e-01,-2.558959624949290745e-01,1.811555529280924337e-01,-1.353640649336922408e-01,1.847339979366567353e-01,8.265000000000001512e-03
1.600000000000000089e+00,6.565613679122971336e-01,8.456308786538146993e-01,4.948999898511128315e-01,6.527574249002474627e-01,8.267472547498708746e-01,4.811911142990799028e-01,7.653668647301795636e-01,7.071067811865474617e-01,6.532040358206789854e-01,7.351962771469953140e-01,-1.058959624949290523e-01,1.761324176959582211e-01,-1.583040459695661539e-01,1.761464212435415178e-01,8.245999999999999858e-03
1.650000000000000133e+00,6.863250029964421683e-01,8.616022301643123660e-01,4.901039150209993700e-01,6.974017973973732909e-01,8.696298282929635359e-01,4.756990992018197417e-01,7.942957812695612407e-01,7.289686274214115524e-01,6.408085642148111383e-01,7.037608423819301517e-01,-9.945221351600995463e-02,1.708704299500467261e-01,-1.507046491938117683e-01,1.710244471923960674e-01,8.075000000000000580e-03
1.700000000000000178e+00,7.164923443981774387e-01,8.777061251884851201e-01,4.905665556104596980e-01,7.023082522009777007e-01,8.867077136175993690e-01,4.671973982053208019e-01,8.230287172102175308e-01,7.501110696304594816e-01,6.276410272841830285e-01,7.141213577189313710e-01,-1.346012445272461444e-01,1.658394569477067426e-01,-1.370744716737233304e-01,1.662242369054574564e-01,8.276000000000000370e-03
1.750000000000000000e+00,7.447259569664053114e-01,8.927265694069185242e-01,4.872797855915189658e-01,7.265876534306640044e-01,9.026711805301634861e-01,4.932258937100137963e-01,8.230287172102175308e-01,7.501110696304594816e-01,6.276410272841830285e-01,6.907024304653979208e-01,-2.423825495156838317e-01,1.614174082304054569e-01,-1.403612416926640627e-01,1.626975815379230750e-01,8.394999999999999685e-03
1.800000000000000044e+00,7.733993143365481826e-01,9.076810063034200793e-01,4.741890562721584601e-01,7.685350725209313394e-01,9.065500823023934229e-01,4.801302577516524117e-01,8.515585831301453190e-01,7.705132427757892533e-01,6.136619346445102430e-01,6.797628259052990174e-01,-1.734388610644550244e-01,1.571499772438234577e-01,-1.394728783723517829e-01,1.578729446406882397e-01,8.234999999999999265e-03
1.850000000000000089e+00,8.016037550515839882e-01,9.220190919164514831e-01,4.664416739030015080e-01,8.062929706133044050e-01,9.360892535592192365e-01,4.755994740920206354e-01,9.079809994790934979e-01,8.090169943749474513e-01,5.830981081633392904e-01,6.801813882340189688e-01,-3.227580054619157424e-01,1.529023890040586697e-01,-1.166564342603377824e-01,1.551953355638296672e-01,1.574900000000000258e-02
1.900000000000000133e+00,8.310443598675282262e-01,9.365375179806462169e-01,4.498521648268121176e-01,8.527650377846009988e-01,9.598049678006301821e-01,4.564223230762509687e-01,9.358596285211467913e-01,8.270805742745618305e-01,5.664212815967921699e-01,6.530590968439552446e-01,-2.657293436815170717e-01,1.486082153046449084e-01,-1.165691167699800523e-01,1.515488801291753618e-01,8.326000000000001802e-03
1.950000000000000178e+00,8.586158262657718199e-01,9.495988172975671215e-01,4.349632880401634871e-01,8.687786892681772510e-01,9.263469785164338832e-01,4.357558670747083696e-01,9.358596285211467913e-01,8.270805742745618305e-01,5.664212815967921699e-01,6.554238567809664850e-01,-1.218299809595232985e-01,1.448344083335045829e-01,-1.314579935566286828e-01,1.448355096663510033e-01,8.145000000000001197e-03
2.000000000000000000e+00,8.873088459121337701e-01,9.627913344165319742e-01,4.269533399068121682e-01,8.877823744395776373e-01,9.885968330983985197e-01,4.015553969882632579e-01,9.635073482034306469e-01,8.443279255020150753e-01,5.487487372104546957e-01,6.287649101596449741e-01,-1.644271619759276881e-01,1.408170287727962267e-01,-1.217953973036425275e-01,1.408537930021226681e-01,8.234999999999999265e-03
2.050000000000000266e+00,9.141691083305376608e-01,9.748499778265493632e-01,4.169906459214378636e-01,9.241796281037871763e-01,9.876148801792969945e-01,4.050666800712772186e-01,9.909173368648149793e-01,8.607420270039435328e-01,5.300279680891506473e-01,6.217074998018160548e-01,-2.892091057038945201e-01,1.372521737873251546e-01,-1.130373221677127837e-01,1.375169626776416576e-01,8.195000000000000895e-03
2.100000000000000089e+00,9.411624878887983048e-01,9.865982099125421012e-01,4.040104286807415512e-01,9.608165189774389159e-01,9.845313330477430958e-01,4.042271736716678276e-01,1.018082831500742635e+00,8.763066800438636950e-01,5.102041145915556797e-01,6.136549442338984361e-01,-3.218764705550781757e-01,1.338097984003875085e-01,-1.061936859108141284e-01,1.344654633062079829e-01,8.325000000000000802e-03
2.149999999999999911e+00,9.680958686637103350e-01,9.979198768221909654e-01,3.918544181285703587e-01,9.758598443288588609e-01,9.813390993230115544e-01,3.940522924216383061e-01,1.018082831500742635e+00,8.763066800438636950e-01,5.102041145915556797e-01,6.025443756701648335e-01,-2.228246069814574237e-01,1.305365313585807596e-01,-1.183496964629853210e-01,1.314856117007294489e-01,8.406000000000000277e-03
2.200000000000000178e+00,9.942256878462578662e-01,1.008497261065950390e+00,3.774226748984594870e-01,9.947941829974095151e-01,1.037461442315098958e+00,3.506146555902676099e-01,1.071653589957993313e+00,9.048270524660195768e-01,4.670176594031887340e-01,5.981065716674737187e-01,-3.372425494975662685e-01,1.274286841007865323e-01,-8.959498450472924702e-02,1.293931689718497147e-01,8.616000000000000394e-03
2.250000000000000000e+00,1.019635389474047305e+00,1.018360488236054406e+00,3.631068195172511004e-01,1.024023384931232128e+00,1.051468671029348823e+00,3.459700773404343899e-01,1.098045635996263591e+00,9.177546256839811400e-01,4.435365795339238915e-01,5.871523046275645141e-01,-4.452577884403732811e-01,1.245199034227784385e-01,-8.042976001667279107e-02,1.275527590431559111e-01,8.335000000000000395e-03
2.300000000000000266e+00,1.045086686403518428e+00,1.027702648466751967e+00,3.404766153287175356e-01,1.054194649475046264e+00,1.022024675413380379e+00,3.482520317981263602e-01,1.098045635996263591e+00,9.177546256839811400e-01,4.435365795339238915e-01,5.741252845898044965e-01,-3.671236631996382949e-01,1.220360318448115711e-01,-1.030599642052063558e-01,1.220377730696837054e-01,8.335000000000000395e-03
2.350000000000000089e+00,1.070858843083179579e+00,1.036578895689219681e+00,3.228998800781015532e-01,1.060928543840939486e+00,1.052392793100637158e+00,3.266455894463748955e-01,1.124166755704261167e+00,9.297764858882513472e-01,4.187166943902145277e-01,5.735047944784876783e-01,-4.321676780118412498e-01,1.192502825647595716e-01,-9.581681431211297451e-02,1.193670318275144443e-01,8.285999999999999963e-03
2.400000000000000355e+00,1.095264715815864154e+00,1.044527767930086837e+00,3.068209812995936758e-01,1.073013510188553177e+00,1.056566216648599399e+00,2.937553370892405091e-01,1.124166755704261167e+00,9.297764858882513472e-01,4.187166943902145277e-01,5.600147552369265647e-01,-2.821676780118412275e-01,1.165893200003836200e-01,-1.118957130906208519e-01,1.183350524568074352e-01,8.285999999999999963e-03
2.450000000000000178e+00,1.120469207734520856e+00,1.052318146160446277e+00,2.927238368382711897e-01,1.104113491682991999e+00,1.044737015542097636e+00,2.846377361085963287e-01,1.150010504086557139e+00,9.408807689542255659e-01,3.924981535591443027e-01,5.555246453577670218e-01,-4.131018481662782627e-01,1.142627591127851477e-01,-9.977431672087311298e-02,1.152865006354185096e-01,8.206000000000001487e-03
2.500000000000000000e+00,1.145506176642528295e+00,1.059605312311186598e+00,2.737390674105464328e-01,1.143943506194288640e+00,1.085200132176240118e+00,2.802484928012010101e-01,1.200840450651768254e+00,9.602936856769431762e-01,3.356351199971938648e-01,5.426357674433825995e-01,-5.631018481662782849e-01,1.119955580203605416e-01,-6.189605258664743204e-02,1.136867673252653227e-01,8.394999999999999685e-03
2.550000000000000266e+00,1.169690284678555958e+00,1.066042680765472817e+00,2.465601804618402504e-01,1.197624502102599742e+00,1.087016359827851275e+00,2.338996284917813639e-01,1.225814107305952971e+00,9.685831611286310761e-01,3.048849158476660826e-01,5.113444124243201605e-01,-5.353476026799092180e-01,1.098122732191496309e-01,-5.832473538582583217e-02,1.124644007415478153e-01,8.266000000000000777e-03
2.600000000000000089e+00,1.192677634843428924e+00,1.071521592684714363e+00,2.213982167728358874e-01,1.207133035785249442e+00,1.069405075785164971e+00,2.222621167975384893e-01,1.225814107305952971e+00,9.685831611286310761e-01,3.048849158476660826e-01,5.074746296165560944e-01,-4.901789071206783532e-01,1.081380850255424519e-01,-8.348669907483019514e-02,1.081404017862244576e-01,8.446000000000000382e-03
2.650000000000000355e+00,1.216425378128350054e+00,1.076564151105813272e+00,1.970633719421419627e-01,1.198929236021656797e+00,1.095674247902276743e+00,1.908297206492690634e-01,1.225814107305952971e+00,9.685831611286310761e-01,3.048849158476660826e-01,5.058144525358800880e-01,-3.999192437646143516e-01,1.058194099077786055e-01,-1.078215439055241198e-01,1.083883869795223692e-01,8.305000000000001617e-03
2.700000000000000178e+00,1.240038223883767499e+00,1.081019902150579304e+00,1.759510904032204337e-01,1.241639943194400519e+00,1.070726048638019012e+00,1.804707990511174032e-01,1.274847979497379491e+00,9.822872507286887211e-01,2.385309701662947646e-01,5.076094022959029006e-01,-5.499192437646143183e-01,1.041618373991819169e-01,-6.257987976307433087e-02,1.046893286953161500e-01,8.245999999999999858e-03
2.750000000000000000e+00,1.263688455831045276e+00,1.084885275947808037e+00,1.480624224905362496e-01,1.263283368675276241e+00,1.088146273623290972e+00,1.434897200315492505e-01,1.274847979497379491e+00,9.822872507286887211e-01,2.385309701662947646e-01,4.835685223854271353e-01,-4.709238420858116170e-01,1.023297983611221873e-01,-9.046854767575851497e-02,1.032031479525819390e-01,8.174999999999999975e-03
2.800000000000000266e+00,1.286377894827794410e+00,1.087993871623585962e+00,1.242547241417009118e-01,1.262810393024009548e+00,1.108764973110376584e+00,1.187864333787369553e-01,1.298896096660367316e+00,9.876883405951377704e-01,2.028698429353794630e-01,4.958929985423897180e-01,-6.209238420858116392e-01,1.007706862625236122e-01,-7.861511879367855116e-02,1.010836531394666976e-01,8.305999999999999148e-03
2.850000000000000089e+00,1.308595678916367522e+00,1.090479353281842645e+00,9.855691897013629799e-02,1.307201016162693241e+00,1.081435934558510059e+00,1.047874458311226498e-01,1.322623730647303875e+00,9.921147013144778759e-01,1.655368238699046479e-01,4.773837068694652408e-01,-7.264856286091320170e-01,9.933157915521872994e-02,-6.697990489976834994e-02,9.935990636079838900e-02,8.275000000000001105e-03
2.900000000000000355e+00,1.330688404575210537e+00,1.092288659816314400e+00,6.487042633979678286e-02,1.343282539916589968e+00,1.094100032067911510e+00,7.861088759468248810e-02,1.346025027019546627e+00,9.955619646030799963e-01,1.265413517787048470e-01,4.591686042664194223e-01,-7.774247960315323613e-01,9.788884133784747643e-02,-6.167092543890806411e-02,9.793500678957477168e-02,8.236000000000000265e-03
2.950000000000000178e+00,1.352572771139303631e+00,1.093294204066092679e+00,2.696110999195822089e-02,1.361865504023006990e+00,1.081593737686444623e+00,2.748189659600974721e-02,1.369094211857377452e+00,9.980267284282715590e-01,8.591347505124025119e-02,4.589448390527000043e-01,-7.191733951948583448e-01,9.633377014680567785e-02,-5.895236505928203030e-02,9.668945091272194980e-02,8.316000000000002210e-03
3.000000000000000000e+00,1.373554688130367074e+00,1.093536935708882885e+00,-3.824919406478333173e-03,1.366511898706036732e+00,1.110477586176539910e+00,-1.745663514423378970e-02,1.369094211857377452e+00,9.980267284282715590e-01,8.591347505124025119e-02,4.508785825663147451e-01,-5.691733951948583226e-01,9.477519387616128999e-02,-8.973839445771858436e-02,9.561430616475362354e-02,8.064999999999999253e-03
3.050000000000000266e+00,1.394624346741242471e+00,1.093154189188573433e+00,-3.250262003951887024e-02,1.383073458815056389e+00,1.097020965575040030e+00,-3.334076901220539568e-02,1.391825593184628840e+00,9.995065603657316000e-01,4.370663352722470307e-02,4.543197674491822324e-01,-7.191733951948583448e-01,9.343591178711374567e-02,-7.620925356674357332e-02,9.368944127067582728e-02,8.195000000000000895e-03
3.100000000000000089e+00,1.415670198326972606e+00,1.092164036616155354e+00,-6.152284464301427391e-02,1.407548294342188422e+00,1.087289814162213597e+00,-5.703758166533345886e-02,1.414213562373094923e+00,1.000000000000000000e+00,0.000000000000000000e+00,4.495462918826979015e-01,-8.432492932379155315e-01,9.216403661615535370e-02,-6.152284464301427391e-02,9.217554683150055994e-02,8.516000000000001000e-03
3.150000000000000355e+00,1.436443019056884651e+00,1.090478127462104707e+00,-1.004409184502281782e-01,1.457730096767638539e+00,1.100557737826638460e+00,-1.158117237407996214e-01,1.457937254842823105e+00,9.980267284282715590e-01,-9.145845919515815936e-02,4.403864636417740841e-01,-9.932492932379155537e-01,9.010191644354106910e-02,-8.982459255070018855e-03,9.491713941820287270e-02,8.394999999999999685e-03
3.200000000000000178e+00,1.457619349266757958e+00,1.087815243356717199e+00,-1.497421922025692353e-01,1.449734988879874953e+00,1.081263637097666708e+00,-1.371577633041356492e-01,1.457937254842823105e+00,9.980267284282715590e-01,-9.145845919515815936e-02,4.456432043079872063e-01,-8.432492932379155315e-01,8.938421723950723541e-02,-5.828373300741107599e-02,8.978907771556070283e-02,8.155000000000000790e-03
3.250000000000000000e+00,1.478289883864437160e+00,1.084250424439517468e+00,-1.918159577654092729e-01,1.495520346212552143e+00,1.084718074368120844e+00,-1.980705127790987063e-01,1.479262189957219364e+00,9.955619646030799963e-01,-1.389137044922978959e-01,4.228342069085355703e-01,-8.404133244354831112e-01,8.769949097337884081e-02,-5.290225327311137704e-02,8.869378945167155637e-02,8.234999999999999265e-03
3.300000000000000266e+00,1.497414285810667822e+00,1.080176539504597910e+00,-2.279502728149069846e-01,1.504598187929816255e+00,1.084264899311903729e+00,-2.123803094198524199e-01,1.479262189957219364e+00,9.955619646030799963e-01,-1.389137044922978959e-01,4.142815298758544817e-01,-8.019685336368178596e-01,8.631295533536857689e-02,-8.903656832260908871e-02,8.653973000672793292e-02,8.245000000000000592e-03
3.350000000000000089e+00,1.516171108135544232e+00,1.075457832966010940e+00,-2.649665435574752870e-01,1.531998655711092505e+00,1.069756483384375789e+00,-2.582177181515881159e-01,1.520811931200061640e+00,9.876883405951377704e-01,-2.363421338615432354e-01,4.271169203675406201e-01,-9.519685336368178818e-01,8.424294512863936268e-02,-2.862440969593205153e-02,8.789209879026055328e-02,1.275399999999999971e-02
3.400000000000000355e+00,1.535368736258170941e+00,1.069787185875959334e+00,-3.094641927156160932e-01,1.513132205223959303e+00,1.069724608641729136e+00,-3.215942839930945318e-01,1.520811931200061640e+00,9.876883405951377704e-01,-2.363421338615432354e-01,4.421941154800255180e-01,-8.019685336368178596e-01,8.322502319963671902e-02,-7.312205885407285777e-02,8.337937976468806633e-02,8.436000000000000790e-03
3.450000000000000178e+00,1.554434646070103287e+00,1.063278016052503716e+00,-3.485280178605392187e-01,1.551043505112995824e+00,1.077024237404672569e+00,-3.364235908199884051e-01,1.520811931200061640e+00,9.876883405951377704e-01,-2.363421338615432354e-01,4.099847978422774264e-01,-7.597482091554560446e-01,8.136104708339569891e-02,-1.121858839989959833e-01,8.273019999360591015e-02,8.236000000000000265e-03
3.500000000000000000e+00,1.572668483218323310e+00,1.056251652289992071e+00,-3.870948973267847038e-01,1.567940576199708502e+00,1.049654110950219765e+00,-3.772494544406739259e-01,1.541026485551578507e+00,9.822872507286887211e-01,-2.858789635025540399e-01,4.095475242113978953e-01,-8.158080949682791072e-01,7.988556405489641299e-02,-1.012159338242306639e-01,8.044842269842222837e-02,8.255999999999999450e-03
3.550000000000000266e+00,1.590601219212918860e+00,1.048530515181882672e+00,-4.260479762412252569e-01,1.601971269006160936e+00,1.067878027354902670e+00,-4.252496101591489719e-01,1.560860814676659380e+00,9.759167619387474346e-01,-3.356505649802192792e-01,4.067105565515709564e-01,-8.339973367147699435e-01,7.835763018223296239e-02,-9.039741126100597768e-02,7.846813889748689708e-02,8.146000000000000463e-03
3.600000000000000089e+00,1.607854913583147694e+00,1.040315512596460712e+00,-4.626919485725595749e-01,1.606332142512379324e+00,1.047019368428108610e+00,-4.728085502507486382e-01,1.580310024751380826e+00,9.685831611286310761e-01,-3.854144357899738083e-01,4.188210431520267285e-01,-8.211998657449069983e-01,7.682557414253121664e-02,-7.727751278258576662e-02,7.683912511122595324e-02,8.226000000000000673e-03
3.650000000000000355e+00,1.625055813166882190e+00,1.031327962486322969e+00,-5.002856893194040921e-01,1.629344064025719963e+00,1.049103228800718490e+00,-4.850996119345438728e-01,1.599369316974181165e+00,9.602936856769430651e-01,-4.349307235386512538e-01,4.246551163167731624e-01,-9.711998657449070205e-01,7.524387411889206512e-02,-6.535496578075283836e-02,7.553584955826771197e-02,8.095000000000001500e-03
3.700000000000000178e+00,1.642816875407790089e+00,1.021061983075486568e+00,-5.478933952355617976e-01,1.650892076946367526e+00,1.016545838454635975e+00,-5.240117259079752898e-01,1.618033988749894903e+00,9.510565162951536422e-01,-4.839691544534954204e-01,4.181306080206678155e-01,-9.325890317699511156e-01,7.349707540837360775e-02,-6.392424078206637716e-02,7.426275547157118462e-02,8.145000000000001197e-03
3.750000000000000000e+00,1.659145440568840613e+00,1.010634371715512847e+00,-5.887618450878115972e-01,1.647805137424782629e+00,9.916527104351841038e-01,-5.843049383805385411e-01,1.618033988749894903e+00,9.510565162951536422e-01,-4.839691544534954204e-01,4.084014629514812755e-01,-7.825890317699510934e-01,7.186464085095313481e-02,-1.047926906343161768e-01,7.238558093398655968e-02,8.025000000000000883e-03
3.800000000000000266e+00,1.675169322762024349e+00,9.994965002653269925e-01,-6.260700585959528830e-01,1.656189206437541639e+00,1.012842222445282658e+00,-6.350335326836109573e-01,1.618033988749894903e+00,9.510565162951536422e-01,-4.839691544534954204e-01,4.079427083192898040e-01,-6.325890317699510712e-01,6.946174816371938898e-02,-1.421009041424574626e-01,7.490579710348356512e-02,8.165000000000000382e-03
3.850000000000000089e+00,1.691053248862554925e+00,9.876506220550321791e-01,-6.555166797627394182e-01,1.697124579404163169e+00,9.911071533605252393e-01,-6.467418490327845326e-01,1.654161148549123661e+00,9.297764858882513472e-01,-5.797757117532911231e-01,4.190807546580072596e-01,-7.825890317699510934e-01,6.862749796167424976e-02,-7.574096800944829511e-02,6.863266498240734592e-02,8.195000000000000895e-03
3.900000000000000355e+00,1.706038159151640254e+00,9.757149225356941402e-01,-6.897074593893477434e-01,1.700872937465262913e+00,9.516581875728697959e-01,-6.884155860119123282e-01,1.671614722736540548e+00,9.177546256839811400e-01,-6.261818627476221089e-01,4.214399726278423297e-01,-7.792078973916524154e-01,6.713758824866669639e-02,-6.352559664172563458e-02,6.741193503945057397e-02,8.265000000000001512e-03
3.950000000000000178e+00,1.720958743520276668e+00,9.629472073383035235e-01,-7.258936131082562859e-01,1.691748728734686846e+00,9.814790697123417784e-01,-7.184396346679298162e-01,1.671614722736540548e+00,9.177546256839811400e-01,-6.261818627476221089e-01,4.428364448103739304e-01,-6.488858240538613043e-01,6.553656598244736453e-02,-9.971175036063417707e-02,6.691189598037390607e-02,8.145000000000001197e-03
4.000000000000000000e+00,1.736452284435358040e+00,9.487615186920862476e-01,-7.568271989876000916e-01,1.707648562572438689e+00,9.536083457078090575e-01,-7.609491257489779947e-01,1.671614722736540548e+00,9.177546256839811400e-01,-6.261818627476221089e-01,4.144915003895443539e-01,-5.004277826495173720e-01,6.312238511005609232e-02,-1.306453362399779827e-01,7.187027773053365765e-02,8.255999999999999450e-03
4.049999999999999822e+00,1.750396743191763971e+00,9.352213537693064849e-01,-7.845516118951638695e-01,1.773569853845620381e+00,9.460794923751455476e-01,-7.848048907796427720e-01,1.721484054007887066e+00,8.763066800438636950e-01,-7.578022734857023934e-01,4.492731451145398069e-01,-6.504277826495173942e-01,6.266504016744525729e-02,-2.674933840946147612e-02,6.562684188667661234e-02,8.064999999999999253e-03
4.100000000000000533e+00,1.765400313485636641e+00,9.197407306585583253e-01,-8.175405325929432365e-01,1.772448271704026412e+00,9.181159250020011209e-01,-8.179637037698714863e-01,1.721484054007887066e+00,8.763066800438636950e-01,-7.578022734857023934e-01,4.320721494717312816e-01,-6.483317892032376406e-01,6.173307140743129751e-02,-5.973825910724084309e-02,6.176693775246498708e-02,8.025000000000000883e-03
4.150000000000000355e+00,1.779183899023171200e+00,9.046094875869852281e-01,-8.464040530233667425e-01,1.791493659624059154e+00,9.197159117995543642e-01,-8.515662496453053620e-01,1.737263028876382398e+00,8.607420270039436438e-01,-7.988575718927242164e-01,4.496499518671442375e-01,-7.344434029803200703e-01,6.063749029308762584e-02,-4.754648113064252613e-02,6.067712461767314075e-02,8.095000000000001500e-03
4.200000000000000178e+00,1.792773465311407133e+00,8.886466394787483347e-01,-8.846634067434564486e-01,1.809892299683935057e+00,8.538473593138948825e-01,-8.858889393136282209e-01,1.767531260177386931e+00,8.270805742745617195e-01,-8.764942210668400513e-01,4.535771172729802236e-01,-8.305055595314742023e-01,5.879164712005524596e-02,-8.169185676616397274e-03,6.653983246713289501e-02,8.236000000000000265e-03
4.250000000000000000e+00,1.806288968285913565e+00,8.714472227536071980e-01,-9.248703103002471337e-01,1.795941079678377239e+00,8.720909429685842484e-01,-9.264531308513097585e-01,1.767531260177386931e+00,8.270805742745617195e-01,-8.764942210668400513e-01,4.736763008571133193e-01,-6.805055595314741801e-01,5.817328292778256582e-02,-4.837608923340708245e-02,5.891145419261809013e-02,8.236000000000000265e-03
4.299999999999999822e+00,1.819815230967739561e+00,8.528665860370843177e-01,-9.582097634892874360e-01,1.788912507477522507e+00,8.515111194210683854e-01,-9.549889840511562866e-01,1.767531260177386931e+00,8.270805742745617195e-01,-8.764942210668400513e-01,4.626482522765591465e-01,-5.305055595314741579e-01,5.667941498127543332e-02,-8.171554242244738475e-02,5.829692962947020246e-02,8.285000000000000697e-03
4.350000000000000533e+00,1.831801793797521283e+00,8.353582283560421207e-01,-9.827254588612661657e-01,1.833278978970781070e+00,8.293003584953257956e-01,-9.570426662285966835e-01,1.796055151521231297e+00,7.901550123756903021e-01,-9.481711696544556922e-01,4.830437119535861967e-01,-6.805055595314741801e-01,5.539994377361082828e-02,-3.455428920681047344e-02,5.762944706480686158e-02,8.125000000000000278e-03
4.400000000000000355e+00,1.844445180216162994e+00,8.157173769566924415e-01,-1.014958848097558430e+00,1.837520113133099375e+00,8.186358044614092666e-01,-9.987582106855974473e-01,1.796055151521231297e+00,7.901550123756903021e-01,-9.481711696544556922e-01,4.724330349480812541e-01,-5.305055595314741579e-01,5.421685338824494549e-02,-6.678767844310273816e-02,5.472686141254937131e-02,8.174999999999999975e-03
4.450000000000000178e+00,1.856220861015275947e+00,7.962480324821473721e-01,-1.038704200383988585e+00,1.867219127720186389e+00,7.894720472066001360e-01,-1.051532468341284332e+00,1.822806553270890584e+00,7.501110696304593706e-01,-1.014107414023698084e+00,4.979439704293337488e-01,-5.946598764935345782e-01,5.274681104845317658e-02,-2.459678636029050125e-02,5.696608906370991682e-02,8.316000000000002210e-03
4.500000000000000000e+00,1.867944322409571534e+00,7.756327396544882014e-01,-1.068748307573363476e+00,1.841429667648678326e+00,7.977497602634791019e-01,-1.070783453159576126e+00,1.822806553270890584e+00,7.501110696304593706e-01,-1.014107414023698084e+00,5.160899137423599070e-01,-4.606920510019277271e-01,5.180747213652224514e-02,-5.464089354966539247e-02,5.185338796676906142e-02,8.236000000000000265e-03
4.549999999999999822e+00,1.879228747255936582e+00,7.545010831189525868e-01,-1.091883062385188286e+00,1.867968786317814711e+00,7.553797883041610817e-01,-1.092947673380431084e+00,1.835509251367962280e+00,7.289686274214114414e-01,-1.045038124374674471e+00,5.025196417764420387e-01,-5.141685236644724100e-01,5.062884807606569948e-02,-4.684493801051381467e-02,5.062904911851992540e-02,8.165000000000000382e-03
4.600000000000000533e+00,1.889471229778387773e+00,7.341149402834319382e-01,-1.118540119167465541e+00,1.872944840377813946e+00,7.330294277845638140e-01,-1.093187890953851493e+00,1.847759065022573477e+00,7.071067811865475727e-01,-1.074685819931865183e+00,5.147525347381178840e-01,-5.999034111427832272e-01,4.953948810374716322e-02,-4.385429923560035803e-02,4.969250795058359482e-02,8.295999999999999555e-03
4.650000000000000355e+00,1.899664431980783386e+00,7.122390525481683277e-01,-1.150965606507110550e+00,1.900823285654706041e+00,7.276623171756946284e-01,-1.144249149152698930e+00,1.847759065022573477e+00,7.071067811865475727e-01,-1.074685819931865183e+00,4.974259602602955632e-01,-4.499034111427832050e-01,4.809069436057217956e-02,-7.627978657524536743e-02,5.215848280381381319e-02,8.095000000000001500e-03
4.700000000000000178e+00,1.909035065717620494e+00,6.906921466575154378e-01,-1.170183944355581707e+00,1.906797228303299008e+00,7.009484750878725023e-01,-1.174820142007433121e+00,1.859552971776502694e+00,6.845471059286888371e-01,-1.103112110178118499e+00,5.057311850177648171e-01,-3.917261634365568068e-01,4.693875328468002928e-02,-6.707183417746342968e-02,4.986220157951857385e-02,8.236000000000000265e-03
4.750000000000000000e+00,1.918346131582544078e+00,6.681087428785947857e-01,-1.189284822846682133e+00,1.939547115651354181e+00,6.920424818117526522e-01,-1.197917848228874371e+00,1.870888061659734758e+00,6.613118653236518263e-01,-1.130380882521655472e+00,5.184296074939780397e-01,-4.226839470186053438e-01,4.582697899893475174e-02,-5.890394032502666022e-02,4.794231893948337070e-02,8.135000000000001605e-03
4.800000000000000711e+00,1.927049531682322847e+00,6.457094104674592216e-01,-1.211103239209907922e+00,1.931433080826231219e+00,6.466994984367133714e-01,-1.203697935917654505e+00,1.881761537908451132e+00,6.374239897486895234e-01,-1.156557088678024758e+00,5.178312663635056268e-01,-4.578236673818983360e-01,4.479249053222084803e-02,-5.454615053188316409e-02,4.603966308031870458e-02,8.064999999999999253e-03
4.850000000000000533e+00,1.935561441691346474e+00,6.222670335592110913e-01,-1.233896300549557568e+00,1.947036883227215132e+00,6.252863689692699234e-01,-1.228348926524840179e+00,1.892170717655090595e+00,6.129070536529763746e-01,-1.181705781771627883e+00,5.274805725957887326e-01,-4.074555210655205761e-01,4.369814132227928943e-02,-5.219051877792946215e-02,4.438878412657448758e-02,8.226000000000000673e-03
4.900000000000000355e+00,1.943665337535061211e+00,5.984866333896695645e-01,-1.250820486934914211e+00,1.950023052087385578e+00,6.179682349321196089e-01,-1.244621333342070368e+00,1.902113032590307062e+00,5.877852522924732481e-01,-1.205891371747593865e+00,5.536394816359844206e-01,-4.250858378861312459e-01,4.263530522433051084e-02,-4.492911518732034537e-02,4.290819972463620624e-02,1.318500000000000227e-02
4.950000000000000178e+00,1.951639185890484463e+00,5.737273146526999934e-01,-1.267641302760627919e+00,1.947899089279883089e+00,5.669199205229706884e-01,-1.273701748666065559e+00,1.911586029596660241e+00,5.620833778521308055e-01,-1.229177066822546571e+00,5.440570479166901841e-01,-3.420657792029493938e-01,4.163949442560630626e-02,-3.846423593808134811e-02,4.171134849550132279e-02,8.095000000000001500e-03
5.000000000000000000e+00,1.959064321636531103e+00,5.492008862787364221e-01,-1.286013677989298998e+00,1.967367290517650691e+00,5.618926198582629983e-01,-1.264372416448195535e+00,1.920587371353886352e+00,5.358267949789962126e-01,-1.251624470568528880e+00,5.676513473892705886e-01,-4.920657792029494160e-01,4.073022199342814925e-02,-3.438920742077034021e-02,4.073502204672169863e-02,8.105000000000001092e-03
5.050000000000000711e+00,1.966200974039749028e+00,5.237148390298704825e-01,-1.309520879045030561e+00,1.968927271257956413e+00,4.995306111461438880e-01,-1.322217005838963511e+00,1.937166322257262152e+00,4.817536741017152124e-01,-1.294241249945474737e+00,5.796162766526107291e-01,-3.420657792029493938e-01,3.938859902865703838e-02,-1.527962909955604687e-02,5.102695725063484400e-02,8.255000000000000185e-03
5.100000000000000533e+00,1.973038432932290753e+00,4.973937903807656435e-01,-1.323763701248676705e+00,1.972301647342320496e+00,4.760552382160398444e-01,-1.320290111474860639e+00,1.944739840795353114e+00,4.539904997395468600e-01,-1.314523834253633616e+00,5.915538257593450089e-01,-4.384840061485255625e-01,3.837611977056473722e-02,-9.239866995042866904e-03,5.181366572072332310e-02,8.215000000000000080e-03
5.150000000000000355e+00,1.979559747672301029e+00,4.703019264629008656e-01,-1.345394299505838553e+00,1.982467909828850017e+00,4.459499136605833969e-01,-1.332149889779361551e+00,1.951833523877494647e+00,4.257792915650728816e-01,-1.334194433894803744e+00,5.959001603969684702e-01,-4.216156039368977870e-01,3.738990419294732637e-02,-1.119986561103480938e-02,5.245005723700382760e-02,8.184999999999999568e-03
5.200000000000000178e+00,1.985648894738960335e+00,4.423224734484866860e-01,-1.367622614382580259e+00,1.978737371830757708e+00,4.578345053484923488e-01,-1.366302313054857276e+00,1.951833523877494647e+00,4.257792915650728816e-01,-1.334194433894803744e+00,6.067851472890892772e-01,-2.716156039368977648e-01,3.675100908378327313e-02,-3.342818048777651541e-02,3.764513478958699672e-02,8.095000000000001500e-03
5.250000000000000000e+00,1.991158362144007210e+00,4.148170475297591198e-01,-1.378592900178323699e+00,1.990833802682618892e+00,4.027581213005408944e-01,-1.384216448779721276e+00,1.958445621243531498e+00,3.971478906347806204e-01,-1.353304289689402307e+00,5.888158492992185966e-01,-3.099936183908073573e-01,3.575475990445996233e-02,-2.528861048892139252e-02,3.717959820386743802e-02,8.064999999999999253e-03
5.300000000000000711e+00,1.996222521827074825e+00,3.877146459363993158e-01,-1.393554434926742358e+00,1.986619593615313262e+00,4.088757373880535506e-01,-1.389900227794029552e+00,1.958445621243531498e+00,3.971478906347806204e-01,-1.353304289689402307e+00,5.948971504425311085e-01,-2.776798673262120820e-01,3.485142172141114658e-02,-4.025014523733982941e-02,3.893687613610592735e-02,8.285999999999999963e-03
5.350000000000000533e+00,2.000889261691260579e+00,3.602096057131473628e-01,-1.411902250194042585e+00,1.975659324536119366e+00,3.661777246442337597e-01,-1.418395837420907801e+00,1.964574501457377442e+00,3.681245526846777527e-01,-1.371902576303441368e+00,5.915137044181137949e-01,-2.082989871267875714e-01,3.403496730132269527e-02,-3.999967389060099521e-02,3.716730009573682159e-02,8.224999999999999672e-03
5.400000000000000355e+00,2.005038404521302997e+00,3.336407198107566030e-01,-1.419861932339034682e+00,1.987602052440806677e+00,3.487730204782343857e-01,-1.444040331536847965e+00,1.970218652309547958e+00,3.387379202452913129e-01,-1.390036498327183789e+00,6.060610999251389019e-01,-1.957521868838774104e-01,3.333608733670482410e-02,-2.982543401185111520e-02,3.519085955696224510e-02,8.045000000000000068e-03
5.450000000000000178e+00,2.009172212398405488e+00,3.057819181086783855e-01,-1.427111930118330818e+00,1.995568112026067098e+00,3.205578596999868468e-01,-1.417760316282031807e+00,1.975376681190275541e+00,3.090169943749475068e-01,-1.407751407822099621e+00,6.127674148862889414e-01,-3.457521868838774326e-01,3.282219236669461221e-02,-1.936052229623097531e-02,3.395001690851218168e-02,8.165000000000000382e-03
5.500000000000000000e+00,2.013038273863553940e+00,2.774276347072111570e-01,-1.443455191894733369e+00,2.019153378841696433e+00,2.721793145474884490e-01,-1.436679588319055068e+00,1.980047315433115074e+00,2.789911060392295528e-01,-1.425090937290525384e+00,5.985153180338920187e-01,-3.283739438369130959e-01,3.241437653586814321e-02,-1.836425460420798572e-02,3.302798481235252187e-02,8.295000000000000290e-03
5.550000000000000711e+00,2.016653418431543443e+00,2.476134871438571694e-01,-1.456803618869189965e+00,2.023668008151255915e+00,2.534964793966428820e-01,-1.464778671562279033e+00,1.984229402628955752e+00,2.486898871648543785e-01,-1.442097143385252966e+00,6.131297192349138836e-01,-2.772133160589459466e-01,3.201770928575211478e-02,-1.470647548393699822e-02,3.244187783978694228e-02,8.054999999999999660e-03
5.600000000000000533e+00,2.019670020934625665e+00,2.189744355906397821e-01,-1.474899402492844791e+00,2.011995746606697111e+00,2.099372799447068449e-01,-1.486503853981146817e+00,1.987921910910359413e+00,2.181432413965423145e-01,-1.458810657793825349e+00,6.069532791584708598e-01,-2.483777458716812658e-01,3.164213219712955216e-02,-1.608874469901966364e-02,3.175898886773973612e-02,8.196000000000000160e-03
5.650000000000000355e+00,2.022364600373191657e+00,1.901221231720624516e-01,-1.480449180299703293e+00,2.019538338024014834e+00,1.794011275075387546e-01,-1.482174157449442919e+00,1.991123929206159993e+00,1.873813145857245732e-01,-1.475270842638946034e+00,6.103106557224386997e-01,-3.556382888388425756e-01,3.135966117951356769e-02,-5.178337660757037497e-03,3.136066910436616922e-02,8.184999999999999568e-03
5.700000000000000178e+00,2.024739739347595435e+00,1.616523298202182379e-01,-1.494675700397075646e+00,2.020600473596569913e+00,1.336120553037698777e-01,-1.501253115292620732e+00,1.996053456856543118e+00,1.253332335643040918e-01,-1.507583273474969898e+00,6.305367889913445767e-01,-3.646846873306512915e-01,3.092330024274460992e-02,1.290757307789425212e-02,4.628152499651250196e-02,8.195000000000000895e-03
5.750000000000000000e+00,2.026720565495612636e+00,1.317049442354423783e-01,-1.514822282170593226e+00,2.023181982574046245e+00,1.250885040005136339e-01,-1.512948659482405533e+00,1.996053456856543118e+00,1.253332335643040918e-01,-1.507583273474969898e+00,6.227376688902754864e-01,-2.871967034924243212e-01,3.100836494006087296e-02,-7.239008695623105893e-03,3.132204094814368400e-02,8.265000000000001512e-03
5.800000000000000711e+00,2.028201493082202767e+00,1.016881668444205161e-01,-1.528176992069780082e+00,1.989323369156050791e+00,1.005336446262321826e-01,-1.528278837969339499e+00,1.997779749923940029e+00,9.410831331851435277e-02,-1.523509323095280088e+00,6.322560064632349874e-01,-2.624513276933777006e-01,3.074603206182537768e-02,-4.667668974500216450e-03,3.135182030220091953e-02,8.346000000000000987e-03
5.850000000000000533e+00,2.029309013664028605e+00,7.174990248732719678e-02,-1.539462424778949456e+00,2.044842031829479545e+00,6.039499250059237462e-02,-1.518165167438660923e+00,1.999013120731463200e+00,6.279051952931313796e-02,-1.539329969395177633e+00,6.236930189791425327e-01,-4.124513276933777228e-01,3.056276833455971384e-02,-1.324553837718234206e-04,3.159290539931108172e-02,8.095000000000001500e-03
5.900000000000000355e+00,2.029965269811734974e+00,4.202726533390177543e-02,-1.557978726742007547e+00,2.023845907047487458e+00,4.069527916373110593e-02,-1.553608027617310983e+00,1.999753264963321175e+00,3.141075907812823642e-02,-1.555080610045283418e+00,6.359963439687963405e-01,-2.800943415735515640e-01,3.037511312526133475e-02,-2.898116696724351016e-03,3.202304548351792013e-02,8.205000000000000487e-03
5.950000000000000178e+00,2.030207161141641237e+00,1.297879036486150953e-02,-1.566959989637531914e+00,2.040643759706205262e+00,2.651224448972229475e-02,-1.561891189268792113e+00,1.999753264963321175e+00,3.141075907812823642e-02,-1.555080610045283418e+00,6.229817243591652121e-01,-3.042454716726604724e-01,3.016047577138632543e-02,-1.187937959224871776e-02,3.559743337779763123e-02,8.174999999999999975e-03
6.000000000000000000e+00,2.030186311063414184e+00,-1.561969998984158794e-02,-1.576090788089217876e+00,2.020577847535324878e+00,-3.412833098160233947e-02,-1.579558463814763281e+00,1.999753264963321175e+00,-3.141075907812888174e-02,-1.586512043544509476e+00,6.258165834411409945e-01,-3.566012168517075920e-01,3.018113034710996623e-02,1.042125545529160036e-02,3.428597150526972032e-02,8.064999999999999253e-03
6.050000000000000711e+00,2.029680333877355025e+00,-4.572943266512448368e-02,-1.599107581770920827e+00,2.018962336570187865e+00,-3.628431144090837890e-02,-1.595021332313224738e+00,1.999753264963321175e+00,-3.141075907812888174e-02,-1.586512043544509476e+00,6.238460383495550987e-01,-2.557248229286726571e-01,3.014839219558688305e-02,-1.259553822641112930e-02,3.317610385618324081e-02,8.166000000000001383e-03
6.100000000000000533e+00,2.028580724390153023e+00,-7.478617258106239063e-02,-1.618136023176308669e+00,2.016808803571049413e+00,-8.775099738829147955e-02,-1.623274409295339282e+00,1.997779749923940029e+00,-9.410831331851454706e-02,-1.618083330494513472e+00,6.326433338432984055e-01,-3.038222483829041698e-01,2.985319878901938201e-02,-5.269268179519670525e-05,3.635993881659061594e-02,8.275000000000001105e-03
6.150000000000000355e+00,2.027000000511976374e+00,-1.046756529117565532e-01,-1.629129437403709524e+00,2.038830995794550294e+00,-1.028392868337676264e-01,-1.631513948969366190e+00,1.997779749923940029e+00,-9.410831331851454706e-02,-1.618083330494513472e+00,6.199678968305548654e-01,-2.905138700617128644e-01,2.968709916930740642e-02,-1.104610690919605176e-02,3.107236248672666512e-02,8.234999999999999265e-03
6.200000000000000178e+00,2.025036545401854404e+00,-1.341642431056179474e-01,-1.645434051149683219e+00,2.020757171706530020e+00,-1.648340049009720532e-01,-1.641914780740645341e+00,1.993834667466255928e+00,-1.564344650402307302e-01,-1.650076705123156628e+00,6.167983072403767641e-01,-3.926127301200837971e-01,2.934012884805083446e-02,4.642653973473187534e-03,3.833431845911565439e-02,8.234999999999999265e-03
6.250000000000000000e+00,2.022540125259211674e+00,-1.635727428983194676e-01,-1.665527976322231263e+00,2.009039310264736589e+00,-1.691788420524045211e-01,-1.671319412780037261e+00,1.993834667466255928e+00,-1.564344650402307302e-01,-1.650076705123156628e+00,6.119453147990888686e-01,-2.426127301200837749e-01,2.918062541556913983e-02,-1.545127119907441227e-02,2.957969435072721823e-02,8.206000000000001487e-03
6.300000000000000711e+00,2.019623097897354835e+00,-1.925233396329910085e-01,-1.676904441677133040e+00,2.009065842344151864e+00,-1.778030094601724398e-01,-1.671920459269854886e+00,1.991123929206159993e+00,-1.873813145857247675e-01,-1.666321810950852189e+00,6.300256393288529155e-01,-3.342061666482061821e-01,2.885968613678019726e-02,-1.058263072628085055e-02,2.895933420636416858e-02,8.215000000000000080e-03
6.350000000000000533e+00,2.016313280847894962e+00,-2.212719185786973519e-01,-1.693938398102827314e+00,2.007702084262013020e+00,-2.152900297205614655e-01,-1.700870331548735681e+00,1.987921910910359413e+00,-2.181432413965429529e-01,-1.682781995795967767e+00,6.213905073077048424e-01,-2.532076985047304607e-01,2.856316595596501695e-02,-1.115640230685954748e-02,2.856323699863394169e-02,9.117000000000000104e-03
6.400000000000000355e+00,2.012498620002664218e+00,-2.501377647517353253e-01,-1.710434307482633809e+00,1.999027979721108350e+00,-2.135872006912219179e-01,-1.682361274491873893e+00,1.987921910910359413e+00,-2.181432413965429529e-01,-1.682781995795967767e+00,6.221419140340884724e-01,-3.513726010273480194e-01,2.799820840615153614e-02,-2.765231168666604233e-02,4.034431997857601537e-02,8.425000000000000197e-03
6.450000000000000178e+00,2.007993896012647550e+00,-2.796705106880191805e-01,-1.733891288264893138e+00,1.994802100715846516e+00,-2.716626857971807807e-01,-1.732019426708853782e+00,1.980047315433115074e+00,-2.789911060392292752e-01,-1.716501716299274394e+00,6.181122599656853067e-01,-2.565522723925250936e-01,2.774909426077636077e-02,-1.738957196561852214e-02,2.795483780609537075e-02,8.195000000000000895e-03
6.500000000000000000e+00,2.002838866356370318e+00,-3.093160980570318075e-01,-1.752035540631206700e+00,2.022187003410693240e+00,-3.059868553104367339e-01,-1.729667469641219313e+00,1.975376681190275541e+00,-3.090169943749468962e-01,-1.733841245767686834e+00,6.150227638805804142e-01,-4.065522723925251158e-01,2.714652214034234470e-02,-1.819429486351964442e-02,2.746381395781570534e-02,9.949000000000001245e-03
6.550000000000000711e+00,1.997342769657994177e+00,-3.373711346458959093e-01,-1.776465333871188879e+00,1.996842606684794408e+00,-3.573294317987447677e-01,-1.770035796007835227e+00,1.970218652309547736e+00,-3.387379202452919236e-01,-1.751556155262608883e+00,5.886106527799856991e-01,-2.712661102965102100e-01,2.643647761505844851e-02,-2.490917860857999599e-02,2.715853171301809560e-02,8.475999999999999160e-03
6.600000000000000533e+00,1.991720893789732605e+00,-3.637049263193028459e-01,-1.785783074748583665e+00,1.995016641019192960e+00,-3.621497730420562000e-01,-1.812066597227856457e+00,1.964574501457377442e+00,-3.681245526846779192e-01,-1.769690077286353080e+00,6.059961549327923525e-01,-2.138363339820016917e-01,2.573796980355297706e-02,-1.609299746223058492e-02,2.750381271517950144e-02,8.255999999999999450e-03
6.650000000000000355e+00,1.985841357597356138e+00,-3.900451843650238337e-01,-1.795038863971808896e+00,2.008319598833584685e+00,-3.835784730152000943e-01,-1.793815765666475714e+00,1.964574501457377442e+00,-3.681245526846779192e-01,-1.769690077286353080e+00,5.898176729369052351e-01,-3.638363339820017139e-01,2.517878440570176304e-02,-2.534878668545559322e-02,3.054166438398429190e-02,8.316000000000002210e-03
6.700000000000000178e+00,1.979488381545308595e+00,-4.166272981189704239e-01,-1.815741633835100233e+00,1.991889887044846708e+00,-4.339890067310934185e-01,-1.821293321875551152e+00,1.951833523877494869e+00,-4.257792915650726595e-01,-1.807398219694988484e+00,5.859271944985597891e-01,-3.914532019919962913e-01,2.473916391823655775e-02,-8.343414140111526933e-03,2.912988391093472920e-02,8.434999999999999790e-03
6.750000000000000000e+00,1.972580985702911516e+00,-4.433168718372101358e-01,-1.832347870231997966e+00,1.983162902992093191e+00,-4.130061611263157739e-01,-1.808263543419423636e+00,1.951833523877494869e+00,-4.257792915650726595e-01,-1.807398219694988484e+00,6.025008116539216640e-01,-4.136852311955165895e-01,2.428025816093804662e-02,-2.494965053700948232e-02,2.716659518597769676e-02,8.115000000000000685e-03
6.800000000000000711e+00,1.965039261458834119e+00,-4.706060375696050069e-01,-1.848511242598042115e+00,1.979854448077825735e+00,-4.888735314345539207e-01,-1.854301655124159121e+00,1.937166322257262152e+00,-4.817536741017157675e-01,-1.847351403644325707e+00,5.765657275179015828e-01,-4.029106134680426887e-01,2.377002956163003569e-02,-1.159838953716629817e-03,3.001950266054682209e-02,8.115000000000000685e-03
6.850000000000000533e+00,1.957251026477934808e+00,-4.969205303300919252e-01,-1.868587754255543576e+00,1.962256498001168303e+00,-4.805745565884070314e-01,-1.864700087217436852e+00,1.937166322257262152e+00,-4.817536741017157675e-01,-1.847351403644325707e+00,5.793541978685976535e-01,-3.430122813278285721e-01,2.346272852888398042e-02,-2.123635061121786904e-02,2.516801286323850154e-02,8.205000000000000487e-03
6.900000000000000355e+00,1.948853690643091996e+00,-5.232947991606827776e-01,-1.889490754490828373e+00,1.961095224094839162e+00,-5.105066374040397870e-01,-1.897450580364639094e+00,1.929114836915596154e+00,-5.090414157503712067e-01,-1.868299346513841330e+00,5.725121821504549624e-01,-3.318505731474685194e-01,2.304990276910163713e-02,-2.119140797698726431e-02,2.434710013773348086e-02,8.045000000000000068e-03
6.950000000000000178e+00,1.940164537423121782e+00,-5.489738005782909269e-01,-1.904665716288165722e+00,1.953431258417199778e+00,-5.768851118125717381e-01,-1.910239298258885832e+00,1.911586029596660463e+00,-5.620833778521302504e-01,-1.912415586767242104e+00,5.515148137410749163e-01,-4.818505731474685416e-01,2.253517212795062841e-02,7.749870479076381713e-03,3.144188489715390999e-02,8.146000000000000463e-03
7.000000000000000000e+00,1.931576490852749961e+00,-5.729988161805578128e-01,-1.923542056103392017e+00,1.952091120887585962e+00,-5.606095804848532094e-01,-1.946254769192322209e+00,1.911586029596660463e+00,-5.620833778521302504e-01,-1.912415586767242104e+00,5.645978734912032726e-01,-3.318505731474685194e-01,2.249209715065932091e-02,-1.112646933614991340e-02,2.277642059527617766e-02,8.276000000000000370e-03
7.050000000000000711e+00,1.922246318268107323e+00,-5.975491837957381813e-01,-1.944418143646262198e+00,1.896493425486986961e+00,-6.066944513234864278e-01,-1.943158847610876983e+00,1.892170717655090595e+00,-6.129070536529765967e-01,-1.959886871818169674e+00,5.430616069560476600e-01,-4.818505731474685416e-01,2.200161973602583407e-02,1.546872817190747540e-02,3.376989663569559402e-02,8.056000000000000660e-03
7.100000000000000533e+00,1.912853958611365091e+00,-6.206634412398400746e-01,-1.969102684084896859e+00,1.898080069800996084e+00,-6.187561251326023637e-01,-1.959928934346836904e+00,1.892170717655090595e+00,-6.129070536529765967e-01,-1.959886871818169674e+00,5.336342609913804491e-01,-4.351727367292232418e-01,2.207962365827280393e-02,-9.215812266726963742e-03,2.208977149843249430e-02,8.276000000000000370e-03
7.150000000000000355e+00,1.902748476803938216e+00,-6.440323001290202409e-01,-1.988790290647358683e+00,1.895728718750671060e+00,-6.623761221156082568e-01,-1.989018000766666683e+00,1.870888061659734536e+00,-6.613118653236520483e-01,-2.011211771068134979e+00,5.294785041300047457e-01,-5.851727367292232085e-01,2.145358021597956397e-02,2.242148042077651837e-02,3.624457789072089986e-02,8.336000000000001395e-03
7.200000000000000178e+00,1.892492274631456750e+00,-6.663856870700171076e-01,-2.013132699579238238e+00,1.902481271736636170e+00,-6.968886175292945406e-01,-2.035685557404434132e+00,1.859552971776502694e+00,-6.845471059286887261e-01,-2.038480543411675505e+00,5.205434376755683212e-01,-5.414436152502787314e-01,2.121456737787574820e-02,2.534784383243726680e-02,3.761428993787464120e-02,8.025000000000000883e-03
7.250000000000000000e+00,1.881960504537710133e+00,-6.879897058731547776e-01,-2.035641203734690041e+00,1.888250529009603662e+00,-7.105471474812842247e-01,-2.047288194803301931e+00,1.859552971776502694e+00,-6.845471059286887261e-01,-2.038480543411675505e+00,5.037789600897110143e-01,-5.194464946028722885e-01,2.155328701783034220e-02,2.839339676985463967e-03,2.267044372795164880e-02,8.064999999999999253e-03
7.300000000000000711e+00,1.871307911276465452e+00,-7.086630213260689537e-01,-2.057548567807412354e+00,1.880715687790306623e+00,-7.085054894322463381e-01,-2.043628333950306963e+00,1.859552971776502694e+00,-6.845471059286887261e-01,-2.038480543411675505e+00,5.023750602695036260e-01,-5.508364018820052221e-01,2.136457807354071037e-02,-1.906802439573684893e-02,2.682826826504807263e-02,8.245999999999999858e-03
7.350000000000000533e+00,1.859632743301962154e+00,-7.301021477615941002e-01,-2.081378107729497717e+00,1.844958672531943344e+00,-7.220587650800962543e-01,-2.078400138234888228e+00,1.835509251367962280e+00,-7.289686274214115524e-01,-2.096554529215123086e+00,5.067569616904940011e-01,-6.712542164091741537e-01,2.143434035972175203e-02,1.517642148562536875e-02,2.415010831137956795e-02,8.075000000000000580e-03
7.400000000000000355e+00,1.847731041886964132e+00,-7.505344491048256961e-01,-2.115111127994313112e+00,1.838371601323504523e+00,-7.683486302126429912e-01,-2.104788523798728050e+00,1.822806553270890362e+00,-7.501110696304598147e-01,-2.127485239566099473e+00,4.826708302120689131e-01,-6.913377694336704238e-01,2.138482619852482419e-02,1.237411157178636145e-02,2.492808422145803907e-02,8.326000000000001802e-03
7.450000000000000178e+00,1.835535492183112627e+00,-7.699241150087969832e-01,-2.149381965449247645e+00,1.813395994709774861e+00,-7.926497348541916566e-01,-2.157525202285905053e+00,1.796055151521231297e+00,-7.901550123756904132e-01,-2.193421483935332539e+00,4.809517503377332970e-01,-7.904100251845722624e-01,2.027382172536050867e-02,4.403951848608489428e-02,4.436199394806297075e-02,8.075000000000000580e-03
7.500000000000000000e+00,1.823402542843818086e+00,-7.878489692177503834e-01,-2.182288865275543888e+00,1.819001608924206037e+00,-7.942226192329719936e-01,-2.179601790888989310e+00,1.796055151521231297e+00,-7.901550123756904132e-01,-2.193421483935332539e+00,4.830039907489709905e-01,-6.682187586119816558e-01,2.087084825625819262e-02,1.113261865978865117e-02,2.744444656386747436e-02,8.035000000000000475e-03
7.550000000000000711e+00,1.810197863328123935e+00,-8.060546056671976656e-01,-2.214322857189233051e+00,1.840769917627416818e+00,-8.110710195344346118e-01,-2.182465858760493038e+00,1.796055151521231297e+00,-7.901550123756904132e-01,-2.193421483935332539e+00,4.821278397991121123e-01,-7.279261671160418556e-01,2.076099810728751147e-02,-2.090137325390051259e-02,2.127941174206098365e-02,8.085999999999999438e-03
7.600000000000000533e+00,1.795828090773641916e+00,-8.244621129185679687e-01,-2.252927146762667476e+00,1.784807540690777294e+00,-8.166026974140471184e-01,-2.269086120963349718e+00,1.782013048376735798e+00,-8.090169943749473402e-01,-2.228523868394610030e+00,4.623458851615543930e-01,-5.779261671160418334e-01,2.037490681020403052e-02,-2.440327836805744610e-02,2.072213992942831609e-02,8.245000000000000592e-03
7.650000000000000355e+00,1.781701895536318192e+00,-8.413512099007992573e-01,-2.281767042908623200e+00,1.761009595496083158e+00,-7.941338906521694385e-01,-2.267743951985973005e+00,1.782013048376735798e+00,-8.090169943749473402e-01,-2.228523868394610030e+00,4.652808135978507842e-01,-5.576959041903315484e-01,1.952031290546566572e-02,-5.324317451401316958e-02,3.233571260637908146e-02,8.105000000000001092e-03
7.700000000000000178e+00,1.767478508838099316e+00,-8.574537045343224584e-01,-2.306852508693544745e+00,1.775110121084563897e+00,-8.596544054577142102e-01,-2.303834945845731230e+00,1.752613360087727390e+00,-8.443279255020148533e-01,-2.303166849242186842e+00,4.559682614068277795e-01,-7.076959041903315706e-01,1.982994289392864956e-02,-3.685659451357903293e-03,1.983075194176080538e-02,8.186000000000000568e-03
7.750000000000000000e+00,1.752627015732658000e+00,-8.733215714922282213e-01,-2.339389050026031924e+00,1.749792980179495139e+00,-8.514156225891145180e-01,-2.335427014706929594e+00,1.752613360087727390e+00,-8.443279255020148533e-01,-2.303166849242186842e+00,4.460113667830738482e-01,-5.985147177632149651e-01,1.939629786967022110e-02,-3.622220078384508213e-02,2.899364920603224316e-02,8.125999999999999543e-03
7.800000000000000711e+00,1.738412904664830227e+00,-8.876418499425545727e-01,-2.365558601184494680e+00,1.772830494943932855e+00,-8.841388918678171338e-01,-2.363424645418265690e+00,1.737263028876382398e+00,-8.607420270039437549e-01,-2.342735081697066235e+00,4.534258619263663026e-01,-7.485147177632149873e-01,1.958727467190712890e-02,-2.282351948742844527e-02,2.692438835809406530e-02,8.174999999999999975e-03
7.850000000000000533e+00,1.722998178705412053e+00,-9.022150501868028138e-01,-2.402939955945589734e+00,1.716704988686411193e+00,-8.922662149369178231e-01,-2.423416022316770224e+00,1.705280328708184578e+00,-8.910065241883677878e-01,-2.426298338943762012e+00,4.418847746661873632e-01,-8.935320630293765998e-01,2.008138715407467231e-02,2.335838299817227792e-02,2.096552559755771039e-02,8.325000000000000802e-03
7.900000000000000355e+00,1.707400575404490084e+00,-9.157979752803960816e-01,-2.447313982124672105e+00,1.715430653233866565e+00,-8.952278400996064311e-01,-2.453394672834883217e+00,1.705280328708184578e+00,-8.910065241883677878e-01,-2.426298338943762012e+00,4.391130357294891207e-01,-7.435320630293765776e-01,2.010561443926644001e-02,-2.101564318091009298e-02,2.488195115543846009e-02,8.987000000000000197e-03
7.950000000000000178e+00,1.691011148245940676e+00,-9.289834729141974723e-01,-2.480898594897567477e+00,1.691026137231631976e+00,-9.163689081563052286e-01,-2.483520212886457745e+00,1.688655851004029929e+00,-9.048270524660197989e-01,-2.470200220386382650e+00,4.251508676747650095e-01,-8.606296936888320204e-01,2.037859553921736802e-02,-1.069837451118482718e-02,2.427097183812153974e-02,8.526000000000000592e-03
8.000000000000000000e+00,1.674899161464102892e+00,-9.410051178590148613e-01,-2.520246645808204011e+00,1.662175236235624354e+00,-9.407578080916522145e-01,-2.510769541054135079e+00,1.654161148549123439e+00,-9.297764858882514583e-01,-2.561816941836501993e+00,4.222057674097353663e-01,-1.010629693688831932e+00,2.075474774850002285e-02,4.157029602829798165e-02,2.358277667274794390e-02,8.295000000000000290e-03
8.050000000000000711e+00,1.658466018363293992e+00,-9.521735348534338117e-01,-2.569094784082961880e+00,1.676041324657217668e+00,-9.592698778766630685e-01,-2.582946362742053914e+00,1.654161148549123439e+00,-9.297764858882514583e-01,-2.561816941836501993e+00,4.239741550468879017e-01,-8.606296936888319093e-01,2.109541140947442800e-02,-7.277842246459886866e-03,2.280701002906195679e-02,8.336000000000001395e-03
8.099999999999999645e+00,1.640819623195788113e+00,-9.629900115326325283e-01,-2.614306372023703418e+00,1.629868808604213015e+00,-9.616234292713981002e-01,-2.622358632727960881e+00,1.618033988749894903e+00,-9.510565162951535312e-01,-2.657623499136287482e+00,4.219599794432364326e-01,-1.010629693688831932e+00,2.116506173860892986e-02,4.331712711258406401e-02,2.572145885607597313e-02,8.236000000000000265e-03
8.150000000000000355e+00,1.623415595198010930e+00,-9.725684034282907620e-01,-2.662647659945923007e+00,1.617964161313076632e+00,-9.571358719261722214e-01,-2.672128525604579252e+00,1.618033988749894903e+00,-9.510565162951535312e-01,-2.657623499136287482e+00,4.145710162757716422e-01,-8.606296936888319093e-01,2.154539666755699370e-02,-5.024160809635525027e-03,2.217482753013513483e-02,8.176000000000000975e-03
8.200000000000001066e+00,1.605679720977458036e+00,-9.813175551595760826e-01,-2.703987053221325709e+00,1.612181369599033909e+00,-9.977888129133631878e-01,-2.690160953367139562e+00,1.599369316974181388e+00,-9.602936856769429541e-01,-2.706661930051141862e+00,4.121484885351802130e-01,-1.010629693688831932e+00,2.172540455623824321e-02,2.674876829816152934e-03,2.195049627473972392e-02,8.145000000000001197e-03
8.250000000000000000e+00,1.587299248091635473e+00,-9.893517068538442150e-01,-2.755044651402624556e+00,1.592498458444002951e+00,-1.011990909292050045e+00,-2.750649361405221871e+00,1.580310024751380604e+00,-9.685831611286311871e-01,-2.756178217799818864e+00,4.110416979535334026e-01,-9.935571029493890371e-01,2.187257245923769286e-02,1.133566397194307740e-03,2.191304940988879693e-02,8.106000000000000358e-03
8.300000000000000711e+00,1.569564577407985162e+00,-9.961072653723391790e-01,-2.800232624424116246e+00,1.568535803249220262e+00,-9.974543084282893046e-01,-2.800481256853398104e+00,1.560860814676659380e+00,-9.759167619387474346e-01,-2.805942088609573837e+00,4.161838248768782722e-01,-9.977450563070292544e-01,2.193067294062587061e-02,5.709464185457591157e-03,2.198663035995046880e-02,8.285000000000000697e-03
8.349999999999999645e+00,1.551292576279882818e+00,-1.002142303349209396e+00,-2.844936665929105768e+00,1.543896854409360753e+00,-9.890914173186202696e-01,-2.837820000079365190e+00,1.541026485551578507e+00,-9.822872507286887211e-01,-2.855713690087237744e+00,4.181153658448591992e-01,-1.038679192645760807e+00,2.194426484237886957e-02,1.077702415813197590e-02,2.235208566119548101e-02,8.285999999999999963e-03
8.400000000000000355e+00,1.532600638565049689e+00,-1.007392233982020269e+00,-2.890625428631020011e+00,1.549357209999573159e+00,-1.009986187479921860e+00,-2.901745620539302184e+00,1.541026485551578507e+00,-9.822872507286887211e-01,-2.855713690087237744e+00,4.171517741053829553e-01,-8.886791926457607849e-01,2.170998027698668037e-02,-3.491173854378226693e-02,2.648122130096068963e-02,8.145000000000001197e-03
8.450000000000001066e+00,1.513836993387190688e+00,-1.011799550762886080e+00,-2.931152109722203303e+00,1.497579399044650650e+00,-1.015329690192332768e+00,-2.923482711043501769e+00,1.500222139260918741e+00,-9.921147013144778759e-01,-2.954314537334560065e+00,4.164639011034965144e-01,-1.038679192645760807e+00,2.187553860548100901e-02,2.316242761235676184e-02,2.393444276949352814e-02,8.186000000000000568e-03
8.500000000000000000e+00,1.494015513044352428e+00,-1.015487554709415763e+00,-2.984118326635138985e+00,1.490876452857036405e+00,-1.007762457879059159e+00,-3.010844878506943711e+00,1.479262189957219142e+00,-9.955619646030799963e-01,-3.002678949097496552e+00,4.357792440970920111e-01,-8.886791926457607849e-01,2.177650061477182097e-02,1.856062246235756774e-02,2.479293615526498643e-02,8.336000000000001395e-03
8.550000000000000711e+00,1.474216093764193047e+00,-1.018248185696400965e+00,-3.021993472961187255e+00,1.465446818401638485e+00,-1.021848458793346959e+00,-3.015403464698683145e+00,1.457937254842822883e+00,-9.980267284282715590e-01,-3.050134194394631404e+00,4.364128413534159590e-01,-1.038679192645760807e+00,2.162370629202761338e-02,2.814072143344414911e-02,2.595973672198352220e-02,8.075999999999999845e-03
8.599999999999999645e+00,1.453984107603061293e+00,-1.020163025172967419e+00,-3.072465666543467755e+00,1.450451844646994060e+00,-9.954921141528454420e-01,-3.074904071596460842e+00,1.457937254842822883e+00,-9.980267284282715590e-01,-3.050134194394631404e+00,4.252681739620751133e-01,-8.886791926457607849e-01,2.168273514803056509e-02,-2.233147214883635101e-02,2.248650721362628960e-02,8.195000000000000895e-03
8.650000000000000355e+00,1.433760528860883898e+00,-1.021154425294374724e+00,-3.112754081304410558e+00,1.421682738747984676e+00,-1.016732172880875584e+00,-3.130197513213661242e+00,1.414213562373095145e+00,-1.000000000000000000e+00,3.141592653589789563e+00,4.509634384080693503e-01,-9.734365431071314578e-01,2.115442529437465066e-02,2.883857228538566631e-02,2.880266668921504028e-02,8.336000000000001395e-03
8.700000000000001066e+00,1.413265646766431072e+00,-1.021312173046104776e+00,3.128147645021908119e+00,1.407910979011192776e+00,-1.022654228244633146e+00,-3.134946675867213983e+00,1.414213562373095145e+00,-1.000000000000000000e+00,3.141592653589789563e+00,4.385878869421427351e-01,-8.850751253410461539e-01,2.131217304610477994e-02,-1.344500856788144461e-02,2.133324316517468122e-02,8.215000000000000080e-03
8.750000000000000000e+00,1.392624742846959363e+00,-1.020640871398181826e+00,3.090014820754111824e+00,1.386345333095179155e+00,-1.006861559305874287e+00,3.079800854231125484e+00,1.391825593184628174e+00,-9.995065603657314890e-01,3.097886020062567525e+00,4.469126439618885116e-01,-7.371140510555665992e-01,2.107921110532662637e-02,-7.871199308455700816e-03,2.114941472001426528e-02,8.226000000000000673e-03
8.800000000000000711e+00,1.371352092693994607e+00,-1.019207053354344250e+00,3.058570176287798148e+00,1.362521916590084592e+00,-1.017552921222988571e+00,3.067283667058256391e+00,1.369094211857377674e+00,-9.980267284282715590e-01,3.055679178538552421e+00,4.552849229044699797e-01,-8.871140510555666214e-01,2.090846183723066298e-02,2.890997749245727277e-03,2.130033309238093045e-02,8.184999999999999568e-03
8.849999999999999645e+00,1.350058629675867206e+00,-1.016965984998271288e+00,3.014893656034058012e+00,1.327722265891553288e+00,-1.019769628237128689e+00,3.017105614270285230e+00,1.322623730647303653e+00,-9.921147013144778759e-01,2.976055829719888024e+00,4.860458529399848127e-01,-9.235974096549486312e-01,1.999079444814151618e-02,3.883782631416998754e-02,3.701702291432758946e-02,8.206000000000001487e-03
8.900000000000000355e+00,1.327098039765975512e+00,-1.013474650373255903e+00,2.966488123567909696e+00,1.331474332085838874e+00,-1.030087005991883187e+00,2.973127793960173904e+00,1.322623730647303653e+00,-9.921147013144778759e-01,2.976055829719888024e+00,4.913071355551830721e-01,-7.735974096549486090e-01,2.033067449034044877e-02,-9.567706151978327966e-03,2.182353926115153386e-02,8.174999999999999975e-03
8.950000000000001066e+00,1.303975670040426582e+00,-1.008936526782885368e+00,2.929092913935479103e+00,1.283402956194239719e+00,-1.014362558169655371e+00,2.902703524854089778e+00,1.298896096660367538e+00,-9.876883405951377704e-01,2.938722810654413209e+00,4.786229798570555971e-01,-6.235974096549485868e-01,1.978899846902537271e-02,-9.629896718934105593e-03,2.184691012460554527e-02,8.186000000000000568e-03
9.000000000000000000e+00,1.282554696088015644e+00,-1.003963607888501475e+00,2.897870056298035735e+00,1.275859958251252202e+00,-1.038547288051711481e+00,2.892107298505845137e+00,1.298896096660367538e+00,-9.876883405951377704e-01,2.938722810654413209e+00,4.761455081819162549e-01,-6.124857928269951124e-01,1.923398462077552384e-02,-4.085275435637747421e-02,2.306351443593315786e-02,8.095000000000001500e-03
9.050000000000000711e+00,1.260927758238369112e+00,-9.982501071301780327e-01,2.868748162796836532e+00,1.259933817831449199e+00,-9.754187780573502220e-01,2.866482887657554102e+00,1.250485312671410165e+00,-9.759167619387473236e-01,2.869064263023924255e+00,5.171964125793704348e-01,-7.079123390766985935e-01,1.869833207704175992e-02,-3.161002270877233400e-04,2.465406613235434849e-02,8.095000000000001500e-03
9.099999999999999645e+00,1.237565012782077645e+00,-9.912742762073265546e-01,2.834115741979074343e+00,1.244232986339911973e+00,-9.944829947548680105e-01,2.831185191154458991e+00,1.250485312671410165e+00,-9.759167619387473236e-01,2.869064263023924255e+00,5.078419852066766715e-01,-5.579123390766985713e-01,1.826844401748150409e-02,-3.494852104484991173e-02,2.006956386521392688e-02,8.255000000000000185e-03
9.150000000000000355e+00,1.214863472960153068e+00,-9.837060573806848396e-01,2.805486084500232735e+00,1.191534396630453463e+00,-9.819557188704260975e-01,2.816136786217304788e+00,1.200840450651768032e+00,-9.602936856769430651e-01,2.805957533592601472e+00,5.306137183202007668e-01,-7.079123390766985935e-01,1.748724438685443291e-02,-4.714490923687364443e-04,2.729073658690129439e-02,8.045000000000000068e-03
9.200000000000001066e+00,1.191016987028601593e+00,-9.749584843671493806e-01,2.774524167432279143e+00,1.188544020750679664e+00,-9.640550732382442423e-01,2.777251039564367474e+00,1.200840450651768032e+00,-9.602936856769430651e-01,2.805957533592601472e+00,5.225745586790835340e-01,-5.579123390766985713e-01,1.708206573183657789e-02,-3.143336616032232911e-02,1.765097046000449130e-02,8.195000000000000895e-03
9.250000000000000000e+00,1.168404374167824056e+00,-9.658472473617981668e-01,2.742606571955441552e+00,1.182364185031727688e+00,-9.635600493812825906e-01,2.775881024211864556e+00,1.175570504584946496e+00,-9.510565162951536422e-01,2.776769948628340146e+00,5.538355336824810626e-01,-5.991421531113781951e-01,1.637406748761785144e-02,-3.416337667289859326e-02,1.643530196379156677e-02,8.135000000000001605e-03
9.300000000000000711e+00,1.144058289343336421e+00,-9.552010340061054539e-01,2.716116339841121885e+00,1.141550720108757577e+00,-9.541887291840471796e-01,2.697235389155148155e+00,1.150010504086557361e+00,-9.408807689542255659e-01,2.749094500030647481e+00,5.531423523774837703e-01,-4.491421531113781729e-01,1.550800961875859439e-02,-3.297816018952559602e-02,1.550802539027806848e-02,8.115000000000000685e-03
9.349999999999999645e+00,1.121005988696983424e+00,-9.444587065570301254e-01,2.694913000719838081e+00,1.099655427895882998e+00,-9.542314565706693230e-01,2.680202439482619603e+00,1.124166755704261611e+00,-9.297764858882515693e-01,2.722875959199578588e+00,5.570617379101444611e-01,-4.239505980637057747e-01,1.469897622968786843e-02,-2.796295847974050730e-02,1.501859020817222085e-02,8.174999999999999975e-03
9.400000000000000355e+00,1.097183286251931067e+00,-9.327018612734570002e-01,2.671381040821994013e+00,1.098536241569629590e+00,-9.360229751980666535e-01,2.675078057265426246e+00,1.098045635996263369e+00,-9.177546256839810290e-01,2.698056074055870113e+00,5.886878586327219942e-01,-4.491210010234252259e-01,1.387100145487560852e-02,-2.667503323387609981e-02,1.497209066392690170e-02,1.147100000000000029e-02
9.450000000000001066e+00,1.072322315072370413e+00,-9.197386678506129787e-01,2.650519711643579690e+00,1.066323979439125713e+00,-9.234843076952692353e-01,2.650734359995869482e+00,1.071653589957992425e+00,-9.048270524660191327e-01,2.674574994186608379e+00,5.972129294193430082e-01,-3.835724870775976680e-01,1.301372781327254924e-02,-2.405528254302868874e-02,1.492660264951994192e-02,8.236000000000000265e-03
9.500000000000000000e+00,1.047648021408654095e+00,-9.062967283946870012e-01,2.635019833283114288e+00,1.043241849577776881e+00,-9.149512044148113699e-01,2.627498546828826775e+00,1.044997129431897820e+00,-8.910065241883680098e-01,2.652372424588197219e+00,6.154419196304002915e-01,-3.598913595782420316e-01,1.225090253786517702e-02,-1.735259130508293168e-02,1.551829800407782296e-02,8.115999999999999950e-03
9.550000000000000711e+00,1.022531606385157499e+00,-8.921346854547318461e-01,2.621327494187420726e+00,1.020195753168223529e+00,-9.074736647271687273e-01,2.629765626591358263e+00,1.044997129431897820e+00,-8.910065241883680098e-01,2.652372424588197219e+00,5.940034988206240874e-01,-3.779435135915181210e-01,1.155322431517532243e-02,-3.104493040077649368e-02,2.249383190135785179e-02,8.386000000000001092e-03
9.600000000000001421e+00,9.988578939074809204e-01,-8.783262332888086554e-01,2.605785405137601707e+00,1.027906961374692951e+00,-9.099583952650031060e-01,2.597454625201333300e+00,1.044997129431897820e+00,-8.910065241883680098e-01,2.652372424588197219e+00,6.004205289679249713e-01,-2.279435135915180988e-01,1.048968016097650245e-02,-4.658701945059551264e-02,4.784996167266032663e-02,8.226000000000000673e-03
9.650000000000000355e+00,9.743956176305794692e-01,-8.636987047354773850e-01,2.599559637035504522e+00,9.718657172633674568e-01,-8.626288144284954829e-01,2.596569437536587088e+00,9.909173368648155344e-01,-8.607420270039439769e-01,2.611564685500640692e+00,6.185379294659546501e-01,-3.779435135915181210e-01,1.090367925747008984e-02,-1.200504846513616997e-02,1.678419344690329496e-02,8.295000000000000290e-03
9.700000000000001066e+00,9.498713667439447894e-01,-8.486026040457541608e-01,2.580064095089362297e+00,9.661186469954626821e-01,-8.697754372648661692e-01,2.564192877952777394e+00,9.635073482034304249e-01,-8.443279255020149643e-01,2.592843916379339753e+00,6.590118869305556792e-01,-2.560083577410128264e-01,1.075986299666307870e-02,-1.277982128997745548e-02,1.429030675023248986e-02,8.265000000000001512e-03
9.750000000000000000e+00,9.235084990951131223e-01,-8.318625225073051910e-01,2.571623503116475362e+00,9.521679017912545451e-01,-8.334107381456531405e-01,2.574389473669809192e+00,9.635073482034304249e-01,-8.443279255020149643e-01,2.592843916379339753e+00,6.313829295576384171e-01,-2.964342589401830486e-01,1.022899716423947454e-02,-2.122041326286439045e-02,4.189623135570137713e-02,8.106000000000000358e-03
9.800000000000000711e+00,8.984596499037651451e-01,-8.155664815033695225e-01,2.558009538116863268e+00,8.874728054030246449e-01,-7.902461227454247172e-01,2.562385375924069564e+00,8.798783397118298266e-01,-7.901550123756900801e-01,2.542763451323974522e+00,6.886437247424408437e-01,-3.915179560427030081e-01,1.051594056895839568e-02,1.524608679288874669e-02,3.148027718550020643e-02,8.234999999999999265e-03
9.850000000000001421e+00,8.706552242723081259e-01,-7.967575976195482301e-01,2.535656873058254490e+00,8.786135706697245640e-01,-7.904621628559489466e-01,2.550396002950476415e+00,8.798783397118298266e-01,-7.901550123756900801e-01,2.542763451323974522e+00,6.822789988306490194e-01,-2.680173080804905128e-01,1.065255670805040702e-02,-7.106578265720031595e-03,1.134283872375680714e-02,8.255000000000000185e-03
9.900000000000000355e+00,8.444191911234653070e-01,-7.783576687047787379e-01,2.524302003031294817e+00,8.417961169525038923e-01,-7.739852119530767904e-01,2.530830030270045938e+00,8.515585831301457631e-01,-7.705132427757895863e-01,2.527930718945285093e+00,6.899835813232222392e-01,-2.642168459986715678e-01,1.052449579094354160e-02,-3.628715913990276931e-03,1.060688155776475655e-02,8.115999999999999950e-03
9.950000000000001066e+00,8.177550509305715476e-01,-7.591622114981662062e-01,2.510971753761267244e+00,8.262992353189393402e-01,-7.570045563634808516e-01,2.509712363432427651e+00,8.230287172102174198e-01,-7.501110696304594816e-01,2.513951626305612308e+00,7.134785113938393319e-01,-2.169410418464027268e-01,1.042302230824551472e-02,-2.979872544345063545e-03,1.047543436514340905e-02,8.234999999999999265e-03
1.000000000000000000e+01,7.907998190606658762e-01,-7.393533194307371215e-01,2.504704299394758138e+00,7.998689537498512303e-01,-7.210017100256178590e-01,2.504617641972716413e+00,7.942957812695612407e-01,-7.289686274214115524e-01,2.500784089374981534e+00,7.190519703330682244e-01,-2.314693329639380404e-01,1.041453952381086318e-02,3.920210019776604327e-03,1.095735277768197444e-02,8.255000000000000185e-03
1.005000000000000071e+01,7.633240064332498243e-01,-7.188449171969359952e-01,2.496073456225239795e+00,7.578211833443257994e-01,-7.287675782593006080e-01,2.508071476529530663e+00,7.653668647301797856e-01,-7.071067811865476838e-01,2.488388617769114575e+00,7.372498630274014753e-01,-3.236635192852546639e-01,1.056324566983057531e-02,7.684838456125220318e-03,1.191457540240987469e-02,8.064999999999999253e-03
1.010000000000000142e+01,7.356068025561174339e-01,-6.976361085698163933e-01,2.480813168645486400e+00,7.518196340725599169e-01,-6.987919804866014051e-01,2.487434164469018327e+00,7.653668647301797856e-01,-7.071067811865476838e-01,2.488388617769114575e+00,7.167061762077422404e-01,-1.736635192852546417e-01,1.056515455047417340e-02,-7.575449123628175130e-03,3.123067307019431957e-02,8.434999999999999790e-03
1.015000000000000036e+01,7.091140380265462673e-01,-6.768281530708407656e-01,2.470797236115140016e+00,7.064749082581825990e-01,-6.575371963719729429e-01,2.473579481032534666e+00,7.069496875585148388e-01,-6.613118653236522704e-01,2.465768448881324737e+00,7.508368633995546881e-01,-2.112068835141212020e-01,1.075178900778728415e-02,5.028787233815279478e-03,1.566651200497480578e-02,8.186000000000000568e-03
1.020000000000000107e+01,6.809009334069762165e-01,-6.541493109211431456e-01,2.458231156855726240e+00,6.619484501531608389e-01,-6.460582133617621681e-01,2.467667338777431496e+00,6.774758404905826259e-01,-6.374239897486896345e-01,2.455477043298467166e+00,7.580952742821832624e-01,-2.329633545797204774e-01,1.077067260932332640e-02,2.754113557259074696e-03,1.707242307956463589e-02,8.226000000000000673e-03
1.025000000000000000e+01,6.532971240277325453e-01,-6.314664535186043093e-01,2.449252624924641353e+00,6.362145968144727881e-01,-6.321601406671024659e-01,2.441253171299177183e+00,6.478348363962989076e-01,-6.129070536529764857e-01,2.445824086952127274e+00,7.774960890586181117e-01,-1.447066943297481978e-01,1.074428419283557888e-02,3.428537972514078547e-03,1.934652189776702585e-02,8.245000000000000592e-03
1.030000000000000071e+01,6.254239785744359903e-01,-6.082767680913229169e-01,2.446063650070865236e+00,6.322781474306496952e-01,-6.154733624561050664e-01,2.459189638751178464e+00,6.478348363962989076e-01,-6.129070536529764857e-01,2.445824086952127274e+00,7.650894546257507312e-01,-2.432674914625386209e-01,1.081078394892098955e-02,2.395631187379620997e-04,2.288418870517833908e-02,8.224999999999999672e-03
1.035000000000000142e+01,5.974585750125938066e-01,-5.846151266488049947e-01,2.432665824248884334e+00,6.061602670061215781e-01,-5.594724622991584795e-01,2.415489915220521588e+00,5.880806504646083344e-01,-5.620833778521309165e-01,2.428324316759050916e+00,8.000000000000000444e-01,-9.326749146253859868e-02,1.090306700624746675e-02,4.341507489833418276e-03,2.440543326114355885e-02,8.156000000000001790e-03
1.040000000000000036e+01,5.687150640626816855e-01,-5.597307385716314698e-01,2.423397706213600955e+00,5.924078360854060366e-01,-5.471289788841674495e-01,2.431994990121273403e+00,5.880806504646083344e-01,-5.620833778521309165e-01,2.428324316759050916e+00,7.882302298187382483e-01,-1.467170918637992205e-01,1.089194457516578195e-02,-4.926610545449960910e-03,1.950796884031331599e-02,8.125000000000000278e-03
1.045000000000000107e+01,5.406351356951292209e-01,-5.349284050701902382e-01,2.412791109381545951e+00,5.483009005141444847e-01,-5.317372003686621218e-01,2.416443373836354880e+00,5.579822120784591055e-01,-5.358267949789971007e-01,2.420427865709130266e+00,7.943692450171674357e-01,-9.805771813708127893e-02,1.077885502195471100e-02,-7.636756327584315329e-03,1.737032421911944083e-02,8.195000000000000895e-03
1.050000000000000000e+01,5.121357783735062119e-01,-5.095896643419114413e-01,2.416875163229157408e+00,4.815775823571565306e-01,-5.274343657750785175e-01,2.417912035786628167e+00,4.973797743297087570e-01,-4.817536741017145463e-01,2.406231561224946525e+00,8.000000000000000444e-01,-2.391533519969400723e-01,1.074371313283535058e-02,1.064360200421088365e-02,3.150526952738071096e-02,8.255999999999999450e-03
1.055000000000000071e+01,4.834726532417799594e-01,-4.839821141281338002e-01,2.408000066127576666e+00,5.077726750923501342e-01,-4.870969147428491075e-01,2.410356967621605229e+00,4.973797743297087570e-01,-4.817536741017145463e-01,2.406231561224946525e+00,8.000000000000000444e-01,-8.915335199694005008e-02,1.098224709065144696e-02,1.768504902630141373e-03,1.408452916876035653e-02,8.115000000000000685e-03
1.060000000000000142e+01,4.567622866819004424e-01,-4.597268633546446881e-01,2.400658497097224675e+00,4.558716977048675179e-01,-4.569461370693270741e-01,2.385714989319481560e+00,4.668907277118110599e-01,-4.539904997395469710e-01,2.399892721831064613e+00,8.000000000000000444e-01,-3.136945121014900195e-02,1.107173296019592704e-02,7.657752661600625288e-04,1.164006809348612850e-02,8.166000000000001383e-03
1.065000000000000036e+01,4.285159149526540090e-01,-4.339354189971806885e-01,2.402527660394087050e+00,4.217141544731120018e-01,-4.225048844601314579e-01,2.406820435733827424e+00,4.362864827930846290e-01,-4.257792915650722154e-01,2.394036735651070558e+00,8.000000000000000444e-01,-1.788201126120856632e-01,1.126412602662721016e-02,8.490924743016492471e-03,1.126517373374804828e-02,8.174999999999999975e-03
1.070000000000000107e+01,4.012582295560572221e-01,-4.089348451553905250e-01,2.396190623967575206e+00,4.187412473935459567e-01,-4.236694252384107240e-01,2.410789413656777569e+00,4.362864827930846290e-01,-4.257792915650722154e-01,2.394036735651070558e+00,8.000000000000000444e-01,-1.485102011934639199e-01,1.146098292834917508e-02,2.153888316504648515e-03,3.886790320670719528e-02,8.265000000000001512e-03
1.075000000000000000e+01,3.733764599755704516e-01,-3.830015950733548502e-01,2.388582188186552102e+00,3.686810516230988322e-01,-3.555241678507722325e-01,2.379518397389344564e+00,3.747626291714491464e-01,-3.681245526846778637e-01,2.383712057103566373e+00,8.000000000000000444e-01,1.489798806536102305e-03,1.175794391035278087e-02,4.870131082985729165e-03,1.494148102679566589e-02,8.115999999999999950e-03
1.080000000000000071e+01,3.462673542928669801e-01,-3.576001824734754142e-01,2.388825820534811406e+00,3.477241552227302579e-01,-3.694590074578524841e-01,2.375071699304396766e+00,3.747626291714491464e-01,-3.681245526846778637e-01,2.383712057103566373e+00,8.000000000000000444e-01,-6.495017098167099601e-02,1.194339484560645592e-02,5.113763431245033075e-03,3.037668610543950432e-02,8.135999999999999135e-03
1.085000000000000142e+01,3.189109502731947710e-01,-3.317340557635550802e-01,2.379550276172032852e+00,3.070426384749632143e-01,-3.499226333220393226e-01,2.390997829714855527e+00,3.438582005588182722e-01,-3.387379202452905913e-01,2.379216139792433182e+00,8.000000000000000444e-01,-1.857022716341339419e-01,1.216444892875601091e-02,3.341363795996699082e-04,2.591176208774806713e-02,8.075999999999999845e-03
1.090000000000000036e+01,2.920165138748639366e-01,-3.058907607631237147e-01,2.372696400385319038e+00,2.840250679534471190e-01,-3.470087023797592263e-01,2.363245541224522128e+00,3.128689300804619600e-01,-3.090169943749476178e-01,2.375148493678882922e+00,8.000000000000000444e-01,-5.408332152188990993e-02,1.221069776560842861e-02,-2.452093293563883947e-03,2.108545940232710650e-02,1.315400000000000076e-02
1.095000000000000107e+01,2.645443987872180269e-01,-2.793086851951762650e-01,2.372620983383962212e+00,2.482991384074264563e-01,-2.486397927332168745e-01,2.352005531516530468e+00,2.506664671286081836e-01,-2.486898871648544895e-01,2.368257198362089255e+00,8.000000000000000444e-01,2.163453877001392245e-02,1.221625002135857604e-02,4.363785021872956804e-03,3.361707571967975650e-02,8.295999999999999555e-03
1.100000000000000000e+01,2.372760324184527148e-01,-2.530291446023803514e-01,2.376696178081367350e+00,2.398704871703364883e-01,-2.715515289774005359e-01,2.390806200763545775e+00,2.506664671286081836e-01,-2.486898871648544895e-01,2.368257198362089255e+00,8.000000000000000444e-01,-1.283654612299860998e-01,1.245867219465184375e-02,8.438979719278094649e-03,1.407596877078305664e-02,8.356000000000000580e-03
1.105000000000000071e+01,2.107564068019296410e-01,-2.272778799342216882e-01,2.365089876252504553e+00,2.309333716165004047e-01,-2.412893037861939260e-01,2.352700364828196555e+00,2.506664671286081836e-01,-2.486898871648544895e-01,2.368257198362089255e+00,8.000000000000000444e-01,2.163453877001392245e-02,1.255610574138443444e-02,-3.167322109584702616e-03,4.529113565504614553e-02,8.265000000000001512e-03
1.110000000000000142e+01,1.830919423954916747e-01,-2.001059673486899060e-01,2.365263039833031655e+00,2.012121808362434816e-01,-1.760029716436511404e-01,2.357878007772508333e+00,1.882166266370287055e-01,-1.873813145857246842e-01,2.362967762925104687e+00,8.000000000000000444e-01,1.509639310240725590e-02,1.265749693630032272e-02,2.295276907926968590e-03,1.371784153988871678e-02,8.245000000000000592e-03
1.115000000000000036e+01,1.565694062412031629e-01,-1.741608735915121664e-01,2.369136429133165578e+00,1.521703523869179508e-01,-1.766639813451481300e-01,2.378428077318897493e+00,1.569181914556901369e-01,-1.564344650402311188e-01,2.360906432145567280e+00,8.000000000000000444e-01,-1.280283632205631295e-01,1.283884955028197217e-02,8.229996987598298119e-03,1.772983957211047429e-02,8.174999999999999975e-03
1.120000000000000107e+01,1.289038767686723486e-01,-1.469100163231887857e-01,2.358354212083046519e+00,1.193956970643024196e-01,-1.348547123017563854e-01,2.367162427046846318e+00,1.255810390586262759e-01,-1.253332335643037865e-01,2.359226824677898904e+00,8.000000000000000444e-01,-1.841282393545196072e-02,1.296081827787718202e-02,-8.726125948523844045e-04,2.183114299965581775e-02,8.356000000000000580e-03
1.125000000000000000e+01,1.028367949579078039e-01,-1.209599499707853937e-01,2.358533871581624197e+00,1.080869600542515158e-01,-1.333911086403974100e-01,2.361613245938509742e+00,1.255810390586262759e-01,-1.253332335643037865e-01,2.359226824677898904e+00,8.000000000000000444e-01,-2.555541819579412732e-02,1.293202614125009767e-02,-6.929530962747065814e-04,2.316087755466973014e-02,8.095000000000001500e-03
1.130000000000000071e+01,7.587693463805222915e-02,-9.410480316391699185e-02,2.357746714004844257e+00,4.235652136700387288e-02,-7.789131459101200639e-02,2.346005286641639209e+00,6.282151815625647284e-02,-6.279051952931326286e-02,2.356997007222838114e+00,8.000000000000000444e-01,2.591459137365991622e-02,1.293614288255515166e-02,7.497067820061431576e-04,3.392680738091274212e-02,8.215000000000000080e-03
1.135000000000000142e+01,4.996616604513540866e-02,-6.816593754698174745e-02,2.353558477778584290e+00,6.358286840135241036e-02,-7.526949355977750888e-02,2.383713414275925757e+00,6.282151815625647284e-02,-6.279051952931326286e-02,2.356997007222838114e+00,8.000000000000000444e-01,-1.240854086263400990e-01,1.288685243107228623e-02,-3.438529444253823897e-03,1.393395840260691285e-02,8.166000000000001383e-03
1.140000000000000036e+01,2.354940867450799891e-02,-4.159461010562932881e-02,2.352996374694243720e+00,1.671413395334463495e-02,-2.583352499870684646e-02,2.363213212578362032e+00,3.141463462364142006e-02,-3.141075907812836132e-02,2.356441270890159423e+00,8.000000000000000444e-01,2.591459137365992316e-02,1.276302893648869133e-02,-3.444896195915703174e-03,1.286750173814848325e-02,8.085000000000000173e-03
1.145000000000000107e+01,-3.311505421400091215e-03,-1.471592679738021811e-02,2.358731297733104526e+00,-4.656003041552653383e-03,-1.809322501453127646e-03,2.381725525656425368e+00,2.449293598294706414e-16,-2.449293598294706414e-16,2.356256177756557157e+00,8.000000000000000444e-01,-7.829024634927801707e-02,1.274781700240776999e-02,2.475119976547368594e-03,1.508391758336705482e-02,8.295000000000000290e-03
1.150000000000000000e+01,-2.993400010357662178e-02,1.184280256647522733e-02,2.356055720263817044e+00,-3.307314681389115357e-02,1.968959424641568423e-02,2.334316435820051439e+00,-3.141463462364092740e-02,3.141075907812786866e-02,2.356441270890159423e+00,8.000000000000000444e-01,7.170975365072200514e-02,1.279334062982200385e-02,-3.855506263423791324e-04,1.962389361528274825e-02,8.255999999999999450e-03
1.155000000000000071e+01,-5.673362487491352690e-02,3.857983558340696145e-02,2.358671535555838972e+00,-5.123240943349872956e-02,3.766600737560381329e-02,2.355770707820640908e+00,-3.141463462364092740e-02,3.141075907812786866e-02,2.356441270890159423e+00,8.000000000000000444e-01,-1.814033159637296749e-02,1.282825751944850767e-02,2.230264665679548841e-03,2.631438627980104902e-02,8.125000000000000278e-03
1.160000000000000142e+01,-8.350193041576270403e-02,6.528157577034168768e-02,2.356207262019832882e+00,-7.548392760088810938e-02,7.116127362000124190e-02,2.368203036062493716e+00,-6.282151815625776348e-02,6.279051952931455349e-02,2.356997007222839002e+00,8.000000000000000444e-01,-9.657167187947481718e-03,1.284866384297130709e-02,-7.897452030061202777e-04,2.082990188212710883e-02,8.115000000000000685e-03
1.165000000000000036e+01,-1.099723908807099110e-01,9.183971557390527285e-02,2.352874851569505488e+00,-1.327718415920017825e-01,8.701554186148971470e-02,2.370103214721721585e+00,-1.255810390586275527e-01,1.253332335643050632e-01,2.359226824677898904e+00,8.000000000000000444e-01,-2.627722319292180586e-02,1.275173851375903736e-02,-6.351973108393416112e-03,3.695193696296915353e-02,8.115000000000000685e-03
1.170000000000000107e+01,-1.364566238506829121e-01,1.186520163659778304e-01,2.347203246455853431e+00,-1.457814137551169953e-01,1.207396657578017202e-01,2.328829165510994059e+00,-1.255810390586275527e-01,1.253332335643050632e-01,2.359226824677898904e+00,8.000000000000000444e-01,1.237227768070782163e-01,1.240548318398221675e-02,-1.202357822204547233e-02,1.276389469638516787e-02,8.096000000000000765e-03
1.175000000000000000e+01,-1.617293483288634592e-01,1.442228425443129181e-01,2.353459633744504842e+00,-1.723341647748601879e-01,1.290807258629400045e-01,2.334237435963391505e+00,-1.569181914556887492e-01,1.564344650402297310e-01,2.360906432145567280e+00,8.000000000000000444e-01,7.502340427914717946e-02,1.206144622384469102e-02,-7.446798401062437733e-03,1.312520302475652517e-02,8.165000000000000382e-03
1.180000000000000071e+01,-1.881243187297443054e-01,1.706684457389845422e-01,2.357012911035877067e+00,-1.790818797364778503e-01,1.776882489713787761e-01,2.345529145453170372e+00,-1.882166266370290941e-01,1.873813145857250728e-01,2.362967762925104687e+00,8.000000000000000444e-01,1.055711100508281847e-01,1.183272831536182415e-02,-5.954851889227619210e-03,1.671312376062887572e-02,8.276000000000000370e-03
1.185000000000000142e+01,-2.138157414503270015e-01,1.962303819904072377e-01,2.360428857937419522e+00,-2.180183628489666403e-01,1.878518530051901114e-01,2.358135757922941167e+00,-1.882166266370290941e-01,1.873813145857250728e-01,2.362967762925104687e+00,8.000000000000000444e-01,2.718710992464050402e-02,1.167881462704003365e-02,-2.538904987685164372e-03,2.708543285895606209e-02,8.054999999999999660e-03
1.190000000000000036e+01,-2.402898277232926039e-01,2.225401715521589663e-01,2.358185363698435566e+00,-2.262352669934769855e-01,2.323124025839224671e-01,2.354823510784921581e+00,-2.194686221820917049e-01,2.181432413965437023e-01,2.365415968833324278e+00,8.000000000000000444e-01,1.368861227425679228e-01,1.144878842404820421e-02,-7.230605134888712371e-03,2.128040401360589348e-02,8.295999999999999555e-03
1.195000000000000107e+01,-2.665671373036536673e-01,2.486179980384533583e-01,2.361823962796494314e+00,-2.567045161321910296e-01,2.522627961427210685e-01,2.366365423657674327e+00,-2.506664671286085722e-01,2.486898871648548781e-01,2.368257198362089255e+00,8.000000000000000444e-01,7.975342631272597238e-02,1.115847303718911152e-02,-6.433235565594941363e-03,1.590083268455030896e-02,8.165000000000000382e-03
1.200000000000000000e+01,-2.931189579266696432e-01,2.746655257329775335e-01,2.369739303738731984e+00,-3.079932133844175413e-01,2.698820455183169043e-01,2.392854151678770691e+00,-2.818024638751652211e-01,2.789911060392291642e-01,2.371498627176110041e+00,8.000000000000000444e-01,-4.582951737133247189e-02,1.098367125362537632e-02,-1.759323437378057520e-03,1.211501888581140163e-02,8.106000000000000358e-03
1.205000000000000071e+01,-3.197956765458507267e-01,3.008313979841872876e-01,2.361983719370646995e+00,-3.358640709421184534e-01,3.017726669406891049e-01,2.370351168294633659e+00,-3.128689300804614604e-01,3.090169943749471737e-01,2.375148493678883810e+00,8.000000000000000444e-01,1.041704826286675434e-01,1.070099139948017461e-02,-1.316477430823681516e-02,1.072305016626351297e-02,8.095000000000001500e-03
1.210000000000000142e+01,-3.469536271880081513e-01,3.275246615748235168e-01,2.367663015548806094e+00,-3.403254315027420263e-01,3.123690792878176525e-01,2.381068207805530079e+00,-3.438582005588195489e-01,3.387379202452918125e-01,2.379216139792434070e+00,8.000000000000000444e-01,7.071276654704786169e-02,1.024722393722251115e-02,-1.155312424362797685e-02,1.163266246512475489e-02,8.255999999999999450e-03
1.215000000000000036e+01,-3.738570033979269347e-01,3.538093389799795707e-01,2.367989493375596055e+00,-3.822476649259832771e-01,3.524216440291463859e-01,2.366635527042082465e+00,-3.747626291714495350e-01,3.681245526846781968e-01,2.383712057103567261e+00,8.000000000000000444e-01,1.802002600052888814e-01,9.774548378508173679e-03,-1.572256372797120605e-02,1.434383147742819033e-02,8.266000000000000777e-03
1.220000000000000107e+01,-4.003010703151614891e-01,3.793954512159591341e-01,2.377375615364755390e+00,-4.171872901588601912e-01,3.581261076354659290e-01,2.363526663163779240e+00,-4.055745907130259287e-01,3.971478906347815085e-01,2.388647938529913972e+00,8.000000000000000444e-01,1.517647556382565599e-01,9.347590078600609767e-03,-1.127232316515858201e-02,1.851915556135459370e-02,8.195000000000000895e-03
1.225000000000000000e+01,-4.273535618292224614e-01,4.052770522922606311e-01,2.379245710197873009e+00,-4.246249241667320873e-01,4.220051267400566908e-01,2.369987214751112070e+00,-4.362864827930859057e-01,4.257792915650733812e-01,2.394036735651070558e+00,8.000000000000000444e-01,2.170746801195038711e-01,8.962339578258836370e-03,-1.479102545319754825e-02,2.236378528215419298e-02,8.255999999999999450e-03
1.230000000000000071e+01,-4.549399299717337142e-01,4.313380168214192567e-01,2.389995778851246477e+00,-4.779068318329151022e-01,4.496392857965380574e-01,2.377116000923081174e+00,-4.668907277118105603e-01,4.539904997395465824e-01,2.399892721831065501e+00,8.000000000000000444e-01,1.940422764860786076e-01,8.628887806685503134e-03,-9.896942979819023378e-03,2.561164869703385846e-02,8.165000000000000382e-03
1.235000000000000142e+01,-4.827867442865708125e-01,4.572341390854366971e-01,2.394954777214257646e+00,-4.671360332069548482e-01,4.694942225289691629e-01,2.401241747786649228e+00,-4.668907277118105603e-01,4.539904997395465824e-01,2.399892721831065501e+00,8.000000000000000444e-01,1.255536740902973292e-01,8.346827112802325879e-03,-4.937944616807854459e-03,1.622357972678222307e-02,8.155000000000000790e-03
1.240000000000000036e+01,-5.102059818049886619e-01,4.823095293934818173e-01,2.406673488634349489e+00,-5.352554770861310818e-01,4.907184540788092075e-01,2.402569997223427123e+00,-5.277460999307469480e-01,5.090414157503723169e-01,2.413070383710326894e+00,8.000000000000000444e-01,1.944569074016854748e-01,8.268593892459139005e-03,-6.396895075977404588e-03,3.197263661419343789e-02,8.316000000000002210e-03
1.245000000000000107e+01,-5.371930428690581127e-01,5.065721589205036679e-01,2.411935429892825056e+00,-5.209169870504389843e-01,5.118732492125339650e-01,2.405443540835941363e+00,-5.277460999307469480e-01,5.090414157503723169e-01,2.413070383710326894e+00,8.000000000000000444e-01,2.028321885923398682e-01,8.131928165815198450e-03,-1.134953817501838103e-03,9.764320773692358388e-03,8.176000000000000975e-03
1.250000000000000000e+01,-5.645079576027741686e-01,5.307710062625429215e-01,2.421286313756144892e+00,-5.519512214465615019e-01,5.351123027433707380e-01,2.410843427944722173e+00,-5.579822120784585504e-01,5.358267949789966567e-01,2.420427865709129378e+00,8.000000000000000444e-01,2.223809770427619403e-01,8.105773489422160930e-03,8.584480470155142484e-04,8.255080507999073072e-03,8.285999999999999963e-03
1.255000000000000071e+01,-5.922321100555034690e-01,5.549198113078976924e-01,2.428735140391379055e+00,-6.020967808364260376e-01,5.650121959568473740e-01,2.453371842794679125e+00,-5.880806504646077792e-01,5.620833778521304724e-01,2.428324316759052692e+00,7.825835460991512615e-01,7.238097704276191813e-02,8.133622246761857549e-03,4.108236323263625422e-04,8.279571387969969845e-03,8.265000000000001512e-03
1.260000000000000142e+01,-6.195859033881224720e-01,5.784834756712342596e-01,2.432253246628140353e+00,-6.162556584769049994e-01,5.905416243831703715e-01,2.469976461168462478e+00,-6.180339887498937923e-01,5.877852522924721379e-01,2.436781771550414533e+00,7.836291720968698860e-01,1.126772378197035129e-01,8.090950016671346126e-03,-4.528524922274179687e-03,9.430349270083055943e-03,8.236000000000000265e-03
1.265000000000000036e+01,-6.480811226326028684e-01,6.028134729761034372e-01,2.437508378301460610e+00,-6.423989639402697405e-01,5.886620032322484874e-01,2.428315965082022743e+00,-6.180339887498937923e-01,5.877852522924721379e-01,2.436781771550414533e+00,7.672063955907071353e-01,2.626772378197035351e-01,8.019723015278886966e-03,7.266067510460771928e-04,3.359579842006091277e-02,8.145000000000001197e-03
1.270000000000000107e+01,-6.759791702481929843e-01,6.262713157344378390e-01,2.447370663502223209e+00,-7.059651906509982755e-01,6.163516811433410458e-01,2.433815014103934971e+00,-6.774758404905838471e-01,6.374239897486906337e-01,2.455477043298466278e+00,7.560388227026032526e-01,2.591842747499460975e-01,7.680770740012631860e-03,-8.106379796243068370e-03,1.125265122016353390e-02,8.396000000000000685e-03
1.275000000000000000e+01,-7.033544120224369811e-01,6.488318351191830757e-01,2.457260707523523102e+00,-6.963546764797248212e-01,6.504016009588616809e-01,2.463932613172466368e+00,-7.069496875585135065e-01,6.613118653236512712e-01,2.465768448881324737e+00,7.668988961486629119e-01,2.092777585620186342e-01,7.487824569807986080e-03,-8.507741357801634763e-03,1.298757714451578664e-02,8.295000000000000290e-03
1.280000000000000071e+01,-7.315234392709200062e-01,6.715961998091575236e-01,2.466561798315098031e+00,-7.428842881369073226e-01,6.738758193835691079e-01,2.462523162058414705e+00,-7.362491053693558385e-01,6.845471059286886151e-01,2.476728246172770653e+00,7.434270073074856766e-01,3.022887658320192461e-01,7.276857730605670871e-03,-1.016644785767262249e-02,1.378614846107547275e-02,8.255000000000000185e-03
1.285000000000000142e+01,-7.594653618102704673e-01,6.937312693194276347e-01,2.476713013593045964e+00,-7.257461555417006327e-01,6.702369070448250810e-01,2.477493514483086301e+00,-7.362491053693558385e-01,6.845471059286886151e-01,2.476728246172770653e+00,7.576611570136094764e-01,2.212734025699751861e-01,7.095385066960406897e-03,-1.523257972468883281e-05,2.496684642316888275e-02,8.165000000000000382e-03
1.290000000000000036e+01,-7.875285599719313856e-01,7.156948225057503388e-01,2.478333548960914179e+00,-7.594858322751355528e-01,7.318486579141315618e-01,2.496150384158031699e+00,-7.653668647301793415e-01,7.071067811865473507e-01,2.488388617769112798e+00,7.215854252071209896e-01,2.784982502561593742e-01,6.648302219452389451e-03,-1.005506880819861948e-02,2.376752384428451603e-02,8.344999999999999987e-03
1.295000000000000107e+01,-8.147288960606045016e-01,7.366310227765897611e-01,2.492866357887260520e+00,-8.351347706158834816e-01,7.357336205871679580e-01,2.503609717712369509e+00,-8.230287172102177529e-01,7.501110696304597036e-01,2.513951626305612308e+00,7.062009838492615543e-01,3.401743293608873175e-01,6.036990479418353865e-03,-2.108526841835178800e-02,1.583030935572948134e-02,8.135000000000001605e-03
1.300000000000000000e+01,-8.413014422108472390e-01,7.564123782240405047e-01,2.510467597350674929e+00,-8.159998284457539164e-01,7.371096260649144805e-01,2.500449305484311324e+00,-8.230287172102177529e-01,7.501110696304597036e-01,2.513951626305612308e+00,7.193863899828440989e-01,3.377813352379032685e-01,5.630046397241216145e-03,-3.484028954937379297e-03,1.932870841365674774e-02,8.285999999999999963e-03
1.305000000000000071e+01,-8.692723709054488435e-01,7.763612938211772452e-01,2.533654979873311675e+00,-8.886067754460583723e-01,7.742908526114451462e-01,2.540872821766622991e+00,-8.798783397118309368e-01,7.901550123756908572e-01,2.542763451323974522e+00,6.846414093527325440e-01,2.950714739452534596e-01,5.415230362636209299e-03,-9.108471450662847246e-03,1.739980591509810923e-02,8.174999999999999975e-03
1.310000000000000142e+01,-8.951474330238464727e-01,7.941340148929377785e-01,2.545815834346943696e+00,-8.872429963342161052e-01,7.798759072707484030e-01,2.540928513932179555e+00,-8.798783397118309368e-01,7.901550123756908572e-01,2.542763451323974522e+00,6.828219647954302252e-01,3.261339358736607408e-01,5.320177481962276231e-03,3.052383022969173965e-03,1.577902631987458670e-02,8.145000000000001197e-03
1.315000000000000036e+01,-9.216602286256524446e-01,8.118726791848299706e-01,2.558053387785047761e+00,-9.112046401983641131e-01,8.051223521194900146e-01,2.537869322144459261e+00,-9.079809994790933869e-01,8.090169943749472292e-01,2.558494545426455602e+00,6.699921947814854173e-01,4.427744977185132935e-01,5.148144299026179149e-03,-4.411576414078410835e-04,1.397412772868009308e-02,8.215000000000000080e-03
1.320000000000000107e+01,-9.486948781144222131e-01,8.292385897314507037e-01,2.583164160235170925e+00,-9.649181504175892155e-01,8.314234141632881325e-01,2.586038475858830843e+00,-9.635073482034315351e-01,8.443279255020157414e-01,2.592843916379345082e+00,6.502849692343376509e-01,3.722200778384918141e-01,5.147405457886408339e-03,-9.679756144174156418e-03,2.114467602340242697e-02,8.196000000000000160e-03
1.325000000000000000e+01,-9.749826479649750244e-01,8.453724954278046821e-01,2.599095930718497982e+00,-9.701191849832068170e-01,8.713884903813446936e-01,2.607801376245124203e+00,-9.909173368648150904e-01,8.607420270039436438e-01,2.611564685500641581e+00,6.438458054024617239e-01,4.514733953266568123e-01,5.204822163989182918e-03,-1.246875478214359845e-02,2.213903365561872838e-02,8.064999999999999253e-03
1.330000000000000071e+01,-1.001473472756665206e+00,8.609661126833266787e-01,2.620036751072087000e+00,-9.970983687079680857e-01,8.730213130187438608e-01,2.619625939418630090e+00,-9.909173368648150904e-01,8.607420270039436438e-01,2.611564685500641581e+00,6.221370909112624581e-01,3.861121528338798958e-01,5.143393836140094239e-03,8.472065571445419607e-03,1.055851406964591725e-02,8.394999999999999685e-03
1.335000000000000142e+01,-1.026436179542626670e+00,8.750705591588161525e-01,2.634544066679670671e+00,-1.026176885503088609e+00,8.450353687392637703e-01,2.667356566781625027e+00,-1.018082831500742413e+00,8.763066800438635839e-01,2.631388538998241877e+00,6.267094478888878273e-01,2.508780719204706799e-01,5.158096947460021064e-03,3.155527681428793585e-03,8.444312781470258988e-03,8.446000000000000382e-03
1.340000000000000036e+01,-1.052563150267652903e+00,8.893757085842766141e-01,2.646760364769150442e+00,-1.047392615772404501e+00,8.908684313086980833e-01,2.656581289623749953e+00,-1.044997129431898264e+00,8.910065241883681209e-01,2.652372424588198996e+00,6.050468298239628506e-01,4.008780719204707021e-01,4.995078872119831231e-03,-5.612059819048553777e-03,7.739782349757754615e-03,8.266000000000000777e-03
1.345000000000000107e+01,-1.077437689991416647e+00,9.025193308578136620e-01,2.664212992763706822e+00,-1.089204454915229325e+00,8.673785293927406270e-01,2.668598747631751422e+00,-1.071653589957993535e+00,9.048270524660196878e-01,2.674574994186603938e+00,5.951641364386187627e-01,4.734287153423711869e-01,4.664747458430855247e-03,-1.036200142289711579e-02,6.227470772121395173e-03,8.186000000000000568e-03
1.350000000000000000e+01,-1.103339005646508886e+00,9.155241638433735396e-01,2.688333339140253742e+00,-1.101224413611670228e+00,9.172501506515636782e-01,2.694005287500353063e+00,-1.098045635996263591e+00,9.177546256839812511e-01,2.698056074055866560e+00,5.789928512650246439e-01,5.220915455018715345e-01,4.286219784528820347e-03,-9.722734915612818440e-03,5.744103261305904401e-03,8.276000000000000370e-03
1.355000000000000071e+01,-1.127748423366590869e+00,9.270119457813171815e-01,2.715099915671640218e+00,-1.152135160604973452e+00,9.384750906454205621e-01,2.722283416125414135e+00,-1.150010504086557805e+00,9.408807689542257879e-01,2.749094500030645705e+00,5.552052982968977979e-01,6.720915455018715567e-01,4.298991306641670659e-03,-3.399458435900548636e-02,2.622869600616337116e-02,8.165000000000000382e-03
1.360000000000000142e+01,-1.151184918524980061e+00,9.373017654082074213e-01,2.740662131935913237e+00,-1.163566941764592855e+00,9.522737649850628872e-01,2.748949530154456866e+00,-1.175570504584946052e+00,9.510565162951535312e-01,2.776769948628337481e+00,5.535996869775651197e-01,6.844266114282762103e-01,4.149130933027623050e-03,-3.610781669242424385e-02,2.799732093343847844e-02,8.226000000000000673e-03
1.365000000000000036e+01,-1.175744343280616944e+00,9.472545768781118758e-01,2.772467799813938427e+00,-1.166733614427185595e+00,9.628313953807556835e-01,2.763972787296721023e+00,-1.175570504584946052e+00,9.510565162951535312e-01,2.776769948628337481e+00,5.477131346758675745e-01,6.238058756778778191e-01,3.613745307586153834e-03,-4.302148814399053833e-03,3.805911615233280483e-03,8.145000000000001197e-03
1.370000000000000107e+01,-1.200558569776108975e+00,9.564106899967078634e-01,2.803741279391710250e+00,-1.181365255328251873e+00,9.696906281744087641e-01,2.802268254684866733e+00,-1.175570504584946052e+00,9.510565162951535312e-01,2.776769948628337481e+00,5.330764610726852482e-01,4.790127021738233015e-01,3.913534050934809085e-03,2.697133076337276947e-02,2.555524560680691448e-02,8.236000000000000265e-03
1.375000000000000000e+01,-1.224689799313664951e+00,9.646063545088494617e-01,2.824632265109709550e+00,-1.224884409540208940e+00,9.716521733528395988e-01,2.802804484186209422e+00,-1.225814107305953193e+00,9.685831611286311871e-01,2.836707737742125701e+00,5.201209556540892232e-01,6.290127021738233237e-01,3.455903688118454765e-03,-1.207547263241615099e-02,4.132681859599522667e-03,8.234999999999999265e-03
1.380000000000000071e+01,-1.247971316906478112e+00,9.718430922698081398e-01,2.855816344502152049e+00,-1.233403273952907941e+00,9.800555814795789411e-01,2.843440162217426348e+00,-1.225814107305953193e+00,9.685831611286311871e-01,2.836707737742125701e+00,5.108245476094293025e-01,5.772636849941690240e-01,3.541638500735691791e-03,1.910860676002634762e-02,2.239573817329558111e-02,8.146000000000000463e-03
1.385000000000000142e+01,-1.271284880484911950e+00,9.783376660366769340e-01,2.883995512994784960e+00,-1.268626389005134802e+00,9.658529784838388865e-01,2.878345929681530357e+00,-1.274847979497379935e+00,9.822872507286888322e-01,2.903061683423496575e+00,5.069976574066611397e-01,7.272636849941690462e-01,2.995883812288523303e-03,-1.906617042871161516e-02,5.319294484424137541e-03,8.115000000000000685e-03
1.390000000000000036e+01,-1.295251239689294565e+00,9.841727916048921276e-01,2.921540148763337008e+00,-1.288535195565281954e+00,1.012180729876151375e+00,2.916394188557820399e+00,-1.298896096660366428e+00,9.876883405951375483e-01,2.938722810654413209e+00,4.923310248394366928e-01,8.465614574787960755e-01,2.709083533556181159e-03,-1.718266189107620079e-02,5.063997140835167950e-03,8.326000000000001802e-03
1.395000000000000107e+01,-1.318006207498207738e+00,9.887724089997870225e-01,2.962746415652581788e+00,-1.355262943611228454e+00,9.740393891715571906e-01,2.981999735743404045e+00,-1.346025027019547515e+00,9.955619646030801073e-01,3.015051301811087825e+00,4.623915073034413625e-01,9.160256752582819351e-01,3.199183910463922111e-03,-5.230488615850603651e-02,2.882971232356680222e-02,8.096000000000000765e-03
1.400000000000000000e+01,-1.339074343697851832e+00,9.920897692454984096e-01,3.008086156880239059e+00,-1.351689872920170510e+00,1.003968950871645616e+00,2.996818998483234964e+00,-1.346025027019547515e+00,9.955619646030801073e-01,3.015051301811087825e+00,4.623600412319476827e-01,8.575473428853135349e-01,2.567229383723697647e-03,-6.965144930848765625e-03,7.769693638729291939e-03,8.135000000000001605e-03
1.405000000000000071e+01,-1.360607579464177874e+00,9.945380604472819908e-01,3.048674995156734013e+00,-1.372293587841447948e+00,1.003415789380099676e+00,3.047894904096912327e+00,-1.369094211857377452e+00,9.980267284282715590e-01,3.055679178538551533e+00,4.564022472080646597e-01,8.686423764044672868e-01,2.747581289060961173e-03,-7.004183381817519205e-03,9.175714340523369664e-03,8.295999999999999555e-03
1.410000000000000142e+01,-1.381244449282379216e+00,9.960429848465489622e-01,3.088919899954619908e+00,-1.380090136317531968e+00,9.766350403798487179e-01,3.077097176674193690e+00,-1.369094211857377452e+00,9.980267284282715590e-01,3.055679178538551533e+00,4.513879241982470814e-01,7.274610989592508181e-01,3.019012392874748964e-03,3.324072141606837505e-02,1.231111319426229228e-02,8.135000000000001605e-03
1.415000000000000036e+01,-1.401942914125976047e+00,9.967842626560674546e-01,3.122669649585473550e+00,-1.418893254123765324e+00,9.975447338861638258e-01,3.113407088103890885e+00,-1.414213562373094923e+00,1.000000000000000000e+00,-3.141592653589789119e+00,4.398818426728540176e-01,8.774610989592508403e-01,3.215737343932596141e-03,-1.892300400432311847e-02,1.268502168187677498e-02,8.205000000000000487e-03
1.420000000000000107e+01,-1.423456860324175066e+00,9.967215223239522803e-01,-3.116837139484557540e+00,-1.425571109544367499e+00,9.958881185830414928e-01,-3.121652794176136503e+00,-1.436252595526377851e+00,9.995065603657314890e-01,-3.096492768355988634e+00,4.470001867042210364e-01,1.006198781761586947e+00,3.359096715449129411e-03,-2.034437112856890550e-02,1.309531505001116508e-02,8.174999999999999975e-03
1.425000000000000000e+01,-1.444539596989415919e+00,9.957189555495576938e-01,-3.071311921931286548e+00,-1.453187118330238059e+00,1.005936789704128920e+00,-3.068762816817605543e+00,-1.457937254842823105e+00,9.980267284282715590e-01,-3.050134194394636289e+00,4.367335436602602927e-01,1.016937519089739173e+00,3.521749365653167266e-03,-2.117772753665025931e-02,1.359496420064026934e-02,8.265000000000001512e-03
1.430000000000000071e+01,-1.464700693880210292e+00,9.938383738160113667e-01,-3.025856137170049642e+00,-1.475977610862665879e+00,9.833207849872852568e-01,-3.025232079054938517e+00,-1.479262189957220031e+00,9.955619646030798853e-01,-3.002678949097498329e+00,4.282553284385847148e-01,1.049393494048061815e+00,3.723279428948027183e-03,-2.317718807255131352e-02,1.466314881606394643e-02,8.465999999999999567e-03
1.435000000000000142e+01,-1.484590840977434212e+00,9.910170567106444395e-01,-2.975519221099993672e+00,-1.482915374055533420e+00,9.950014370265568564e-01,-2.979424079327306796e+00,-1.479262189957220031e+00,9.955619646030798853e-01,-3.002678949097498329e+00,4.235202783049230035e-01,8.993934940480617923e-01,3.763282513495861022e-03,2.715972799750465683e-02,7.003621166650266308e-03,8.095000000000001500e-03
1.440000000000000036e+01,-1.504028260758411450e+00,9.873372126060037113e-01,-2.933459759901597685e+00,-1.529172521762110604e+00,1.006833352783104818e+00,-2.916087128253642913e+00,-1.520811931200061196e+00,9.876883405951378814e-01,-2.905250519728246772e+00,4.164055166734816349e-01,1.049393494048061815e+00,4.271230167286121579e-03,-2.820924017335091349e-02,1.678734298090858723e-02,8.064999999999999253e-03
1.445000000000000107e+01,-1.522671852093353762e+00,9.829372184612384933e-01,-2.886195887465179410e+00,-1.520506809120651726e+00,9.949084143411416337e-01,-2.874103853593799052e+00,-1.520811931200061196e+00,9.876883405951378814e-01,-2.905250519728246772e+00,4.212959447949544134e-01,8.993934940480617923e-01,4.183548700995267516e-03,1.905463226306736146e-02,5.102202197143395485e-03,8.376000000000001500e-03
1.450000000000000000e+01,-1.541616804271591867e+00,9.775742178364376089e-01,-2.845258214883240822e+00,-1.520694625170730507e+00,9.941511795683881658e-01,-2.826650833282867037e+00,-1.520811931200061196e+00,9.876883405951378814e-01,-2.905250519728246772e+00,4.198798010032201433e-01,7.493934940480617701e-01,4.961540013466972723e-03,5.999230484500595040e-02,2.313305476370470376e-02,8.234999999999999265e-03
1.455000000000000071e+01,-1.559928296838905437e+00,9.716262005196787399e-01,-2.809781183132920912e+00,-1.573487093279143822e+00,9.813084519744382783e-01,-2.798346980919695692e+00,-1.560860814676660713e+00,9.759167619387469905e-01,-2.805942088609573837e+00,4.069095280138117499e-01,8.993934940480617923e-01,4.358287880799635236e-03,-3.839094523347075238e-03,4.390729644208207945e-03,8.755999999999999894e-03
1.460000000000000142e+01,-1.577920604942279814e+00,9.649795451308312844e-01,-2.765670965724346342e+00,-1.566095460466408351e+00,9.572885431208185691e-01,-2.756481399362282314e+00,-1.580310024751380826e+00,9.685831611286310761e-01,-2.756178217799814423e+00,4.236032213950745584e-01,1.031068157619565495e+00,4.237550622735097514e-03,-9.492747924531919068e-03,4.323814899336337648e-03,8.436000000000000790e-03
1.465000000000000036e+01,-1.596291916126033827e+00,9.571704801242787441e-01,-2.713657072027837458e+00,-1.601757700996076617e+00,9.587548880478259372e-01,-2.697732257415446977e+00,-1.599369316974180943e+00,9.602936856769430651e-01,-2.706661930051134313e+00,4.134168962715248363e-01,9.795690434544003233e-01,4.129088109703592940e-03,-6.995141976703145303e-03,4.384610462101489609e-03,8.475999999999999160e-03
1.470000000000000107e+01,-1.613158245938147273e+00,9.489858784432602112e-01,-2.665951319786262541e+00,-1.611061150958507993e+00,9.471243846808681255e-01,-2.687905403690300510e+00,-1.618033988749894680e+00,9.510565162951536422e-01,-2.657623499136292367e+00,4.209332793043773502e-01,1.129569043454400346e+00,4.101499940380179746e-03,-8.327820649970174571e-03,5.297207668196552734e-03,8.546000000000001512e-03
1.475000000000000000e+01,-1.630436730975399984e+00,9.395015759732781024e-01,-2.613224775646961096e+00,-1.609468143800458551e+00,9.087175533625047041e-01,-2.613983478039824337e+00,-1.636299434850047696e+00,9.408807689542250108e-01,-2.609277363450283271e+00,4.253972967556413631e-01,9.795690434544003233e-01,4.163855929103812276e-03,-3.947412196677824170e-03,6.022746051470418902e-03,8.255999999999999450e-03
1.480000000000000071e+01,-1.647813753810756232e+00,9.287811500042096879e-01,-2.564408703578964666e+00,-1.629045890203048463e+00,9.314634222458537671e-01,-2.557071105761547614e+00,-1.636299434850047696e+00,9.408807689542250108e-01,-2.609277363450283271e+00,4.200384985158329698e-01,8.295690434544003011e-01,4.581588658020341494e-03,4.486865987131860578e-02,1.670270396865435741e-02,8.375000000000000500e-03
1.485000000000000142e+01,-1.664257509480965291e+00,9.176052051599635773e-01,-2.524906497928462557e+00,-1.688487341210820114e+00,9.281831547601975263e-01,-2.512407271635671790e+00,-1.671614722736540104e+00,9.177546256839814731e-01,-2.515410790842174560e+00,4.189124172842046967e-01,9.795690434544003233e-01,4.432805028640444782e-03,-9.495707086287996646e-03,7.358730419101077586e-03,8.516000000000001000e-03
1.490000000000000036e+01,-1.680206498190973896e+00,9.057106974525316323e-01,-2.476683428343582793e+00,-1.689900190978569805e+00,8.867828853059027683e-01,-2.479388017107765574e+00,-1.705280328708184800e+00,8.910065241883675657e-01,-2.426298338943760680e+00,4.422117889634073484e-01,1.129569043454400346e+00,5.344227477568835177e-03,-5.038508939982211388e-02,2.906733025560438721e-02,8.465999999999999567e-03
1.495000000000000107e+01,-1.695850962877203827e+00,8.927644741458988786e-01,-2.423897818831890039e+00,-1.706325323388748760e+00,8.706610258732949692e-01,-2.420834441082233557e+00,-1.721484054007887510e+00,8.763066800438633619e-01,-2.383790380104096940e+00,4.464368170072537390e-01,9.795690434544003233e-01,5.664219182264493280e-03,-4.010743872779309882e-02,3.046168655243713594e-02,8.336000000000001395e-03
1.500000000000000000e+01,-1.711336817630928042e+00,8.785909163393818000e-01,-2.376924578873651939e+00,-1.716715986515747305e+00,8.705062837109526219e-01,-2.379718305764976449e+00,-1.721484054007887510e+00,8.763066800438633619e-01,-2.383790380104096940e+00,4.398470111164646257e-01,8.295690434544003011e-01,5.315316224162832878e-03,6.865801230445001124e-03,1.040116058637944978e-02,8.355000000000001315e-03
1.505000000000000071e+01,-1.726047404317914591e+00,8.639380970651675540e-01,-2.339399049849973711e+00,-1.719856137153602083e+00,8.677636416517949813e-01,-2.337936943126773137e+00,-1.721484054007887510e+00,8.763066800438633619e-01,-2.383790380104096940e+00,4.356385052249544532e-01,6.795690434544002789e-01,5.847386540679173732e-03,4.439133025412322908e-02,1.318355077181060202e-02,8.285000000000000697e-03
1.510000000000000142e+01,-1.739920516296181940e+00,8.490957979018166624e-01,-2.305512615901007312e+00,-1.739666566107299639e+00,8.755379942165110174e-01,-2.322564225418621842e+00,-1.737263028876382620e+00,8.607420270039435328e-01,-2.342735081697068900e+00,4.542241119496278623e-01,8.295690434544003011e-01,6.219296714998100682e-03,3.722246579606158789e-02,1.194558042481061282e-02,8.366000000000000172e-03
1.515000000000000036e+01,-1.754074423629142565e+00,8.328541816801680042e-01,-2.269722276098134817e+00,-1.757423372617540558e+00,8.614756679236854620e-01,-2.258171549525481048e+00,-1.752613360087727168e+00,8.443279255020150753e-01,-2.303166849242192615e+00,4.608105703354014038e-01,6.795690434544002789e-01,6.585303260350861346e-03,3.344457314405779869e-02,1.156639546105125808e-02,8.406000000000000277e-03
1.520000000000000107e+01,-1.767460603102694927e+00,8.164130866474655912e-01,-2.238538072130697110e+00,-1.782813482592867871e+00,8.178872880200482864e-01,-2.213934203227443387e+00,-1.782013048376735576e+00,8.090169943749476733e-01,-2.228523868394608698e+00,4.724228355065222540e-01,7.809069123177657668e-01,6.995185214513805275e-03,-1.001420373608841174e-02,1.632408785683130484e-02,8.266000000000000777e-03
1.525000000000000000e+01,-1.781065508701549671e+00,7.985191939188459598e-01,-2.203188424924107824e+00,-1.796706455126913626e+00,8.075331629858139015e-01,-2.192227823455720870e+00,-1.782013048376735576e+00,8.090169943749476733e-01,-2.228523868394608698e+00,4.571467584168408260e-01,6.309069123177657445e-01,7.167383096184417463e-03,2.533544347050087353e-02,1.054047654767946256e-02,8.216000000000001080e-03
1.530000000000000071e+01,-1.793635153509584024e+00,7.808418174790763278e-01,-2.174622497117816522e+00,-1.773402318593635618e+00,7.820599153059873965e-01,-2.187136291775983565e+00,-1.796055151521231075e+00,7.901550123756906352e-01,-2.193421483935332983e+00,4.799412199717744132e-01,7.420792325777141318e-01,7.397059432762030304e-03,1.879898681751646095e-02,9.622473151882443565e-03,8.434999999999999790e-03
1.535000000000000142e+01,-1.805681055818044056e+00,7.627805945491495931e-01,-2.143365295806900495e+00,-1.826415645270643484e+00,7.560625340930117178e-01,-2.146906141657437317e+00,-1.822806553270890140e+00,7.501110696304601477e-01,-2.127485239566102138e+00,4.920695461943436211e-01,7.754895582040889357e-01,7.845408368155570161e-03,-1.588005624079835698e-02,2.130257084656052638e-02,9.127000000000001431e-03
1.540000000000000036e+01,-1.817735821135647800e+00,7.433096189178732827e-01,-2.106939197233512306e+00,-1.809033138646442218e+00,7.711248838909152692e-01,-2.107550496317853295e+00,-1.822806553270890140e+00,7.501110696304601477e-01,-2.127485239566102138e+00,5.118399458504929722e-01,6.254895582040889135e-01,7.898835198018398437e-03,2.054604233258983115e-02,8.483634609241943667e-03,8.486000000000000487e-03
1.545000000000000107e+01,-1.829821168748578364e+00,7.223054891982971792e-01,-2.078892471077669502e+00,-1.807290823863110907e+00,7.196255537777804800e-01,-2.070839821220658461e+00,-1.835509251367962502e+00,7.289686274214109973e-01,-2.096554529215124418e+00,5.025000547741206303e-01,5.302227752351704737e-01,8.263893259648241729e-03,1.766205813745491682e-02,8.760804464503262751e-03,8.355000000000001315e-03
1.550000000000000000e+01,-1.841063266619668681e+00,7.014972778152211985e-01,-2.053388134047774649e+00,-1.847234370954693672e+00,7.150657099405254291e-01,-2.059516565843993341e+00,-1.847759065022573699e+00,7.071067811865471286e-01,-2.066906833657933262e+00,5.116215374383403791e-01,6.365193168863838569e-01,8.558728917491948557e-03,1.351869961015861321e-02,8.735001106196974008e-03,8.295000000000000290e-03
1.555000000000000071e+01,-1.852186316330835414e+00,6.793777677089180012e-01,-2.020072872023077171e+00,-1.855630035501313335e+00,6.764317469064828892e-01,-2.018600354749313652e+00,-1.859552971776502917e+00,6.845471059286883930e-01,-2.038480543411676393e+00,5.080131833357839355e-01,5.067678765511977046e-01,8.906027908287622585e-03,1.840767138859922269e-02,8.999426097566532584e-03,8.406000000000000277e-03
1.560000000000000142e+01,-1.862547899671913587e+00,6.571611806888599805e-01,-1.994318883844623524e+00,-1.857659093124957472e+00,6.651490639992397869e-01,-2.002956349762646582e+00,-1.870888061659734758e+00,6.613118653236517153e-01,-2.011211771068128762e+00,5.291241884789241734e-01,5.589318029161568502e-01,9.313799327313375398e-03,1.689288722350523742e-02,9.315926412364654990e-03,8.326000000000001802e-03
1.565000000000000036e+01,-1.872511404793246070e+00,6.342176642371252226e-01,-1.966653172699743157e+00,-1.875896981405453801e+00,6.355579497176394588e-01,-1.973818118318338755e+00,-1.881761537908450910e+00,6.374239897486897455e-01,-1.985035564911764361e+00,5.293237508531386526e-01,5.055367841719019539e-01,9.758308226327200297e-03,1.838239221202098150e-02,9.790070782947316030e-03,8.394999999999999685e-03
1.570000000000000107e+01,-1.881733005941997661e+00,6.115768486844240792e-01,-1.948506444883901345e+00,-1.884936087005284699e+00,6.141811777928143368e-01,-1.933382108840773217e+00,-1.892170717655091261e+00,6.129070536529752644e-01,-1.959886871818177001e+00,5.398299886705389961e-01,4.209223162044885558e-01,1.016214851261222282e-02,1.138042693427543384e-02,1.052213243900729407e-02,8.446000000000000382e-03
1.575000000000000000e+01,-1.890838313589917385e+00,5.878113516500080848e-01,-1.924847055756239822e+00,-1.898838936139482847e+00,6.313061915594488926e-01,-1.924178924332009766e+00,-1.892170717655091261e+00,6.129070536529752644e-01,-1.959886871818177001e+00,5.491903203437312753e-01,4.318695375448029505e-01,1.075279442762544675e-02,3.503981606193740106e-02,2.513104772218267141e-02,8.436000000000000790e-03
1.580000000000000071e+01,-1.899417582727479736e+00,5.638288250452535566e-01,-1.903834725154699870e+00,-1.903169859568181854e+00,5.642598294364610245e-01,-1.900861490986144986e+00,-1.911586029596660019e+00,5.620833778521310276e-01,-1.912415586767248543e+00,5.557974195006016860e-01,5.010864151035400171e-01,1.088052614906031418e-02,8.580861612548673634e-03,1.229299333409250398e-02,8.245999999999999858e-03
1.585000000000000142e+01,-1.907888597796861152e+00,5.381002184079578532e-01,-1.873891032056750117e+00,-1.915991731110136209e+00,5.258930542388863261e-01,-1.896437657482652028e+00,-1.920587371353885908e+00,5.358267949789972118e-01,-1.889968183021274895e+00,5.514303387160156555e-01,5.190959502891034916e-01,1.134407400571314090e-02,1.607715096452455583e-02,1.290067067791199514e-02,8.436000000000000790e-03
1.590000000000000036e+01,-1.915611808570339747e+00,5.121374121537950463e-01,-1.845973660282888007e+00,-1.889338554185770791e+00,5.041432059275482436e-01,-1.852442159722825332e+00,-1.929114836915596376e+00,5.090414157503705406e-01,-1.868299346513839110e+00,5.717841241721641765e-01,3.690959502891034694e-01,1.200231817296417217e-02,2.232568623095110283e-02,1.385340998537260698e-02,8.224999999999999672e-03
1.595000000000000107e+01,-1.922635301260406049e+00,4.863157672437143919e-01,-1.826769376066999850e+00,-1.913360717450943715e+00,4.806106301296737549e-01,-1.828311122084736340e+00,-1.937166322257262374e+00,4.817536741017146573e-01,-1.847351403644320378e+00,5.770103859854734951e-01,3.613485934433161018e-01,1.273321898808098089e-02,2.058202757732052746e-02,1.523034028009093502e-02,8.224999999999999672e-03
1.600000000000000000e+01,-1.929260341900494335e+00,4.602348640586239048e-01,-1.812338286846324031e+00,-1.938141090724226023e+00,4.219655818947697923e-01,-1.812071485071402588e+00,-1.951833523877494869e+00,4.257792915650723264e-01,-1.807398219694992703e+00,5.842616875766600826e-01,4.632847029878469636e-01,1.386789033897910250e-02,-4.940067151331106743e-03,4.119144353412695914e-02,8.216000000000001080e-03
1.605000000000000071e+01,-1.935498486962418108e+00,4.334663940873814680e-01,-1.787163297484687607e+00,-1.952107269259843125e+00,4.236466746609672818e-01,-1.815610197908086088e+00,-1.951833523877494869e+00,4.257792915650723264e-01,-1.807398219694992703e+00,5.827728769623680138e-01,4.501406598196418529e-01,1.407808343023751740e-02,2.023492221030487315e-02,1.805339237388397730e-02,8.295999999999999555e-03
1.610000000000000142e+01,-1.941233247336181522e+00,4.059954720943778073e-01,-1.766033066966229859e+00,-1.931371271547293045e+00,3.982682174473372583e-01,-1.757947066051621654e+00,-1.958445621243531498e+00,3.971478906347804538e-01,-1.788288363900391698e+00,5.964282733531603986e-01,3.001406598196418307e-01,1.489773575858420809e-02,2.225529693416206101e-02,1.935317837489835061e-02,8.145000000000001197e-03
1.615000000000000213e+01,-1.946491056820032872e+00,3.789852844942182553e-01,-1.760071463667240987e+00,-1.960254350554077929e+00,3.626746338958710680e-01,-1.744821940423247231e+00,-1.964574501457377442e+00,3.681245526846779748e-01,-1.769690077286353080e+00,5.916221384968881614e-01,3.406519571404764690e-01,1.558102537937046395e-02,9.618613619112093005e-03,2.109422824828313670e-02,8.285000000000000697e-03
1.619999999999999929e+01,-1.951593282737158264e+00,3.513550531891927453e-01,-1.746729103503813940e+00,-1.909849483423504912e+00,3.427480445056110825e-01,-1.770487951763887846e+00,-1.964574501457377442e+00,3.681245526846779748e-01,-1.769690077286353080e+00,5.831891273050293645e-01,3.778401294786929987e-01,1.603870555329342182e-02,2.296097378253936228e-02,2.120679496744494463e-02,8.174999999999999975e-03
1.625000000000000000e+01,-1.956177377886423319e+00,3.240337823678414719e-01,-1.727336421275284417e+00,-1.970908106812005123e+00,3.310316284442998969e-01,-1.715697815223593103e+00,-1.970218652309547736e+00,3.387379202452915350e-01,-1.751556155262603776e+00,5.935447772980806391e-01,2.278401294786929765e-01,1.645597211796653164e-02,2.421973398731935845e-02,2.033147948735038874e-02,8.415999999999999870e-03
1.630000000000000071e+01,-1.960341349979189962e+00,2.966985556926403089e-01,-1.716591806051251279e+00,-1.983815741755880824e+00,2.879816762701687960e-01,-1.707501926769201539e+00,-1.980047315433115074e+00,2.789911060392297748e-01,-1.716501716299272839e+00,6.172206079314869198e-01,3.778401294786929987e-01,1.692620448883038614e-02,-9.008975197843938076e-05,2.649299620087087678e-02,8.486000000000000487e-03
1.635000000000000142e+01,-1.964378357423902433e+00,2.677380650145460006e-01,-1.702009946358065795e+00,-1.979016284069779363e+00,2.804042946342674703e-01,-1.713632862623077902e+00,-1.980047315433115074e+00,2.789911060392297748e-01,-1.716501716299272839e+00,6.111225624593235040e-01,3.810032454757225073e-01,1.713675890899968995e-02,1.449176994120726647e-02,1.929111654098033396e-02,8.386000000000001092e-03
1.640000000000000213e+01,-1.967819291565474860e+00,2.397728905105351027e-01,-1.684439057128804818e+00,-1.968143975854268923e+00,2.363015821544995343e-01,-1.700191859417315321e+00,-1.984229402628955752e+00,2.486898871648537679e-01,-1.699495510204537041e+00,6.043535327806194291e-01,3.563035739386958278e-01,1.741883901646367611e-02,1.505645307573200142e-02,1.867631051489850036e-02,8.205000000000000487e-03
1.644999999999999929e+01,-1.970867277864803535e+00,2.119206281350637655e-01,-1.675154243802130294e+00,-1.984332315610338071e+00,1.820665641255411749e-01,-1.672358948018829006e+00,-1.991123929206159993e+00,1.873813145857239348e-01,-1.666321810950855298e+00,6.157242500462926094e-01,3.773969737351501874e-01,1.782373307512296126e-02,-8.832432851274774066e-03,3.181995966430648665e-02,8.224999999999999672e-03
1.650000000000000000e+01,-1.973661464110975317e+00,1.829298794948798212e-01,-1.658608815590006946e+00,-1.974949999244313581e+00,1.636527729413526366e-01,-1.683964160856884051e+00,-1.993834667466255928e+00,1.564344650402320902e-01,-1.650076705123150855e+00,6.299006780680834749e-01,4.759530730856000313e-01,1.801147174938595025e-02,-8.532110466855868935e-03,3.330112791989275900e-02,8.446000000000000382e-03
1.655000000000000071e+01,-1.975936639120754013e+00,1.538687277815256604e-01,-1.639243556532733237e+00,-1.982754254371280833e+00,1.561798460727429894e-01,-1.631025021750893256e+00,-1.993834667466255928e+00,1.564344650402320902e-01,-1.650076705123150855e+00,6.228842983055501437e-01,3.259530730856000091e-01,1.804500946065794656e-02,1.083314859041761835e-02,1.808099627612108282e-02,8.436000000000000790e-03
1.660000000000000142e+01,-1.977740944557861091e+00,1.240455850116226610e-01,-1.623202144447200235e+00,-1.987473628122953251e+00,1.359770721718542019e-01,-1.618167262039353460e+00,-1.996053456856543118e+00,1.253332335643038975e-01,-1.634009380114820775e+00,6.344785887663552115e-01,3.082025859622923858e-01,1.835727908600558525e-02,1.080723566762031851e-02,1.835772713286158708e-02,8.305000000000001617e-03
1.665000000000000213e+01,-1.979056069438292376e+00,9.374456635117719983e-02,-1.605140069974683836e+00,-1.951769975032789706e+00,9.361588211464078046e-02,-1.609027230303331946e+00,-1.997779749923940029e+00,9.410831331851238213e-02,-1.618083330494513472e+00,6.276160394900587303e-01,2.780002565854343688e-01,1.871994483755300837e-02,1.294326051982963577e-02,1.872721342818702006e-02,8.285000000000000697e-03
1.669999999999999929e+01,-1.979866218052789950e+00,6.473056659123758994e-02,-1.592283435513514256e+00,-1.982586164304587673e+00,7.364104552564121331e-02,-1.569655614785633091e+00,-1.999013120731463200e+00,6.279051952931338776e-02,-1.602262684194616593e+00,6.371783916795754621e-01,1.953622068082824792e-01,1.907638834285859536e-02,9.979248681102337315e-03,1.924493867979489362e-02,8.316000000000002210e-03
1.675000000000000000e+01,-1.980344773693738070e+00,3.486269232184092959e-02,-1.581351317334036555e+00,-1.997164408151909765e+00,1.783942394432665168e-02,-1.591617582878225301e+00,-1.999753264963321175e+00,3.141075907812847928e-02,-1.586512043544509698e+00,6.157984821784090457e-01,3.453622068082825014e-01,1.935184715591111229e-02,5.160726210473143283e-03,1.971307628150743146e-02,8.245999999999999858e-03
1.680000000000000071e+01,-1.980390954668512338e+00,5.130942294989171426e-03,-1.563347842774462482e+00,-1.985735767943769714e+00,1.924402539721933782e-03,-1.576659913314550687e+00,-2.000000000000000000e+00,3.673940397442059375e-16,-1.570796326794896558e+00,6.299363443430073817e-01,3.451236934922294330e-01,1.960904533148766227e-02,7.448484020434076314e-03,2.026921872314873044e-02,8.165000000000000382e-03
1.685000000000000142e+01,-1.980009323462900150e+00,-2.473916079604865717e-02,-1.552693480025248762e+00,-1.969904498115921054e+00,-3.056455871680067299e-02,-1.553024746671402889e+00,-1.999753264963321175e+00,-3.141075907812952012e-02,-1.555080610045277867e+00,6.283207357253061121e-01,2.859818423645157925e-01,1.984634796714290078e-02,2.387130020029104571e-03,2.084066816610043171e-02,8.506000000000001407e-03
1.690000000000000213e+01,-1.979303962368002212e+00,-5.395487555209332875e-02,-1.540622135105883528e+00,-1.971801812272621524e+00,-5.692224241893645981e-02,-1.546710856431133596e+00,-1.999013120731462978e+00,-6.279051952931442859e-02,-1.539329969395176523e+00,6.317773236956916172e-01,3.497702686898078173e-01,1.997738149099774138e-02,-1.292165710706782988e-03,2.159906312524177349e-02,8.406000000000000277e-03
1.694999999999999929e+01,-1.978202169617305106e+00,-8.371344277867287520e-02,-1.526955549403537615e+00,-1.952137913048235029e+00,-8.310246322572728550e-02,-1.518076694222085576e+00,-1.997779749923940029e+00,-9.410831331851342296e-02,-1.523509323095284085e+00,6.340702768345379825e-01,2.479569366621500182e-01,2.004705517157594208e-02,-3.446226308253308446e-03,2.216607733007318684e-02,8.326000000000001802e-03
1.700000000000000000e+01,-1.976704326808964796e+00,-1.131182958900134178e-01,-1.512847830841778762e+00,-2.005177156954712103e+00,-1.237052949219629994e-01,-1.501230179687024879e+00,-1.996053456856543118e+00,-1.253332335643031759e-01,-1.507583273474971675e+00,6.264771691242894125e-01,3.476749220339622193e-01,2.008211379589464399e-02,-5.264557366807309791e-03,2.288216633067947925e-02,8.236000000000000265e-03
1.705000000000000071e+01,-1.974828413315326658e+00,-1.421168986021526248e-01,-1.499545267293269424e+00,-1.988250304826986614e+00,-1.344204591945180605e-01,-1.508970512767100924e+00,-1.996053456856543118e+00,-1.253332335643031759e-01,-1.507583273474971675e+00,6.159024275436674190e-01,3.628472393488004766e-01,2.012241090649919892e-02,8.038006181702250785e-03,2.705908138553976203e-02,8.265000000000001512e-03
1.710000000000000142e+01,-1.972565418482163491e+00,-1.709534831985531911e-01,-1.485415360971692689e+00,-1.963574390542998316e+00,-1.921140638824694324e-01,-1.476902832164902923e+00,-1.991123929206159993e+00,-1.873813145857249618e-01,-1.475270842638938706e+00,6.133082129333824462e-01,3.287371172626983307e-01,2.004079178832135488e-02,-1.014451833275398229e-02,2.478491404822778799e-02,8.266000000000000777e-03
1.715000000000000213e+01,-1.969933358466139373e+00,-1.993583741250929964e-01,-1.471380569441300912e+00,-1.958853451996827477e+00,-1.962478457873880755e-01,-1.459515709133414996e+00,-1.991123929206159993e+00,-1.873813145857249618e-01,-1.475270842638938706e+00,6.091234032103854945e-01,2.423324418288358983e-01,1.995158583247133230e-02,3.890273197638016711e-03,2.434112247817230013e-02,8.216000000000001080e-03
1.719999999999999929e+01,-1.966994339120763380e+00,-2.276172112218179389e-01,-1.462950142338601101e+00,-1.999758115375316558e+00,-2.300489386875286257e-01,-1.470584073130465352e+00,-1.987921910910359413e+00,-2.181432413965427031e-01,-1.458810657793819576e+00,6.074498831173679170e-01,3.923324418288359205e-01,1.973775201175150332e-02,-4.139484544781524278e-03,2.297214324478500519e-02,8.245000000000000592e-03
1.725000000000000000e+01,-1.963775786045520722e+00,-2.553720343373390156e-01,-1.447746345712338956e+00,-1.943202181385580873e+00,-2.401807243667489489e-01,-1.446362718613155351e+00,-1.984229402628955752e+00,-2.486898871648547671e-01,-1.442097143385252300e+00,6.164032059021558041e-01,3.106058104432571909e-01,1.942684394383848573e-02,-5.649202327086655373e-03,2.151747016210102045e-02,8.236000000000000265e-03
1.730000000000000071e+01,-1.960006062382368741e+00,-2.846235704225824059e-01,-1.437513800805868325e+00,-1.956550922751088217e+00,-2.921525905533696732e-01,-1.443557781810550944e+00,-1.975376681190275541e+00,-3.090169943749470627e-01,-1.407751407822099843e+00,6.173367859206398967e-01,4.606058104432572131e-01,1.912639318094722096e-02,-2.976239298376848197e-02,2.883218782294843380e-02,8.335000000000000395e-03
1.735000000000000142e+01,-1.955988176172323234e+00,-3.122761229748530765e-01,-1.415500491606484612e+00,-1.962785445047108501e+00,-2.995554183465720666e-01,-1.409693141085113677e+00,-1.975376681190275541e+00,-3.090169943749470627e-01,-1.407751407822099843e+00,6.120603815464890074e-01,3.106058104432571909e-01,1.860233371169750863e-02,-7.749083784384769302e-03,1.966051998452449795e-02,8.255999999999999450e-03
1.740000000000000213e+01,-1.951256460147227312e+00,-3.409847415888615507e-01,-1.399392004070175055e+00,-1.949696937127900265e+00,-3.442543182630532494e-01,-1.421960515579389517e+00,-1.970218652309547958e+00,-3.387379202452908689e-01,-1.390036498327185344e+00,5.923548265678519886e-01,4.606058104432572131e-01,1.824932134750015256e-02,-9.355505742989933538e-03,1.909484060553267096e-02,8.276000000000000370e-03
1.744999999999999929e+01,-1.946388537921015516e+00,-3.677011221187294066e-01,-1.381740175731886344e+00,-1.964557351212692593e+00,-3.595014998212706092e-01,-1.372078646377282940e+00,-1.964574501457377220e+00,-3.681245526846789184e-01,-1.371902576303445809e+00,6.034510558436052552e-01,3.360114332968704987e-01,1.791110454605674557e-02,-9.837599428440313432e-03,1.819089231428898043e-02,8.305999999999999148e-03
1.750000000000000000e+01,-1.940890349173971963e+00,-3.954394777750894208e-01,-1.368493104255720239e+00,-1.909975155976962213e+00,-3.889559548149965629e-01,-1.366568835305300711e+00,-1.958445621243531720e+00,-3.971478906347797877e-01,-1.353304289689401418e+00,5.881915557039399944e-01,4.079979141110284258e-01,1.751034331380147205e-02,-1.518881456631859805e-02,1.763820432854264209e-02,8.236000000000000265e-03
1.755000000000000071e+01,-1.935199377576487745e+00,-4.220448128242611507e-01,-1.351644001624212166e+00,-1.928460302752871725e+00,-4.133467699317336930e-01,-1.358992465922669091e+00,-1.951833523877494647e+00,-4.257792915650732701e-01,-1.334194433894804410e+00,5.904831612313418132e-01,4.764874205948171904e-01,1.704608458887725206e-02,-1.744956772940753353e-02,1.704820092059215753e-02,8.325000000000000802e-03
1.760000000000000142e+01,-1.928957093234216824e+00,-4.488345451314810219e-01,-1.332097482043265835e+00,-1.895298956564215764e+00,-4.299638559061415011e-01,-1.322467288637309668e+00,-1.944739840795353114e+00,-4.539904997395472486e-01,-1.314523834253639389e+00,5.882619895318709213e-01,3.519812191443264515e-01,1.657422078173823726e-02,-1.757364778962644536e-02,1.660358360411971074e-02,8.415999999999999870e-03
1.765000000000000213e+01,-1.922228832116924080e+00,-4.756750541871265781e-01,-1.318266301516621386e+00,-1.930814467482949937e+00,-4.562784013990180965e-01,-1.323842172095921033e+00,-1.944739840795353114e+00,-4.539904997395472486e-01,-1.314523834253639389e+00,5.734475999195473017e-01,4.442783415393393720e-01,1.627930760532800628e-02,-3.742467262981996612e-03,3.125644594816147370e-02,8.285000000000000697e-03
1.769999999999999929e+01,-1.915452735549033614e+00,-5.013322960176723742e-01,-1.306915770385238984e+00,-1.909140588825260609e+00,-5.040025678314411506e-01,-1.300872654783087334e+00,-1.929114836915596154e+00,-5.090414157503714288e-01,-1.273293307075952230e+00,5.644272204635412127e-01,5.430674056242746905e-01,1.532174843477786610e-02,-3.362246330928675420e-02,1.568705009883375120e-02,8.196000000000000160e-03
1.775000000000000000e+01,-1.908059763228456607e+00,-5.274648216100561449e-01,-1.283279470568991831e+00,-1.922309981379169530e+00,-5.415873034818600162e-01,-1.292574982123846583e+00,-1.920587371353886130e+00,-5.358267949789965456e-01,-1.251624470568524217e+00,5.537285650843204454e-01,6.130326874722913377e-01,1.451873170537228835e-02,-3.165500000046783668e-02,1.506199070399382237e-02,8.205000000000000487e-03
1.780000000000000071e+01,-1.900396706399179347e+00,-5.520374297918708706e-01,-1.253721407563736401e+00,-1.901046844996387319e+00,-5.615559923257167352e-01,-1.259224437760575688e+00,-1.911586029596659797e+00,-5.620833778521319157e-01,-1.229177066822550568e+00,5.484716492150050193e-01,5.359222962425107539e-01,1.390825596067703056e-02,-2.454434074118605480e-02,1.503735435663922787e-02,8.216000000000001080e-03
1.785000000000000142e+01,-1.892068192244813041e+00,-5.764382996754378041e-01,-1.230028066862748348e+00,-1.882517848988231490e+00,-5.752327559211641850e-01,-1.231084158807970841e+00,-1.902113032590307284e+00,-5.877852522924728040e-01,-1.205891371747590091e+00,5.481461492063408603e-01,5.378615065395120354e-01,1.343274407283303121e-02,-2.413669511515825761e-02,1.515427831537042788e-02,8.145000000000001197e-03
1.790000000000000213e+01,-1.883372364545043975e+00,-6.000402193111382676e-01,-1.205555188486498119e+00,-1.888862147317843299e+00,-6.034216368868022817e-01,-1.196670704102838600e+00,-1.892170717655090817e+00,-6.129070536529760416e-01,-1.181705781771621444e+00,5.431965498217775634e-01,5.386158225456412207e-01,1.302171152110910557e-02,-2.384940671487667530e-02,1.558738090345414100e-02,8.305000000000001617e-03
1.794999999999999929e+01,-1.874239240362306935e+00,-6.230432186555778795e-01,-1.180132361771022875e+00,-1.864630266821766469e+00,-6.170153027787519395e-01,-1.193038897296749612e+00,-1.881761537908451132e+00,-6.374239897486890793e-01,-1.156557088678022094e+00,5.390267882084147644e-01,6.581559382403339153e-01,1.267425131873230193e-02,-2.357527309300078144e-02,1.622934187221372615e-02,8.195000000000000895e-03
1.800000000000000000e+01,-1.864195274268030111e+00,-6.464556495471890374e-01,-1.150950295413295299e+00,-1.868772567979339660e+00,-6.393101399908152072e-01,-1.145943461256962559e+00,-1.881761537908451132e+00,-6.374239897486890793e-01,-1.156557088678022094e+00,5.224810856700566886e-01,5.081559382403338931e-01,1.244537250142372167e-02,5.606793264727016890e-03,1.975207576434987941e-02,8.255999999999999450e-03
1.805000000000000071e+01,-1.853836606811241960e+00,-6.688381463614427869e-01,-1.123744278306763711e+00,-1.850519886171651862e+00,-6.931816207103732586e-01,-1.127835748981191877e+00,-1.859552971776503139e+00,-6.845471059286878379e-01,-1.103112110178119831e+00,5.022839496199884568e-01,6.581559382403339153e-01,1.218443064061703641e-02,-2.063216812864387961e-02,1.671670539016002419e-02,8.275000000000001105e-03
1.810000000000000142e+01,-1.843214563758197588e+00,-6.900528970499413273e-01,-1.089447236052714540e+00,-1.845777019236697347e+00,-7.071891135893093594e-01,-1.086446905472298496e+00,-1.847759065022573921e+00,-7.071067811865465735e-01,-1.074685819931865627e+00,5.041618597233904486e-01,6.184175375238962769e-01,1.211441409839920415e-02,-1.476141612084891364e-02,1.764900722099331520e-02,8.285999999999999963e-03
1.815000000000000213e+01,-1.831889460197953401e+00,-7.108499161115066078e-01,-1.054840331411019072e+00,-1.837486259580928927e+00,-7.012070197791968607e-01,-1.041675933208957350e+00,-1.847759065022573921e+00,-7.071067811865465735e-01,-1.074685819931865627e+00,5.051046021715155376e-01,4.684175375238962546e-01,1.217461114540544127e-02,1.984548852084655479e-02,1.630507333182143123e-02,8.245999999999999858e-03
1.819999999999999929e+01,-1.820178794653239507e+00,-7.310028284056356851e-01,-1.033953536035701060e+00,-1.832832214553203443e+00,-7.281691658217613883e-01,-1.036920220075016719e+00,-1.835509251367962058e+00,-7.289686274214117745e-01,-1.045038124374672694e+00,4.965885689949174897e-01,6.184175375238962769e-01,1.223907921001015850e-02,1.108458833897163487e-02,1.546482708361782143e-02,8.425999999999999462e-03
1.825000000000000000e+01,-1.807820778542923223e+00,-7.511194513112638971e-01,-1.005876261548440453e+00,-1.819457149329879675e+00,-7.667419520609067840e-01,-1.003721892315509123e+00,-1.809654104932038265e+00,-7.705132427757903635e-01,-9.818358515025762401e-01,4.891840233514986314e-01,7.684175375238962991e-01,1.229763675372859411e-02,-2.404041004586421337e-02,1.948025238590520014e-02,8.236000000000000265e-03
1.830000000000000071e+01,-1.795065447564322847e+00,-7.703543217169418478e-01,-9.646080617006060898e-01,-1.812886751670133689e+00,-7.665134091109436776e-01,-9.834968906219279106e-01,-1.809654104932038265e+00,-7.705132427757903635e-01,-9.818358515025762401e-01,4.861848732991739253e-01,6.586051242873656175e-01,1.221901983577519842e-02,1.722778980197015031e-02,1.458952294269908259e-02,8.366000000000000172e-03
1.835000000000000142e+01,-1.781784393655419407e+00,-7.889325211884113953e-01,-9.357080280206844236e-01,-1.791275000800069073e+00,-7.894093418343512969e-01,-9.161711070961104930e-01,-1.796055151521231297e+00,-7.901550123756901911e-01,-9.481711696544552481e-01,4.717732679238610394e-01,5.674220482790609532e-01,1.230577491869321201e-02,1.246314163377082451e-02,1.432302393936441855e-02,1.233300000000000021e-02
1.840000000000000213e+01,-1.768140588280404879e+00,-8.068722738112666937e-01,-9.054659658828176916e-01,-1.777208116392601456e+00,-7.808259001402726440e-01,-9.066526346996064412e-01,-1.796055151521231297e+00,-7.901550123756901911e-01,-9.481711696544552481e-01,4.704999068106673343e-01,5.736577736240195957e-01,1.292740450649694159e-02,4.270520377163755654e-02,3.253751174923354139e-02,8.465999999999999567e-03
1.844999999999999929e+01,-1.754199905791319569e+00,-8.242011907246726832e-01,-8.811992426169621417e-01,-1.746400395674824191e+00,-7.965680701517359186e-01,-8.758564068067018482e-01,-1.767531260177387153e+00,-8.270805742745614975e-01,-8.764942210668307254e-01,4.684137293391149592e-01,7.236577736240196179e-01,1.208752310201889960e-02,-4.705021550131416319e-03,1.363876311819710828e-02,8.255999999999999450e-03
1.850000000000000000e+01,-1.740355513067434634e+00,-8.404480970605414658e-01,-8.489406910650929561e-01,-1.764110378486424713e+00,-8.422606605099759447e-01,-8.518320761090509841e-01,-1.752613360087726724e+00,-8.443279255020156304e-01,-8.384258043476058297e-01,4.609488154124102288e-01,8.736577736240196401e-01,1.170901664959322908e-02,-1.051488671748712633e-02,1.285721129592865865e-02,8.245000000000000592e-03
1.855000000000000071e+01,-1.725646857293595238e+00,-8.564750073132714192e-01,-8.075834878708025855e-01,-1.732311981437335557e+00,-8.427552623816345623e-01,-8.134208544371213101e-01,-1.737263028876382176e+00,-8.607420270039440879e-01,-7.988575718927242164e-01,4.547260702722216164e-01,8.655192451327181624e-01,1.130003650520431530e-02,-8.725915978078369051e-03,1.237509188981379162e-02,8.206000000000001487e-03
1.860000000000000142e+01,-1.710450461292269742e+00,-8.716750375927880823e-01,-7.634519642831203434e-01,-1.719761874486042119e+00,-9.050970785735372726e-01,-7.816767206703714166e-01,-1.705280328708185023e+00,-8.910065241883672327e-01,-7.152943146460319923e-01,4.354321723818618817e-01,1.015519245132718185e+00,1.120256627111161640e-02,-4.815764963708835111e-02,2.001091314588294631e-02,8.245000000000000592e-03
1.865000000000000213e+01,-1.695177622227942216e+00,-8.855488330585119527e-01,-7.114176367895073128e-01,-1.693762381212611690e+00,-8.753687834064257656e-01,-7.064260992611237633e-01,-1.705280328708185023e+00,-8.910065241883672327e-01,-7.152943146460319923e-01,4.362558435073025653e-01,8.655192451327181624e-01,1.074576761448740869e-02,3.876677856524679555e-03,1.148264214781776621e-02,8.385000000000000092e-03
1.869999999999999929e+01,-1.680267485568847974e+00,-8.979259471193380415e-01,-6.742530952945955391e-01,-1.683653192030618584e+00,-9.025651356174561046e-01,-6.616383150659128631e-01,-1.688655851004029929e+00,-9.048270524660196878e-01,-6.713924332034144626e-01,4.277014385727415657e-01,8.947057191495332296e-01,1.062147094973920139e-02,-2.860662091181076505e-03,1.086231695726806550e-02,8.196000000000000160e-03
1.875000000000000000e+01,-1.663710294361826936e+00,-9.105606211661525506e-01,-6.294029073308387012e-01,-1.659029820609889905e+00,-9.207662985438592740e-01,-6.351717694698644223e-01,-1.654161148549122773e+00,-9.297764858882520134e-01,-5.797757117532884585e-01,4.295967122606764721e-01,1.044705719149533252e+00,1.084434579942665858e-02,-4.962719557755024269e-02,2.145776416056230373e-02,8.415999999999999870e-03
1.880000000000000071e+01,-1.646938493923910674e+00,-9.221545034979855560e-01,-5.802859933749644483e-01,-1.642995984168730494e+00,-9.363664347131069876e-01,-5.441313820056530304e-01,-1.636299434850047918e+00,-9.408807689542247887e-01,-5.323152901395076242e-01,4.265122131059296273e-01,9.370349736597265444e-01,1.073555492848975515e-02,-4.797070323545682413e-02,2.153746958012199217e-02,8.245999999999999858e-03
1.885000000000000142e+01,-1.630065681412949941e+00,-9.327486253478766143e-01,-5.410510278995235289e-01,-1.634761819717014619e+00,-9.437281709880871450e-01,-5.439327393771806740e-01,-1.636299434850047918e+00,-9.408807689542247887e-01,-5.323152901395076242e-01,4.167651648814161836e-01,1.025323796830322376e+00,1.017074848024920875e-02,-8.735737760015904740e-03,1.024653314779200471e-02,8.325000000000000802e-03
1.890000000000000213e+01,-1.613026009967227337e+00,-9.424178871341253316e-01,-4.912413573995948468e-01,-1.615052123721165245e+00,-9.461941258798662879e-01,-5.017944558941391797e-01,-1.618033988749895125e+00,-9.510565162951534202e-01,-4.839691544535007495e-01,4.168108168120759349e-01,1.063433993399524269e+00,9.976719620832911334e-03,-7.272202946094097342e-03,9.985277425761168377e-03,8.255999999999999450e-03
1.894999999999999929e+01,-1.595890504376510366e+00,-9.510469997123383035e-01,-4.417750203665709030e-01,-1.592931541423015185e+00,-9.358202861267913564e-01,-4.306037570149827687e-01,-1.599369316974180277e+00,-9.602936856769433982e-01,-4.349307235386516979e-01,4.199885940851827981e-01,9.432906995423011587e-01,9.851601671849183686e-03,-6.844296827919205128e-03,9.879440187466682552e-03,8.176000000000000975e-03
1.900000000000000000e+01,-1.577825339557153317e+00,-9.590978414837595389e-01,-3.966954751228675136e-01,-1.578041259094290050e+00,-9.509039071919970221e-01,-3.823105557616792716e-01,-1.580310024751380160e+00,-9.685831611286314091e-01,-3.854144357899755846e-01,4.196577741339322376e-01,1.007538882659837043e+00,9.723602791559126865e-03,-1.128103933289192895e-02,9.805353093071268733e-03,8.234999999999999265e-03
1.905000000000000071e+01,-1.559718800929620564e+00,-9.661992347048672380e-01,-3.508337784875301679e-01,-1.550430427150641277e+00,-9.886314940130964679e-01,-3.665909792013644086e-01,-1.541026485551579173e+00,-9.822872507286884991e-01,-2.858789635025598130e-01,4.225815590582456260e-01,1.157538882659836954e+00,1.016382146881503017e-02,-6.495481498497035489e-02,2.466225686702034833e-02,8.224999999999999672e-03
1.910000000000000142e+01,-1.540927955370005487e+00,-9.724833530149876726e-01,-2.946307083698349594e-01,-1.554467741723425167e+00,-9.503784778494150931e-01,-3.111271039645937542e-01,-1.541026485551579173e+00,-9.822872507286884991e-01,-2.858789635025598130e-01,4.370021956923305084e-01,1.007538882659837043e+00,9.433783834144990332e-03,-8.751744867275146333e-03,9.804392820434585168e-03,8.305999999999999148e-03
1.915000000000000213e+01,-1.521585424541867404e+00,-9.778602195975265587e-01,-2.476413118131204349e-01,-1.517439799146581780e+00,-9.917194814473507813e-01,-2.385162622785887976e-01,-1.520811931200061640e+00,-9.876883405951377704e-01,-2.363421338615432354e-01,4.159099886748721664e-01,9.849391086568373144e-01,9.373796725343644734e-03,-1.129917795157719951e-02,9.858511768695326499e-03,8.325000000000000802e-03
1.920000000000000284e+01,-1.502618180151312988e+00,-9.822087255052999177e-01,-2.030971550051443586e-01,-1.499713602930403678e+00,-9.789736290862738333e-01,-2.144580801548574556e-01,-1.500222139260918963e+00,-9.921147013144778759e-01,-1.872781162552326073e-01,4.244879554061295468e-01,1.119460090305772315e+00,9.286658757391371560e-03,-1.581903874991175130e-02,1.019163228734529594e-02,8.186000000000000568e-03
1.925000000000000000e+01,-1.482704520887137223e+00,-9.857713476987047807e-01,-1.509640278100743416e-01,-1.473914781892174952e+00,-9.915066448845091251e-01,-1.687326843364789219e-01,-1.479262189957219364e+00,-9.955619646030799963e-01,-1.389137044922952313e-01,4.225110307840276858e-01,1.073185774247356505e+00,9.219653367842110467e-03,-1.205032331777911025e-02,1.037814152916151367e-02,8.184999999999999568e-03
1.930000000000000071e+01,-1.463102880744539203e+00,-9.882482426479640703e-01,-1.004268489980035817e-01,-1.462152658433946595e+00,-9.896130386068275886e-01,-1.159617830381094450e-01,-1.457937254842823105e+00,-9.980267284282715590e-01,-9.145845919515682709e-02,4.362409778257444470e-01,1.020289104387291035e+00,9.265835646912244303e-03,-8.968389802846754577e-03,1.105904494575169102e-02,8.285999999999999963e-03
1.935000000000000142e+01,-1.442493856522761631e+00,-9.898301961877631339e-01,-5.279316120432619996e-02,-1.430984827091952072e+00,-9.862696397123235093e-01,-5.070261327937641838e-02,-1.436252595526377851e+00,-9.995065603657316000e-01,-4.509988523380714653e-02,4.334760345193080511e-01,9.149929632220713538e-01,9.385140242615374120e-03,-7.693275970519053431e-03,1.151457174755764895e-02,8.176000000000000975e-03
1.940000000000000213e+01,-1.422595743985598293e+00,-9.904395230783177295e-01,-8.432398308017674537e-03,-1.434315241133787611e+00,-9.873840664536045475e-01,-3.998487311203691164e-02,-1.436252595526377851e+00,-9.995065603657316000e-01,-4.509988523380714653e-02,4.364262841356340017e-01,9.046886605948556426e-01,9.673531335678806770e-03,3.666748692578947200e-02,1.639270444979248897e-02,8.285000000000000697e-03
1.945000000000000284e+01,-1.401999034494620044e+00,-9.901715598296662035e-01,3.445093605572546736e-02,-1.425571751455566361e+00,-1.013405351016886558e+00,4.321777241805513370e-02,-1.436252595526377851e+00,-9.995065603657316000e-01,-4.509988523380714653e-02,4.258091750015843280e-01,7.546886605948556204e-01,1.086981647802741195e-02,7.955082128953261389e-02,3.550279817654797276e-02,8.255999999999999450e-03
1.950000000000000000e+01,-1.381767287517884135e+00,-9.891068099028130778e-01,7.070741289307003186e-02,-1.373185971045190801e+00,-9.849936960864003055e-01,7.974567258321529906e-02,-1.369094211857376564e+00,-9.980267284282714479e-01,8.591347505124380390e-02,4.623549287146128117e-01,9.046886605948556426e-01,9.974468301810517773e-03,-1.520606215817377205e-02,1.549747699458737214e-02,8.245999999999999858e-03
1.955000000000000071e+01,-1.360066944488250495e+00,-9.871150165426761935e-01,1.123521848208124396e-01,-1.329111420149529987e+00,-9.809564340777310321e-01,1.085108961979788234e-01,-1.322623730647304541e+00,-9.921147013144779869e-01,1.655368238699050920e-01,4.811486742864259925e-01,1.036644887543907378e+00,1.110130095452976223e-02,-5.318463904909265239e-02,3.777553587384557127e-02,8.245999999999999858e-03
1.960000000000000142e+01,-1.338081329665690600e+00,-9.840984285768735740e-01,1.603596795832693545e-01,-1.309092003509415125e+00,-9.869225052124196429e-01,1.636178080165673343e-01,-1.298896096660366872e+00,-9.876883405951376593e-01,2.028698429353830157e-01,4.962338655306683388e-01,8.866448875439073563e-01,1.141137716379960268e-02,-4.251016335211366126e-02,3.934933231937218917e-02,8.115000000000000685e-03
1.965000000000000213e+01,-1.315509833451956823e+00,-9.799627481665555973e-01,2.020717886690333032e-01,-1.320326198915504179e+00,-9.606353485268050996e-01,1.773314565101546947e-01,-1.298896096660366872e+00,-9.876883405951376593e-01,2.028698429353830157e-01,5.015872148761828520e-01,7.721155025595038968e-01,1.091451374216909076e-02,-7.980542663497125488e-04,1.832214585011248190e-02,8.156000000000001790e-03
1.970000000000000284e+01,-1.292651047457367808e+00,-9.748529218039969635e-01,2.377747090425907928e-01,-1.311418613492358443e+00,-9.684050860373433212e-01,2.339472581326647038e-01,-1.298896096660366872e+00,-9.876883405951376593e-01,2.028698429353830157e-01,4.950672343223607164e-01,6.221155025595038746e-01,1.131393539610030946e-02,3.490486610720777705e-02,1.427405391232101743e-02,8.396000000000000685e-03
1.975000000000000000e+01,-1.269799853988955451e+00,-9.689613567192804089e-01,2.668810941356425381e-01,-1.243326962435273186e+00,-9.609365260148693411e-01,2.415173605439453475e-01,-1.250485312671410165e+00,-9.759167619387473236e-01,2.725283905658661965e-01,4.990504254107278603e-01,7.721155025595038968e-01,1.189754927121857223e-02,-5.647296430223658348e-03,2.052874005082025444e-02,8.174999999999999975e-03
1.980000000000000071e+01,-1.247417201693398203e+00,-9.623990074435291309e-01,3.035120902319090597e-01,-1.255322606396528151e+00,-9.648378428632751191e-01,2.922159862388058471e-01,-1.250485312671410165e+00,-9.759167619387473236e-01,2.725283905658661965e-01,5.105392796179168968e-01,6.221155025595038746e-01,1.219302497830046170e-02,3.098369966604286319e-02,1.386156526393715616e-02,8.234999999999999265e-03
1.985000000000000142e+01,-1.224516833477009126e+00,-9.548349876021408056e-01,3.345262811543370240e-01,-1.228887121256110992e+00,-9.703486233874774047e-01,3.522916834633069705e-01,-1.225814107305952971e+00,-9.685831611286311871e-01,3.048849158476665266e-01,5.229814452407657299e-01,4.891260184908456932e-01,1.272470838828228604e-02,2.964136530667049740e-02,1.380924308938594885e-02,1.441700000000000099e-02
1.990000000000000213e+01,-1.200642705573222280e+00,-9.462676772337061948e-01,3.545539205673446936e-01,-1.246704024538525690e+00,-9.428497271222970877e-01,3.412791345995227488e-01,-1.225814107305952971e+00,-9.685831611286311871e-01,3.048849158476665266e-01,5.310879782217537981e-01,5.589187677854775549e-01,1.373029039896003431e-02,4.966900471967816699e-02,3.363896976209548167e-02,8.265000000000001512e-03
1.995000000000000284e+01,-1.177179790062948150e+00,-9.371996485341931304e-01,3.830463913161006317e-01,-1.148905197053215588e+00,-9.135444323516900278e-01,3.736626729989391826e-01,-1.150010504086557583e+00,-9.408807689542256769e-01,3.924981535591460791e-01,5.459155817324944371e-01,7.037433425195067649e-01,1.379338666805278446e-02,-9.451762243045447320e-03,2.741752629275065814e-02,8.215000000000000080e-03
2.000000000000000000e+01,-1.154078639035809317e+00,-9.274381048948907580e-01,4.165520877020973955e-01,-1.150182297914395413e+00,-9.410892377442626744e-01,4.131857188453387231e-01,-1.150010504086557583e+00,-9.408807689542256769e-01,3.924981535591460791e-01,5.564394523365356893e-01,5.537433425195067427e-01,1.397648820029636155e-02,2.405393414295131649e-02,1.404474773634109032e-02,8.295999999999999555e-03
