time_s,x_m,y_m,yaw_rad,measured_x_m,measured_y_m,measured_yaw_rad,reference_x_m,reference_y_m,reference_yaw_rad,linear_mps,angular_radps,cross_track_error_m,heading_error_rad,position_error_m,compute_ms
0.000000000000000000e+00,-1.499999999999999944e-01,2.500000000000000000e-01,9.655214548437163202e-01,-1.463365573999236002e-01,2.601726748011828350e-01,9.584951022674914611e-01,6.282151815625658386e-02,6.279051952931337388e-02,7.845956463669550018e-01,7.500000000000001110e-02,-1.500000000000000222e-01,2.828500067873760404e-01,1.809258084767613184e-01,2.834438007232443213e-01,4.748600000000000043e-01
5.000000000000000278e-02,-1.479168296233440982e-01,2.529882245968976262e-01,9.584816061477958726e-01,-1.333424848935510776e-01,2.532380841055383303e-01,9.609503822871579004e-01,6.282151815625658386e-02,6.279051952931337388e-02,7.845956463669550018e-01,1.500000000000000222e-01,-3.000000000000000444e-01,2.834928543977972559e-01,1.738859597808408708e-01,2.838764136694905127e-01,2.911960000000000104e-01
1.000000000000000056e-01,-1.438061618274828479e-01,2.587480636910663989e-01,9.434177271005088627e-01,-1.296581531623126060e-01,2.569207054687510650e-01,9.367473656056812814e-01,6.282151815625658386e-02,6.279051952931337388e-02,7.845956463669550018e-01,2.250000000000000333e-01,-4.500000000000000666e-01,2.846645953995556311e-01,1.588220807335538609e-01,2.847707099569196099e-01,2.897929999999999673e-01
1.500000000000000222e-01,-1.374249642548079631e-01,2.673555764106738120e-01,9.222880552761587580e-01,-1.370265020161998415e-01,2.581130606151655904e-01,9.293145655226631163e-01,6.282151815625658386e-02,6.279051952931337388e-02,7.845956463669550018e-01,3.000000000000000444e-01,-6.000000000000000888e-01,2.862473430011620579e-01,1.376924089092037562e-01,2.862612726424568765e-01,2.695260000000000433e-01
2.000000000000000111e-01,-1.286672361972138745e-01,2.785760591863367663e-01,8.938147795046855748e-01,-1.056084411341840085e-01,2.676902663480559275e-01,8.749997888493403764e-01,9.421290141928533035e-02,9.410831331851432502e-02,7.836678937727570293e-01,3.750000000000000555e-01,-7.500000000000001110e-01,2.879910225678999347e-01,1.101468857319285455e-01,2.893162715947811270e-01,2.627829999999999888e-01
2.500000000000000000e-01,-1.172777998900145641e-01,2.922801731509220291e-01,8.609448426674148891e-01,-1.133121203526287479e-01,3.070059752793116714e-01,8.617862230364643494e-01,9.421290141928533035e-02,9.410831331851432502e-02,7.836678937727570293e-01,4.500000000000000666e-01,-9.000000000000001332e-01,2.896584459623531282e-01,7.727694889465785977e-02,2.898282297667619245e-01,2.652980000000000338e-01
3.000000000000000444e-01,-1.029312323519601252e-01,3.083124211708530016e-01,8.207151615525436483e-01,-9.460167706857829095e-02,3.142568096795521626e-01,8.066511884520495279e-01,9.421290141928533035e-02,9.410831331851432502e-02,7.836678937727570293e-01,5.250000000000001332e-01,-7.500000000000001110e-01,2.908875682960435083e-01,3.704726777978661900e-02,2.911171745212416395e-01,2.611890000000000045e-01
3.500000000000000333e-01,-8.618888661704368626e-02,3.257631061945103768e-01,7.915070331201521370e-01,-1.113782420428009179e-01,2.985972396458503875e-01,7.918186840080050359e-01,9.421290141928533035e-02,9.410831331851432502e-02,7.836678937727570293e-01,6.000000000000000888e-01,-6.931927005202457304e-01,2.914302737132546950e-01,7.839139347395107649e-03,2.936132629652911663e-01,2.606090000000000351e-01
4.000000000000000222e-01,-6.625144048881886905e-02,3.453010539443702731e-01,7.590496100985375527e-01,-7.131184016205120713e-02,3.331109286138323466e-01,7.691627850826341373e-01,1.255810390586267478e-01,1.253332335643042583e-01,7.823658289118942122e-01,6.242332495963184291e-01,-6.315455129809021129e-01,2.912457730985524851e-01,-2.331621881335665947e-02,2.918656235531655319e-01,2.830810000000000271e-01
4.500000000000000111e-01,-4.407971014421717404e-02,3.657144107115202214e-01,7.292119415050444253e-01,-2.305997513181897579e-02,3.683779833336629506e-01,7.348674202497362806e-01,1.569181914556898871e-01,1.564344650402308690e-01,7.806862214442258363e-01,6.027025414696992600e-01,-5.267917296435759011e-01,2.901346218047872738e-01,-5.147427993918141098e-02,2.901693507380538883e-01,2.550280000000000324e-01
5.000000000000000000e-01,-2.281695807112111771e-02,3.842917202905466456e-01,7.069768409878518511e-01,-3.080989686114392334e-02,3.939004455365313073e-01,6.995710263013195096e-01,1.882166266370286500e-01,1.873813145857246287e-01,7.786248906646879853e-01,6.552312066484314856e-01,-4.861269215327556625e-01,2.883857037007608870e-01,-7.164804967683613413e-02,2.886327801023463313e-01,2.517920000000000158e-01
5.500000000000000444e-01,7.189164279341776764e-04,4.039582902529991748e-01,6.851718018397985333e-01,-1.719515630968577666e-02,4.184541517869914129e-01,6.696994584421709362e-01,1.882166266370286500e-01,1.873813145857246287e-01,7.786248906646879853e-01,5.939465186133470187e-01,-4.209268122459154937e-01,2.858566683598410263e-01,-9.345308882488945201e-02,2.864628732014618540e-01,2.456710000000000282e-01
6.000000000000000888e-01,2.241080254431263019e-02,4.213384849620757655e-01,6.658094521755142381e-01,4.140997080372157968e-02,4.045441066095235572e-01,6.592910917567511575e-01,2.194686221820905392e-01,2.181432413965425365e-01,7.761766847564688376e-01,6.630718332363159107e-01,-2.903597385260819341e-01,2.830496407348728205e-01,-1.103672325809545995e-01,2.830549262741268168e-01,2.518820000000000503e-01
6.500000000000000222e-01,4.703647363950341082e-02,4.403981496232598492e-01,6.515298513808995828e-01,6.006333079556978871e-02,4.450646283186316943e-01,6.518281783674191310e-01,2.506664671286085166e-01,2.486898871648547948e-01,7.733354552277038607e-01,6.516393780081046749e-01,-3.211424763614196820e-01,2.794243382416932153e-01,-1.218056038468042779e-01,2.796734383941272828e-01,2.463420000000000332e-01
7.000000000000000666e-01,7.055797631761141775e-02,4.580241214265315386e-01,6.346473907249681190e-01,5.022510069352388584e-02,4.579379226267925040e-01,6.437630694767970674e-01,2.506664671286085166e-01,2.486898871648547948e-01,7.733354552277038607e-01,6.347054294551918163e-01,-3.340488587134432530e-01,2.756068355970889838e-01,-1.386880645027357417e-01,2.761519329936649170e-01,2.436560000000000392e-01
7.500000000000000000e-01,9.429356330089624927e-02,4.751659315210298717e-01,6.162917735019490806e-01,8.928097708171926772e-02,4.599558763312380782e-01,6.267379022605368277e-01,2.818024638751653321e-01,2.789911060392292752e-01,7.700940264136821867e-01,6.870689607638484908e-01,-2.431033468689021426e-01,2.713673690579542774e-01,-1.538022529117331061e-01,2.713745565586170860e-01,2.404300000000000326e-01
8.000000000000000444e-01,1.220028930314182580e-01,4.944333514470719559e-01,5.988921282157821935e-01,1.574940871665928555e-01,4.948270052831834631e-01,6.031852990371309176e-01,3.128689300804617379e-01,3.090169943749473958e-01,7.664441599109093062e-01,6.402613025993681983e-01,-1.492118567722758304e-01,2.659510052502928046e-01,-1.675520316951271127e-01,2.660997361304675013e-01,2.557289999999999841e-01
8.500000000000000888e-01,1.472714495811020541e-01,5.115101785167139870e-01,5.897242681098138206e-01,1.451384669515789760e-01,5.393852250274572269e-01,5.776032799983696897e-01,3.438582005588191048e-01,3.387379202452914240e-01,7.623765137973599337e-01,6.504263794242675090e-01,-1.852751740890957732e-01,2.607194156803669949e-01,-1.726522456875461131e-01,2.617185585475017007e-01,2.447780000000000233e-01
9.000000000000000222e-01,1.736692125742207993e-01,5.288677118444703451e-01,5.735879930995495535e-01,1.969194497173526459e-01,5.185377285189872731e-01,5.517056403718481050e-01,3.438582005588191048e-01,3.387379202452914240e-01,7.623765137973599337e-01,6.484979884860800903e-01,-3.527517408909575103e-02,2.550409211323699243e-01,-1.887885206978103803e-01,2.551737237349663845e-01,2.411920000000000175e-01
9.500000000000000666e-01,1.995354583074206434e-01,5.454857243168356185e-01,5.685239807448980720e-01,1.911015788671525939e-01,5.461213807256624087e-01,5.402337818997757779e-01,3.747626291714492575e-01,3.681245526846779748e-01,7.578805964862258548e-01,6.852246319324171164e-01,-3.915610835472103923e-02,2.492647380449090067e-01,-1.893566157413277828e-01,2.493221743282036384e-01,2.615700000000000247e-01
1.000000000000000000e+00,2.266257789763313213e-01,5.626991907219630606e-01,5.635766408240385772e-01,2.226558736153881612e-01,5.473385565597667091e-01,5.761997967793708320e-01,3.747626291714492575e-01,3.681245526846779748e-01,7.578805964862258548e-01,6.458946895010484468e-01,-9.999147236792070570e-02,2.431453394630041509e-01,-1.943039556621872777e-01,2.445481877934721493e-01,2.466520000000000379e-01
1.050000000000000044e+00,2.521076432911426579e-01,5.787771594148228838e-01,5.621668832719608488e-01,2.409801499749763820e-01,5.979480864575628107e-01,5.555677417096811510e-01,4.055745907130249850e-01,3.971478906347806204e-01,7.529447150598791438e-01,6.102382352815323152e-01,-1.212245227571918105e-01,2.374701944344754512e-01,-1.907778317879182950e-01,2.377841357798363142e-01,2.443780000000000119e-01
1.100000000000000089e+00,2.759415625744799372e-01,5.936302979480180264e-01,5.524312205279398036e-01,2.787444660351471870e-01,5.861989906359039715e-01,5.287142646066653739e-01,4.362864827930850731e-01,4.257792915650726595e-01,7.475559179387234465e-01,6.852382352815322708e-01,1.083640489791132255e-02,2.321042228888481884e-01,-1.951246974107836429e-01,2.321302517632684859e-01,3.008540000000000103e-01
1.150000000000000133e+00,3.033691471823481423e-01,6.105533210591096438e-01,5.532311453869329654e-01,2.940115254540998091e-01,6.244365267218616733e-01,5.377341815551797133e-01,4.668907277118107824e-01,4.539904997395467490e-01,7.416999317587289475e-01,6.741097847145316457e-01,-8.340674290784326483e-02,2.259028367542511018e-01,-1.884687863717959821e-01,2.263873325042611850e-01,2.650069999999999926e-01
1.200000000000000178e+00,3.312330039338705623e-01,6.276475031086785616e-01,5.473272785666312146e-01,3.304168290568511579e-01,6.046984079920232347e-01,5.328232326223210080e-01,4.668907277118107824e-01,4.539904997395467490e-01,7.416999317587289475e-01,6.800325893042517000e-01,1.787822464792761246e-02,2.196835270103731919e-01,-1.943726531920977330e-01,2.203628209107847402e-01,2.431660000000000210e-01
1.250000000000000000e+00,3.588844625858758075e-01,6.444801497014643887e-01,5.463202726190110603e-01,3.473319476858066635e-01,6.580769965058723692e-01,5.188608798366955988e-01,4.973797743297095897e-01,4.817536741017153235e-01,7.353610923648465914e-01,6.353386034014271155e-01,-3.737685072854723956e-02,2.135863626747700472e-01,-1.890408197458355311e-01,2.136840125890035469e-01,2.450500000000000178e-01
1.300000000000000044e+00,3.845146495310868828e-01,6.600725465233298062e-01,5.467684433379962350e-01,3.901120187695525376e-01,6.883240667458973006e-01,5.448099588901955670e-01,5.277460999307458378e-01,5.090414157503713177e-01,7.285222698794653340e-01,6.057879805202838197e-01,-1.322891292533009966e-01,2.080521229267486283e-01,-1.817538265414690990e-01,2.081481463913345820e-01,2.591360000000000330e-01
1.350000000000000089e+00,4.086251539035224423e-01,6.746243418424723304e-01,5.392769144183273688e-01,3.873131795422256607e-01,6.831497382407358820e-01,5.479451767903880111e-01,5.277460999307458378e-01,5.090414157503713177e-01,7.285222698794653340e-01,6.189750340179898114e-01,-1.359108601743827527e-01,2.028580805559280775e-01,-1.892453554611379651e-01,2.039791783384835022e-01,2.498479999999999868e-01
1.400000000000000133e+00,4.335478652378573772e-01,6.894032346060957606e-01,5.312198406964729891e-01,4.341015728463320511e-01,6.765846452974151326e-01,5.143497520939721568e-01,5.579822120784585504e-01,5.358267949789966567e-01,7.211647878806650702e-01,6.694813219003625804e-01,1.038682232410353956e-02,1.975006272489092940e-01,-1.899449471841920811e-01,1.976603892594139544e-01,2.418530000000000124e-01
1.450000000000000178e+00,4.597564571071000028e-01,7.047778220571592200e-01,5.298323607626489462e-01,4.466041418017283604e-01,7.089527452162760479e-01,5.141939551242242779e-01,5.880806504646078903e-01,5.620833778521305835e-01,7.132683368307422000e-01,6.672450857626283094e-01,-6.114971480421690919e-02,1.918731085592098318e-01,-1.834359760680932538e-01,1.919083192772973734e-01,2.491470000000000073e-01
1.500000000000000000e+00,4.872511377046300218e-01,7.208284567895909545e-01,5.269715470621059161e-01,4.688534768329656877e-01,7.184148244133203853e-01,5.378449372530713646e-01,5.880806504646078903e-01,5.620833778521305835e-01,7.132683368307422000e-01,6.210024459871847924e-01,-1.152386406404300734e-01,1.860210252887880833e-01,-1.862967897686362839e-01,1.880600721319521940e-01,2.405200000000000116e-01
1.550000000000000044e+00,5.125312099732252102e-01,7.354853359875215268e-01,5.238667006159332118e-01,5.326270901421935600e-01,7.375435079730681132e-01,5.445248579181671822e-01,6.478348363962987966e-01,6.129070536529764857e-01,6.957685666376671740e-01,6.644388195040067391e-01,-1.482317408022646166e-01,1.808126617342613041e-01,-1.719018660217339622e-01,1.825719217824090523e-01,2.381160000000000221e-01
1.600000000000000089e+00,5.392030562120676551e-01,7.505964584186604061e-01,5.070653551043418084e-01,5.353991132000179842e-01,7.317128345147165813e-01,4.933564795523088797e-01,6.478348363962987966e-01,6.129070536529764857e-01,6.957685666376671740e-01,6.810858430359918447e-01,1.768259197735405630e-03,1.753153731197653054e-01,-1.887032115333253657e-01,1.753831116462570283e-01,2.408010000000000150e-01
1.650000000000000133e+00,5.665568815257872037e-01,7.657944444413121721e-01,5.072107886900933948e-01,5.776336759267183263e-01,7.738220425699633420e-01,4.928059728709137666e-01,6.774758404905828479e-01,6.374239897486897455e-01,6.861156102913255062e-01,6.230670556743282962e-01,-4.439155631527286205e-02,1.695930738968222107e-01,-1.789048216012321113e-01,1.696525540504022211e-01,2.555290000000000061e-01
1.700000000000000178e+00,5.930114709890594860e-01,7.805391988134845471e-01,5.097432500946088574e-01,5.788273787918597479e-01,7.895407872425987961e-01,4.863740926894699612e-01,7.069496875585143947e-01,6.613118653236519373e-01,6.758242047084683790e-01,6.619947904770006053e-01,-9.422176185668987292e-02,1.642931457383555172e-01,-1.660809546138595216e-01,1.649153547918560947e-01,2.584040000000000226e-01
1.750000000000000000e+00,6.189041056602009316e-01,7.949852466259116346e-01,5.080654288851587097e-01,6.007658021244596247e-01,8.049298577491565965e-01,5.140115370036535403e-01,7.069496875585143947e-01,6.613118653236519373e-01,6.758242047084683790e-01,6.032706181904683440e-01,-1.725793332032010408e-01,1.593669381449467348e-01,-1.677587758233096693e-01,1.600643538099346397e-01,2.494180000000000008e-01
1.800000000000000044e+00,6.436445489475927095e-01,8.086060494535283194e-01,4.984623349409593729e-01,6.387803071319758663e-01,8.074751254525016630e-01,5.044035364204533245e-01,7.362491053693559495e-01,6.845471059286887261e-01,6.648644074170233509e-01,6.274444489291702842e-01,-1.411776439743162581e-01,1.547670497843177118e-01,-1.664020724760639780e-01,1.548102882193908569e-01,2.504990000000000272e-01
1.850000000000000089e+00,6.693393724797428446e-01,8.224876832569917307e-01,4.921915930546609808e-01,6.740285880414632613e-01,8.365578448997594840e-01,5.013493932436801082e-01,7.653668647301795636e-01,7.071067811865474617e-01,6.532040358206789854e-01,5.987199599539758665e-01,-1.873663545201630365e-01,1.499878373210614957e-01,-1.610124427660180046e-01,1.501133965723816799e-01,2.393490000000000062e-01
1.900000000000000133e+00,6.948675888428520464e-01,8.360132193610443352e-01,4.822552902677097464e-01,7.165882667599248190e-01,8.592806691810283004e-01,4.888254485171490415e-01,7.942957812695612407e-01,7.289686274214115524e-01,6.408085642148111383e-01,5.739898086285155632e-01,-1.889032072493056491e-01,1.452508239160771319e-01,-1.585532739471013919e-01,1.460976047468445227e-01,2.377750000000000141e-01
1.950000000000000178e+00,7.186875282131566234e-01,8.483160305325849748e-01,4.712528983302268770e-01,7.288503912155620545e-01,8.250641917514517365e-01,4.720454773647717595e-01,7.942957812695612407e-01,7.289686274214115524e-01,6.408085642148111383e-01,6.293392850537387062e-01,-5.696184443424323618e-02,1.408723097942683189e-01,-1.695556658845842612e-01,1.412813170933165108e-01,2.388270000000000115e-01
2.000000000000000000e+00,7.457333083293591347e-01,8.620153510653539852e-01,4.664525034206477017e-01,7.462068368568030019e-01,8.878208497472205307e-01,4.410545605020987914e-01,8.515585831301453190e-01,7.705132427757892533e-01,6.136619346445102430e-01,6.178730791163216107e-01,-1.791764719607200074e-01,1.357481493384798399e-01,-1.472094312238625413e-01,1.398986226097209962e-01,2.464820000000000066e-01
2.050000000000000266e+00,7.716457789831290270e-01,8.748906490228868238e-01,4.558388876156289626e-01,7.816562987563785425e-01,8.876555513756344551e-01,4.439149217654683177e-01,8.515585831301453190e-01,7.705132427757892533e-01,6.136619346445102430e-01,5.767948955265582711e-01,-1.413116423801751842e-01,1.313521934899088695e-01,-1.578230470288812803e-01,1.314560732773918938e-01,2.373340000000000172e-01
2.100000000000000089e+00,7.962099397642099508e-01,8.868422168958642882e-01,4.498125705120221696e-01,8.158639708528505619e-01,8.847753400310652827e-01,4.500293155029484460e-01,8.798783397118303817e-01,7.901550123756904132e-01,5.988292022658208147e-01,6.010870802149153036e-01,-1.666275073238537852e-01,1.270251079380085024e-01,-1.490166317537986451e-01,1.278624912463420804e-01,2.385470000000000090e-01
2.149999999999999911e+00,8.220337851670591611e-01,8.992339917871664534e-01,4.449963012482900382e-01,8.297977608322076870e-01,8.826532142879870424e-01,4.471941755413579855e-01,8.798783397118303817e-01,7.901550123756904132e-01,5.988292022658208147e-01,5.890825524432256044e-01,-1.365951379416494027e-01,1.227043897137143347e-01,-1.538329010175307765e-01,1.234674703714797317e-01,2.376060000000000116e-01
2.200000000000000178e+00,8.469545636456917714e-01,9.109613091788671957e-01,4.346817831461242676e-01,8.475230587968434204e-01,9.399254904280156531e-01,4.078737638379323904e-01,9.358596285211467913e-01,8.270805742745618305e-01,5.664212815967921699e-01,5.815975910888787626e-01,-2.520728936511675844e-01,1.184886609085306908e-01,-1.317394984506679023e-01,1.222296537203440558e-01,2.445780000000000176e-01
2.250000000000000000e+00,8.710563864781388776e-01,9.219989079440054081e-01,4.242207031594968925e-01,8.754443819353237011e-01,9.551070907372998242e-01,4.070839609826801819e-01,9.635073482034306469e-01,8.443279255020150753e-01,5.487487372104546957e-01,5.756103099188468741e-01,-3.177679904252344034e-01,1.144914424137684072e-01,-1.245280340509578032e-01,1.207475127587948893e-01,2.406510000000000038e-01
2.300000000000000266e+00,8.953573606739259061e-01,9.327307297812106324e-01,4.075076654297742351e-01,9.044653237454536310e-01,9.270527567278390446e-01,4.152830818991830597e-01,9.635073482034306469e-01,8.443279255020150753e-01,5.487487372104546957e-01,5.884826693999688496e-01,-2.442454071581885988e-01,1.109717190543788867e-01,-1.412410717806804605e-01,1.116220256253102061e-01,2.390980000000000050e-01
2.350000000000000089e+00,9.210727185774756354e-01,9.436525762666529982e-01,3.957605530807537519e-01,9.111424193352355427e-01,9.594664736780704750e-01,3.995062624490270942e-01,9.635073482034306469e-01,8.443279255020150753e-01,5.487487372104546957e-01,5.247688357923954161e-01,-2.634763767458668804e-01,1.068763495664436236e-01,-1.529881841297009437e-01,1.080096479070701693e-01,2.488360000000000016e-01
2.400000000000000355e+00,9.428064337739093803e-01,9.526210708424452944e-01,3.869730223860488039e-01,9.205552281465985143e-01,9.646595195609578566e-01,3.739073781756956372e-01,9.909173368648149793e-01,8.607420270039435328e-01,5.300279680891506473e-01,5.602243442664177620e-01,-2.659591139482933020e-01,1.035954161111712207e-01,-1.430549457031018434e-01,1.037131510122985267e-01,2.379760000000000209e-01
2.450000000000000178e+00,9.673110059533953642e-01,9.624172010806442135e-01,3.736387447048716837e-01,9.509552899018666183e-01,9.548360704622955719e-01,3.655526439751968226e-01,9.909173368648149793e-01,8.607420270039435328e-01,5.300279680891506473e-01,5.400690723622328937e-01,-1.852019685141753080e-01,9.965897847025401157e-02,-1.563892233842789636e-01,1.043795951449651427e-01,2.364230000000000220e-01
2.500000000000000000e+00,9.909557174802140489e-01,9.715742830113199835e-01,3.653441622848192516e-01,9.893930470319745041e-01,9.971691028763735032e-01,3.718535876754738290e-01,1.044997129431897598e+00,8.910065241883677878e-01,4.892202290015981170e-01,5.190132777978633261e-01,-3.352019685141753302e-01,9.651322445692896157e-02,-1.238760667167788654e-01,9.701359681758509046e-02,2.506000000000000449e-01
2.550000000000000266e+00,1.013369183263812534e+00,9.799348257058534406e-01,3.487130884368774275e-01,1.041303400687856318e+00,1.000908504768232010e+00,3.360525364668180970e-01,1.098045635996263591e+00,9.177546256839811400e-01,4.435365795339238915e-01,5.429739688178462087e-01,-4.460027448251835391e-01,9.250137978278716311e-02,-9.482349109704646395e-02,1.050546473132486641e-01,2.829400000000000248e-01
2.600000000000000089e+00,1.037037889723988249e+00,9.882589335565263866e-01,3.276506457360812696e-01,1.051493290665808766e+00,9.861424166569769945e-01,3.285145457607838715e-01,1.098045635996263591e+00,9.177546256839811400e-01,4.435365795339238915e-01,5.525045966523979279e-01,-3.790930628617916742e-01,8.986293761228060506e-02,-1.158859337978426218e-01,9.323520007920277353e-02,2.403000000000000136e-01
2.650000000000000355e+00,1.062134982113800419e+00,9.965228680537608907e-01,3.085430184702171452e-01,1.044638840007107161e+00,1.015632964850224251e+00,3.023093671773442459e-01,1.098045635996263591e+00,9.177546256839811400e-01,4.435365795339238915e-01,5.195862173581591303e-01,-3.852053171977093404e-01,8.655717191533320032e-02,-1.349935610637067462e-01,8.656795635967406977e-02,2.369440000000000157e-01
2.700000000000000178e+00,1.085725303165608890e+00,1.003776452255746410e+00,2.880694303754554042e-01,1.087327022476241911e+00,9.934825987431860073e-01,2.925891390233523737e-01,1.124166755704261167e+00,9.297764858882513472e-01,4.187166943902145277e-01,5.396023480422047491e-01,-3.568637026111327049e-01,8.323706460614389846e-02,-1.306472640147591235e-01,8.338908978800438354e-02,2.530839999999999756e-01
2.750000000000000000e+00,1.110189850396901878e+00,1.010774424790501724e+00,2.691421840979084656e-01,1.109784763241132843e+00,1.014035422465984659e+00,2.645694816389214665e-01,1.150010504086557139e+00,9.408807689542255659e-01,3.924981535591443027e-01,5.239228872577472718e-01,-4.096181472354260555e-01,7.981000311217020804e-02,-1.233559694612358371e-01,8.044133008865078649e-02,2.417240000000000222e-01
2.800000000000000266e+00,1.134167221004812154e+00,1.017117560573876922e+00,2.481021883049407961e-01,1.110599719201027291e+00,1.037888662060667544e+00,2.426338975419768396e-01,1.150010504086557139e+00,9.408807689542255659e-01,3.924981535591443027e-01,4.917325040606382314e-01,-4.087009778214800160e-01,7.649949275423598150e-02,-1.443959652542035066e-01,7.786564078761858132e-02,2.390480000000000105e-01
2.850000000000000089e+00,1.155732512252067634e+00,1.022396046909139988e+00,2.319940069046921849e-01,1.154337849498393354e+00,1.013352628185807403e+00,2.382245337656785367e-01,1.175570504584946274e+00,9.510565162951535312e-01,3.648227049614560791e-01,5.046002984023629789e-01,-4.006933108454437953e-01,7.372233613244577599e-02,-1.328286980567638942e-01,7.404643521482491553e-02,2.385270000000000168e-01
2.900000000000000355e+00,1.178586283500102638e+00,1.027571841347033832e+00,2.134407258243382621e-01,1.191180418841482069e+00,1.029383213598630942e+00,2.271811870792239674e-01,1.200840450651768254e+00,9.602936856769431762e-01,3.356351199971938648e-01,4.709591375293018523e-01,-4.919730699157136566e-01,7.085395374757834375e-02,-1.221943941728556027e-01,7.086323578544254098e-02,2.479849999999999832e-01
2.950000000000000178e+00,1.200584488919186565e+00,1.032060173803082792e+00,1.890977230853625457e-01,1.209877221802889924e+00,1.020359707423434736e+00,1.896185096894140720e-01,1.225814107305952971e+00,9.685831611286310761e-01,3.048849158476660826e-01,4.949242460983459546e-01,-4.672715536840672534e-01,6.812306103982218586e-02,-1.157871927623035369e-01,6.830713565956608724e-02,2.301310000000000022e-01
3.000000000000000000e+00,1.222898223540936025e+00,1.036111016559769782e+00,1.700713299468712414e-01,1.215855434116605682e+00,1.053051667027426808e+00,1.564396142091157849e-01,1.250485312671410165e+00,9.759167619387473236e-01,2.725283905658684169e-01,4.913746265561157456e-01,-5.816423069559462089e-01,6.539823451019410872e-02,-1.024570606189971755e-01,6.621477007491008426e-02,2.316840000000000011e-01
3.050000000000000266e+00,1.245581467566957201e+00,1.039663344838385184e+00,1.406168175253488251e-01,1.234030579640771119e+00,1.043530121224851781e+00,1.397786685526622996e-01,1.250485312671410165e+00,9.759167619387473236e-01,2.725283905658684169e-01,4.744513464354832011e-01,-4.979166730693553866e-01,6.271386932937741965e-02,-1.319115730405195919e-01,6.393492416659982136e-02,2.385970000000000035e-01
3.100000000000000089e+00,1.267479369596325345e+00,1.042557419219855008e+00,1.221844940094682919e-01,1.259357465611541160e+00,1.037683196765913252e+00,1.266697569871491069e-01,1.274847979497379491e+00,9.822872507286887211e-01,2.385309701662947646e-01,4.789916914962479288e-01,-5.560370471888056443e-01,6.030470769606680742e-02,-1.163464761568264727e-01,6.071893956441833801e-02,2.337380000000000291e-01
3.150000000000000355e+00,1.289558563974654737e+00,1.044982431094891862e+00,9.660344743444149174e-02,1.310845641685408625e+00,1.055062041459425615e+00,8.123264214387004856e-02,1.322623730647303875e+00,9.921147013144778759e-01,1.655368238699046479e-01,4.597896782253195758e-01,-7.060370471888056665e-01,5.759356896881885624e-02,-6.893337643546315618e-02,6.235625148471433954e-02,2.293600000000000083e-01
3.200000000000000178e+00,1.311740190878914136e+00,1.046735078728246782e+00,6.109588694256817831e-02,1.303855830492031131e+00,1.040183472469196291e+00,7.368031584100176445e-02,1.322623730647303875e+00,9.921147013144778759e-01,1.655368238699046479e-01,4.809692603015255363e-01,-6.608164044573556772e-01,5.566712867647165275e-02,-1.044409369273364696e-01,5.569413853102207074e-02,2.249109999999999998e-01
3.250000000000000000e+00,1.334308320339399945e+00,1.047733516007824273e+00,2.732851188935159215e-02,1.351538782687514928e+00,1.048201165936427648e+00,2.107395687566215869e-02,1.346025027019546627e+00,9.955619646030799963e-01,1.265413517787048470e-01,4.367234644053136772e-01,-6.626999269225990474e-01,5.323309862949638510e-02,-9.921283988935325482e-02,5.347103880986854574e-02,2.528040000000000287e-01
3.300000000000000266e+00,1.354552013602575045e+00,1.048006103780883214e+00,-3.995027826300123763e-04,1.361735915721723478e+00,1.052094463588189033e+00,1.517046061242455224e-02,1.369094211857377452e+00,9.980267284282715590e-01,8.591347505124025119e-02,4.549506997343056858e-01,-7.980916476910671076e-01,5.104287116036606425e-02,-8.631297783387026357e-02,5.205202676860165578e-02,2.314440000000000108e-01
3.350000000000000089e+00,1.375791374061553274e+00,1.047606902344437207e+00,-3.718679263680790825e-02,1.391618921637101547e+00,1.041905552762802056e+00,-3.043796723092073719e-02,1.391825593184628840e+00,9.995065603657316000e-01,4.370663352722470307e-02,4.454099770951958082e-01,-7.853364245285501255e-01,4.875498561643834550e-02,-8.089342616403261133e-02,5.070245636411741669e-02,2.391780000000000295e-01
3.400000000000000355e+00,1.396636993425433237e+00,1.046448250396672996e+00,-7.386397045167170106e-02,1.374400462391221600e+00,1.046385673162442798e+00,-8.599406172915013968e-02,1.391825593184628840e+00,9.995065603657316000e-01,4.370663352722470307e-02,4.737575176580538505e-01,-6.516286909653761228e-01,4.668663835942186285e-02,-1.175706039788964041e-01,4.718762375070603005e-02,2.318650000000000155e-01
3.450000000000000178e+00,1.418091527732117774e+00,1.044509950165969592e+00,-1.063359184706129668e-01,1.414700386775010310e+00,1.058256171518138444e+00,-9.423149143006215311e-02,1.414213562373094923e+00,1.000000000000000000e+00,0.000000000000000000e+00,4.434625405150422472e-01,-8.016286909653761450e-01,4.450995016596959175e-02,-1.063359184706129668e-01,4.467856621583640025e-02,2.327360000000000262e-01
3.500000000000000000e+00,1.439054138841735053e+00,1.041839311381215438e+00,-1.470990199746999849e-01,1.434326231823120246e+00,1.035241770041443132e+00,-1.372535770885892070e-01,1.436252595526377851e+00,9.995065603657316000e-01,-4.509988523380359382e-02,4.462659428394137318e-01,-7.743128207401462904e-01,4.241601236599213537e-02,-1.019991347408963911e-01,4.242535154228860989e-02,2.292200000000000071e-01
3.550000000000000266e+00,1.460037447748114392e+00,1.038332582742744314e+00,-1.840802516756814278e-01,1.471407497541356468e+00,1.057680094915764313e+00,-1.832818855936051428e-01,1.457937254842823105e+00,9.980267284282715590e-01,-9.145845919515815936e-02,4.294303457254153855e-01,-8.723714016408939953e-01,4.032921234658868453e-02,-9.262179248052326841e-02,4.036053396895211698e-02,2.246010000000000228e-01
3.600000000000000089e+00,1.479801071329395645e+00,1.034259778706256183e+00,-2.223812812224061908e-01,1.478278300258627276e+00,1.040963634537904081e+00,-2.324978829005952541e-01,1.479262189957219364e+00,9.955619646030799963e-01,-1.389137044922978959e-01,4.503607399392455801e-01,-8.418125220710580559e-01,3.839965542747541399e-02,-8.346757673010829492e-02,3.870156598249301083e-02,2.246210000000000151e-01
3.650000000000000355e+00,1.500065240565777058e+00,1.029265630575284973e+00,-2.608921894926479190e-01,1.504353491424614830e+00,1.047040896889680495e+00,-2.457061121077876997e-01,1.500222139260918963e+00,9.921147013144778759e-01,-1.872781162552294987e-01,4.539765922299306422e-01,-9.788045211706299931e-01,3.647211998424262219e-02,-7.361407323741842035e-02,3.715126057271853077e-02,2.278970000000000162e-01
3.700000000000000178e+00,1.521108523382645572e+00,1.023102570850310311e+00,-3.089232287485987882e-01,1.529183724921223009e+00,1.018586426229459718e+00,-2.850415594210122805e-01,1.520811931200061640e+00,9.876883405951377704e-01,-2.363421338615432354e-01,4.322010900826402380e-01,-9.496579607679629387e-01,3.449919509087641389e-02,-7.258109488705555279e-02,3.541547220480263658e-02,2.277070000000000205e-01
3.750000000000000000e+00,1.540058825422124800e+00,1.016617761074749327e+00,-3.504967540673979975e-01,1.528718522278066816e+00,9.976360997944205833e-01,-3.460398473601249414e-01,1.520811931200061640e+00,9.876883405951377704e-01,-2.363421338615432354e-01,4.105648144662676913e-01,-7.996579607679629165e-01,3.263183250556385417e-02,-1.141546202058547621e-01,3.474700428067802049e-02,2.263140000000000152e-01
3.800000000000000266e+00,1.558352120561873333e+00,1.009531754659864111e+00,-3.886203442385927076e-01,1.539372004237390623e+00,1.022877476839819888e+00,-3.975838183262512260e-01,1.520811931200061640e+00,9.876883405951377704e-01,-2.363421338615432354e-01,4.141919356275952646e-01,-6.722112111044775684e-01,3.002614910632300099e-02,-1.522782103770494722e-01,4.343271296297025741e-02,2.313840000000000063e-01
3.850000000000000089e+00,1.576845309356304625e+00,1.001619081383060994e+00,-4.199770773746052122e-01,1.582916639897912869e+00,1.005075612688554054e+00,-4.112022466446503266e-01,1.560860814676659380e+00,9.759167619387474346e-01,-3.356505649802192792e-01,4.146945316977092011e-01,-8.222112111044775906e-01,2.953306178137432916e-02,-8.432651239438593294e-02,3.026736352874405747e-02,2.274660000000000015e-01
3.900000000000000355e+00,1.594006746276714903e+00,9.935818564533308583e-01,-4.560081293399469438e-01,1.588841524590337562e+00,9.695251214905065140e-01,-4.547162559625115286e-01,1.580310024751380826e+00,9.685831611286310761e-01,-3.854144357899738083e-01,3.995385641397833365e-01,-8.238992634694408679e-01,2.831404809039902992e-02,-7.059369354997313550e-02,2.850499865777433514e-02,2.359320000000000028e-01
3.950000000000000178e+00,1.610560669522969501e+00,9.850655670878030179e-01,-4.942850141597134872e-01,1.581350654737379680e+00,1.003597429461841273e+00,-4.868310357193870175e-01,1.580310024751380826e+00,9.685831611286310761e-01,-3.854144357899738083e-01,4.551803033698295087e-01,-8.194079612973620419e-01,2.664582557730785922e-02,-1.088705783697396789e-01,3.444954593749810501e-02,2.245010000000000339e-01
4.000000000000000000e+00,1.629366207653998977e+00,9.744525730948820907e-01,-5.333095094738897757e-01,1.600562485791079625e+00,9.792994001106049007e-01,-5.374314362352676788e-01,1.599369316974181165e+00,9.602936856769430651e-01,-4.349307235386512538e-01,4.351112342055763471e-01,-7.682198469796663876e-01,2.547980131655685002e-02,-9.837878593523852189e-02,3.317058249972123368e-02,2.914360000000000284e-01
4.049999999999999822e+00,1.646794813548817960e+00,9.636827642152587803e-01,-5.737012004609214344e-01,1.669967924202674370e+00,9.745409028210978430e-01,-5.739544793454003369e-01,1.654161148549123661e+00,9.297764858882513472e-01,-5.797757117532911231e-01,4.880199596382435723e-01,-9.182198469796664098e-01,2.432995648986265025e-02,6.074511292369688675e-03,3.469724198441747481e-02,2.495980000000000143e-01
4.100000000000000533e+00,1.666189173533405565e+00,9.505087812436940897e-01,-6.196517289834480025e-01,1.673237131751795337e+00,9.488839755871368853e-01,-6.200749001603762522e-01,1.654161148549123661e+00,9.297764858882513472e-01,-5.797757117532911231e-01,4.318612922017336375e-01,-9.002140356729340098e-01,2.393372746782058275e-02,-3.987601723015687938e-02,2.396875999562393666e-02,2.385170000000000068e-01
4.150000000000000355e+00,1.682566708977250691e+00,9.383129891305833636e-01,-6.605053366130957393e-01,1.694876469578138645e+00,9.534194133431523888e-01,-6.656675332350339147e-01,1.671614722736540548e+00,9.177546256839811400e-01,-6.261818627476221089e-01,4.662056054167450503e-01,-9.178299212513981731e-01,2.307631641217916529e-02,-3.432347386547363044e-02,2.329361093131107271e-02,2.469519999999999771e-01
4.200000000000000178e+00,1.699451750412539264e+00,9.245482189526391670e-01,-7.073821894807785782e-01,1.716570584785067188e+00,8.897489387877857148e-01,-7.086077220509503505e-01,1.705280328708184356e+00,8.910065241883678988e-01,-7.152943146460333246e-01,4.215454699404388994e-01,-8.952609018481902936e-01,2.149802119276525078e-02,7.912125165254746406e-03,3.404434773362544076e-02,2.420740000000000391e-01
4.250000000000000000e+00,1.714614817265075475e+00,9.110047040187342349e-01,-7.506987399066264999e-01,1.704266928657539149e+00,9.116484242337112853e-01,-7.522815604576891246e-01,1.705280328708184356e+00,8.910065241883678988e-01,-7.152943146460333246e-01,4.760972432324139803e-01,-8.055689303460534800e-01,2.121855842638358663e-02,-3.540442526059317530e-02,2.206943300464246638e-02,2.446190000000000031e-01
4.299999999999999822e+00,1.731193884267775207e+00,8.949155910353452370e-01,-7.901040403714461036e-01,1.700291160777558153e+00,8.935601244193293047e-01,-7.868832609333145101e-01,1.705280328708184356e+00,8.910065241883678988e-01,-7.152943146460333246e-01,4.385569578823149683e-01,-6.791629208667613327e-01,1.994609205933184706e-02,-7.480972572541277898e-02,2.620673893017098216e-02,2.343900000000000150e-01
4.350000000000000533e+00,1.745125111687858332e+00,8.804050216666289286e-01,-8.214254262869831180e-01,1.746602296861118120e+00,8.743471518059126035e-01,-7.957426336543136358e-01,1.737263028876382398e+00,8.607420270039436438e-01,-7.988575718927242164e-01,4.686085060788516832e-01,-8.291629208667613549e-01,1.934909732175461861e-02,-2.256785439425890161e-02,2.117653666772013193e-02,2.472840000000000038e-01
4.400000000000000355e+00,1.760224874174491472e+00,8.635201281555808794e-01,-8.608794266784891569e-01,1.753299807091427853e+00,8.664385556602977045e-01,-8.446787892665281738e-01,1.737263028876382398e+00,8.607420270039436438e-01,-7.988575718927242164e-01,4.404567227015149800e-01,-7.232211685079225072e-01,1.839132982710747072e-02,-6.202185478576494049e-02,2.312929280161894405e-02,2.390280000000000182e-01
4.450000000000000178e+00,1.773763191758314539e+00,8.472274025453748747e-01,-8.940620030216646086e-01,1.784761458463224981e+00,8.404514172698276386e-01,-9.068902709789603556e-01,1.767531260177386931e+00,8.270805742745617195e-01,-8.764942210668400513e-01,4.741179066081692706e-01,-7.155213961339241813e-01,1.768017536512614396e-02,-1.756778195482455729e-02,2.108866189692933102e-02,2.248920000000000086e-01
4.500000000000000000e+00,1.787598516525579884e+00,8.293597143257146476e-01,-9.297593124119183372e-01,1.761083861764686675e+00,8.514767349347055481e-01,-9.317944579981309872e-01,1.767531260177386931e+00,8.270805742745617195e-01,-8.764942210668400513e-01,5.163343851565724840e-01,-6.304926700660236083e-01,1.688000133656313365e-02,-5.326509134507828591e-02,2.019626838593852058e-02,2.263840000000000297e-01
4.549999999999999822e+00,1.801643066520241643e+00,8.099155331884586584e-01,-9.607598193059851965e-01,1.790383105582119772e+00,8.107942383736671532e-01,-9.618244303012279950e-01,1.782013048376735576e+00,8.090169943749474513e-01,-9.130687851951857503e-01,4.602456272609858901e-01,-6.085891084499641668e-01,1.608416672326761637e-02,-4.769103411079944621e-02,1.965057211161454903e-02,2.336180000000000201e-01
4.600000000000000533e+00,1.813367146756949655e+00,7.925827984975183371e-01,-9.913938796506149842e-01,1.796840757356375828e+00,7.914972859986502129e-01,-9.660416514370013807e-01,1.796055151521231297e+00,7.901550123756903021e-01,-9.481711696544556922e-01,4.751093446471560400e-01,-6.450357420620729254e-01,1.547921664990129995e-02,-4.322270999615929199e-02,1.748139938605819746e-02,2.291900000000000326e-01
4.650000000000000355e+00,1.825256887788865523e+00,7.737154425850055750e-01,-1.025574370252546164e+00,1.826415741462788178e+00,7.891387072125318758e-01,-1.018857912898134543e+00,1.809654104932039154e+00,7.705132427757892533e-01,-9.818358515025886746e-01,5.124184319340712168e-01,-6.151290482121488656e-01,1.475281605414880196e-02,-4.373851874995748901e-02,1.592799160269178088e-02,2.243400000000000116e-01
4.700000000000000178e+00,1.837518581288472674e+00,7.528709302892409028e-01,-1.052554774654955061e+00,1.835280743874151188e+00,7.631272587195979673e-01,-1.057190972306806476e+00,1.822806553270890584e+00,7.501110696304593706e-01,-1.014107414023698084e+00,5.098607540020415607e-01,-5.577760148326086354e-01,1.394889766036901818e-02,-3.844736063125697711e-02,1.496865388891100226e-02,2.236290000000000222e-01
4.750000000000000000e+00,1.849427183286227017e+00,7.313128386020727456e-01,-1.079676216057049665e+00,1.870628167355037119e+00,7.552465775352306121e-01,-1.088309241439241681e+00,1.835509251367962280e+00,7.289686274214114414e-01,-1.045038124374674471e+00,5.379103525828360377e-01,-5.827227535073886688e-01,1.321471394707786698e-02,-3.463809168237519387e-02,1.411397020476484396e-02,2.307520000000000127e-01
4.800000000000000711e+00,1.860872122483759217e+00,7.091383128766765021e-01,-1.108979982287886301e+00,1.865255671627667589e+00,7.101284008459306518e-01,-1.101574678995632883e+00,1.847759065022573477e+00,7.071067811865475727e-01,-1.074685819931865183e+00,5.008592273842600306e-01,-5.447911349371958867e-01,1.249918215846341704e-02,-3.429416235602111840e-02,1.326949121060627158e-02,2.387970000000000093e-01
4.850000000000000533e+00,1.871330507925358155e+00,6.873957206734541137e-01,-1.135933032390592068e+00,1.882805949461226813e+00,6.904150560835129458e-01,-1.130385658365874679e+00,1.859552971776502694e+00,6.845471059286888371e-01,-1.103112110178118499e+00,5.135861794212994713e-01,-5.325614392784804307e-01,1.179701531849488248e-02,-3.282092221247356889e-02,1.211713512764841898e-02,2.496080000000000243e-01
4.900000000000000355e+00,1.881371633409737898e+00,6.651134984266716677e-01,-1.158897657892530964e+00,1.887729347962062265e+00,6.845950999691217120e-01,-1.152698504299687121e+00,1.859552971776502694e+00,6.845471059286888371e-01,-1.103112110178118499e+00,4.947983189470679388e-01,-4.785877316616307664e-01,1.071459115247452333e-02,-5.578554771441268656e-02,2.921847182876044849e-02,2.344300000000000272e-01
4.950000000000000178e+00,1.890461209895934136e+00,6.437373161208873595e-01,-1.178581343812622029e+00,1.886721113285332763e+00,6.369299219911580545e-01,-1.184641789718059668e+00,1.881761537908451132e+00,6.374239897486895234e-01,-1.156557088678024758e+00,5.233375685067478411e-01,-4.493833905819344388e-01,1.050495161565474442e-02,-2.202425513459704831e-02,1.074906426493418832e-02,2.256730000000000125e-01
5.000000000000000000e+00,1.899622929300088803e+00,6.208358861124131378e-01,-1.201912174789226961e+00,1.907925898181208391e+00,6.335276196919397140e-01,-1.180270913248123499e+00,1.892170717655090595e+00,6.129070536529763746e-01,-1.181705781771627883e+00,5.822869700779347291e-01,-5.404120931051068499e-01,9.902971483092845237e-03,-2.020639301759885598e-02,1.088126107451084512e-02,2.277570000000000150e-01
5.050000000000000711e+00,1.909085316760843698e+00,5.953883622347105886e-01,-1.227687076683871892e+00,1.911811613979051083e+00,5.712041343509840496e-01,-1.240383203477804841e+00,1.911586029596660241e+00,5.620833778521308055e-01,-1.229177066822546571e+00,5.741362288727893670e-01,-4.349831228862406918e-01,8.801404820002167381e-03,1.489990138674457398e-03,3.339873574570002834e-02,2.240800000000000014e-01
5.100000000000000533e+00,1.917907653706045101e+00,5.699470775143755663e-01,-1.246312339318867313e+00,1.917170868116074844e+00,5.486085253496497671e-01,-1.242838749545051247e+00,1.920587371353886352e+00,5.358267949789962126e-01,-1.251624470568528880e+00,5.932721858210379118e-01,-4.656490745774941042e-01,8.161894063933505458e-03,5.312131249661788956e-03,3.422534977127721090e-02,2.319250000000000200e-01
5.150000000000000355e+00,1.926513977420038604e+00,5.433572200504933614e-01,-1.269224386916737446e+00,1.929422139576587591e+00,5.190052072481758927e-01,-1.255979977190260444e+00,1.929114836915596154e+00,5.090414157503710957e-01,-1.273293307075958225e+00,5.921400969394946534e-01,-4.769758600006992477e-01,7.572515768671539763e-03,4.068920159221001143e-03,3.441422518203659381e-02,2.221360000000000001e-01
5.200000000000000178e+00,1.934628575075397983e+00,5.160787127247532524e-01,-1.294096059044676839e+00,1.927717052167195355e+00,5.315907446247588597e-01,-1.292775757716953855e+00,1.929114836915596154e+00,5.090414157503710957e-01,-1.273293307075958225e+00,6.233050240191906344e-01,-3.867835188606466579e-01,7.334397287878127031e-03,-2.080275196871861354e-02,8.940070312950737855e-03,2.230680000000000163e-01
5.250000000000000000e+00,1.942272440336065831e+00,4.883052538458393377e-01,-1.310351522610233577e+00,1.941947880874677512e+00,4.762463276166211124e-01,-1.315975071211631153e+00,1.937166322257262152e+00,4.817536741017152124e-01,-1.294241249945474737e+00,5.554376036019044172e-01,-3.615630711160517929e-01,6.700959213738835046e-03,-1.611027266475861808e-02,8.306361356111549923e-03,2.226880000000000248e-01
5.300000000000000711e+00,1.948752044665466032e+00,4.631151232694084019e-01,-1.327701658413379171e+00,1.939149116453704469e+00,4.842762147210626367e-01,-1.324047451280666365e+00,1.937166322257262152e+00,4.817536741017152124e-01,-1.294241249945474737e+00,5.767097929222434471e-01,-3.402375698436587159e-01,6.056354767970640977e-03,-3.346040846790465650e-02,2.194594588639191962e-02,2.361830000000000318e-01
5.350000000000000533e+00,1.954989371419602717e+00,4.367777713719969146e-01,-1.348810699400047719e+00,1.929759434264461504e+00,4.427458903030833115e-01,-1.355304286626912935e+00,1.944739840795353114e+00,4.539904997395468600e-01,-1.314523834253633616e+00,5.517858579034520261e-01,-2.616847938323355605e-01,5.551773680434688059e-03,-3.428686514641388072e-02,2.003324476644981894e-02,2.245409999999999906e-01
5.400000000000000355e+00,1.960382592442366567e+00,4.122853425020234219e-01,-1.359300746612630784e+00,1.942946240361870247e+00,4.274176431695012046e-01,-1.383479145810444066e+00,1.951833523877494647e+00,4.257792915650728816e-01,-1.334194433894803744e+00,5.891735057697156108e-01,-2.452540478155761927e-01,5.147903324507270562e-03,-2.510631271782681750e-02,1.597414268882854996e-02,2.253519999999999968e-01
5.450000000000000178e+00,1.966000338026961725e+00,3.854944273471513916e-01,-1.368904329848583012e+00,1.952396237654623334e+00,4.002703689384598529e-01,-1.359552716012284002e+00,1.958445621243531498e+00,3.971478906347806204e-01,-1.353304289689402307e+00,5.998083533024181069e-01,-3.512750369576115306e-01,4.862139522876786704e-03,-1.560004015918092790e-02,1.388801469879566951e-02,2.248410000000000131e-01
5.500000000000000000e+00,1.971389385182484633e+00,3.580061413926052816e-01,-1.385501289274733150e+00,1.977504490160627126e+00,3.527578212328825735e-01,-1.378725685699054848e+00,1.970218652309547958e+00,3.387379202452913129e-01,-1.390036498327183789e+00,6.364850689502935532e-01,-4.057671457173491203e-01,4.615642984981033897e-03,4.535209052450639433e-03,1.930375511763376614e-02,2.241200000000000137e-01
5.550000000000000711e+00,1.977004122340859205e+00,3.265757490408036645e-01,-1.402540017053542698e+00,1.984018712060571676e+00,3.324587412935893771e-01,-1.410515069746631767e+00,1.970218652309547958e+00,3.387379202452913129e-01,-1.390036498327183789e+00,5.809717453752265559e-01,-3.277941394840654388e-01,4.488437372332033763e-03,-1.250351872635890871e-02,1.392698861754010364e-02,2.212750000000000272e-01
5.600000000000000533e+00,1.981304569197378518e+00,2.996119544829581316e-01,-1.422737363013622636e+00,1.973630294869449964e+00,2.905747988370251944e-01,-1.434341814501924661e+00,1.980047315433115074e+00,2.789911060392295528e-01,-1.425090937290525384e+00,6.408982157612079789e-01,-3.111150443603077909e-01,4.237880409451425315e-03,2.353574276902747897e-03,2.065914029109096328e-02,2.203430000000000111e-01
5.650000000000000355e+00,1.985691934712303430e+00,2.693463840876122450e-01,-1.430936371310182809e+00,1.982865672363126608e+00,2.586253884230885758e-01,-1.432661348459922435e+00,1.984229402628955752e+00,2.486898871648543785e-01,-1.442097143385252966e+00,6.400742498166692718e-01,-3.616462114356110424e-01,4.101577913020697588e-03,1.116077207506993574e-02,2.070820767750619629e-02,2.621910000000000074e-01
5.700000000000000178e+00,1.989655395338106869e+00,2.396462773226809562e-01,-1.445325195608352598e+00,1.985516129587081346e+00,2.116060028062325959e-01,-1.451902610503897684e+00,1.987921910910359413e+00,2.181432413965423145e-01,-1.458810657793825349e+00,6.002159148404869748e-01,-3.437412434478362422e-01,4.125628065417333984e-03,1.348546218547275188e-02,2.157279588514321444e-02,2.548080000000000345e-01
5.750000000000000000e+00,1.992960943837928767e+00,2.112690090675993226e-01,-1.464341107994689528e+00,1.989422360916362154e+00,2.046525688326705783e-01,-1.462467485306501835e+00,1.987921910910359413e+00,2.181432413965423145e-01,-1.458810657793825349e+00,5.812251742042996439e-01,-3.217794085151908789e-01,4.239261708334085207e-03,-5.530450200864400756e-03,8.523316429501673341e-03,2.234790000000000110e-01
5.800000000000000711e+00,1.995731143647147876e+00,1.833577265928183486e-01,-1.479399142688477609e+00,1.956853019720995901e+00,1.822032043746300289e-01,-1.479500988588037025e+00,1.991123929206159993e+00,1.873813145857245732e-01,-1.475270842638946034e+00,6.098368428352727300e-01,-2.530536524452513536e-01,4.202438822859919272e-03,-4.128300049531574700e-03,6.116836211793351581e-03,2.208240000000000203e-01
5.850000000000000533e+00,1.998211930342549625e+00,1.545679603065719110e-01,-1.490280071430430064e+00,2.013744948508000565e+00,1.432130503198370819e-01,-1.468982814090141531e+00,1.993834667466255928e+00,1.564344650402309800e-01,-1.491515948466642039e+00,5.862417727324659156e-01,-4.030536524452513758e-01,4.215691468685418310e-03,1.235877036211974200e-03,4.758599605866276928e-03,2.359420000000000128e-01
5.900000000000000355e+00,2.000206741992186288e+00,1.266954892460757376e-01,-1.508417740719504740e+00,1.994087379227938772e+00,1.253635030759050750e-01,-1.504047041594808176e+00,1.996053456856543118e+00,1.253332335643040918e-01,-1.507583273474969898e+00,6.247700699861019613e-01,-3.254532131476556289e-01,4.231044866208349617e-03,-8.344672445348422229e-04,4.370985925449043762e-03,2.246410000000000073e-01
5.950000000000000178e+00,2.001826657685155109e+00,9.821468682558717744e-02,-1.519542423286809552e+00,2.012263256249719134e+00,1.117481409504479661e-01,-1.514473622918069751e+00,1.996053456856543118e+00,1.253332335643040918e-01,-1.507583273474969898e+00,5.875164533529435573e-01,-3.294492973568725613e-01,4.048565418453872744e-03,-1.195914981183943127e-02,2.772625876362442079e-02,2.230280000000000040e-01
6.000000000000000000e+00,2.003065547632823407e+00,7.128354262961227039e-02,-1.530110791312110585e+00,1.993457084104734323e+00,5.277491163785151540e-02,-1.533578467037655990e+00,1.999013120731463200e+00,6.279051952931313796e-02,-1.539329969395177633e+00,6.011248346663186082e-01,-3.198821084224094391e-01,4.317621250081690384e-03,9.219178083067269824e-03,9.410292512620559505e-03,2.249320000000000208e-01
6.050000000000000711e+00,2.003938022062766500e+00,4.237771267638369699e-02,-1.551133508687225326e+00,1.993220024755599118e+00,5.182283390059980177e-02,-1.547047259229529237e+00,1.999013120731463200e+00,6.279051952931313796e-02,-1.539329969395177633e+00,5.985405718851023460e-01,-2.843196408033626388e-01,4.280252697266809410e-03,-1.180353929204791541e-02,2.099850796456920188e-02,2.323160000000000225e-01
6.100000000000000533e+00,2.004206796253675815e+00,1.446654001208395185e-02,-1.571200485524931523e+00,1.992434875434572206e+00,1.501715204854862928e-03,-1.576338871643962136e+00,2.000000000000000000e+00,1.224646799147353207e-16,-1.570796326794896558e+00,6.321729360303670608e-01,-2.860641509500400637e-01,4.206796253675816090e-03,-4.041587300349647194e-04,1.506578622711616904e-02,2.203730000000000133e-01
6.150000000000000355e+00,2.004042839839434098e+00,-1.544508602784710680e-02,-1.581354779860792092e+00,2.015873835122008018e+00,-1.360871994985818345e-02,-1.583739291426448759e+00,2.000000000000000000e+00,1.224646799147353207e-16,-1.570796326794896558e+00,5.923495447171380768e-01,-3.091889848747514380e-01,4.042839839434097214e-03,-1.055845306589553445e-02,1.596543880934430185e-02,2.234590000000000187e-01
6.200000000000000178e+00,2.003503455866331162e+00,-4.368130795422930923e-02,-1.598438336980345209e+00,1.999224082171007000e+00,-7.435106974958342885e-02,-1.594919066571307331e+00,1.999013120731463200e+00,-6.279051952931377634e-02,-1.602262684194615705e+00,5.967864010596269919e-01,-3.358136525469955225e-01,3.886914248105042581e-03,3.824347214270495954e-03,1.962969884243698226e-02,2.232680000000000220e-01
6.250000000000000000e+00,2.002466903445039748e+00,-7.221622787353147721e-02,-1.615773889661300755e+00,1.988966088450564440e+00,-7.782232702761654464e-02,-1.621565326119106754e+00,1.999013120731463200e+00,-6.279051952931377634e-02,-1.602262684194615705e+00,5.874486356550018273e-01,-2.480903316531629099e-01,3.748616770491529707e-03,-1.351120546668482802e-02,1.003855531552500652e-02,2.989110000000000378e-01
6.300000000000000711e+00,2.001048575879538216e+00,-1.001124583386225342e-01,-1.627417245452278172e+00,1.990491320326335023e+00,-8.539212816580396548e-02,-1.622433263045000018e+00,1.997779749923940029e+00,-9.410831331851454706e-02,-1.618083330494513472e+00,6.487468230014596937e-01,-2.920090027555677925e-01,3.548984219840196647e-03,-9.333914957764477549e-03,6.836298746432893127e-03,2.402510000000000201e-01
6.350000000000000533e+00,1.999137269508637793e+00,-1.298449980679547699e-01,-1.642565392359105925e+00,1.990526072922756073e+00,-1.238631092098188835e-01,-1.649497325805014292e+00,1.996053456856543118e+00,-1.253332335643042861e-01,-1.634009380114828769e+00,6.281862663835614535e-01,-2.693148372613352604e-01,3.362665923734980359e-03,-8.556012244277155787e-03,5.464972041064775077e-03,2.401099999999999901e-01
6.400000000000000355e+00,1.996772408120688791e+00,-1.591883054559938282e-01,-1.659865378567206173e+00,1.983301767839132923e+00,-1.226377413954804207e-01,-1.631792345576446257e+00,1.996053456856543118e+00,-1.253332335643042861e-01,-1.634009380114828769e+00,6.306872991721661492e-01,-3.021820588156665099e-01,2.856172810920213061e-03,-2.585599845237762651e-02,3.386270490837499370e-02,2.368640000000000190e-01
6.450000000000000178e+00,1.993760870711507094e+00,-1.893041851778617390e-01,-1.681061255354252770e+00,1.980569075414706059e+00,-1.812963602870233393e-01,-1.679189393798213414e+00,1.991123929206159993e+00,-1.873813145857247675e-01,-1.666321810950852189e+00,6.350443034047289492e-01,-2.732383539411864515e-01,2.808323366697077807e-03,-1.473944440340080320e-02,3.263570409341190210e-03,2.247620000000000173e-01
6.500000000000000000e+00,1.990065185228766742e+00,-2.200000660589638835e-01,-1.700171525512247150e+00,2.009413322283089887e+00,-2.166708233123688099e-01,-1.677803454522259763e+00,1.987921910910359413e+00,-2.181432413965429529e-01,-1.682781995795967767e+00,6.233749013562221997e-01,-3.829712001170321733e-01,2.337352587923510229e-03,-1.738952971627938382e-02,2.835740226275848975e-03,2.347200000000000120e-01
6.550000000000000711e+00,1.985991851912453976e+00,-2.486802647577315839e-01,-1.723585968144017544e+00,1.985491688939254207e+00,-2.686385619105804423e-01,-1.717156430280663892e+00,1.980047315433115074e+00,-2.789911060392292752e-01,-1.716501716299274394e+00,6.377884922200418583e-01,-3.483935312604163337e-01,1.480704015414763437e-03,-7.084251844743150173e-03,3.088826011847115374e-02,2.252320000000000155e-01
6.600000000000000533e+00,1.981371264713198244e+00,-2.774794726957033886e-01,-1.736178047544378433e+00,1.984667011942658599e+00,-2.759243194184567427e-01,-1.762461570023651225e+00,1.980047315433115074e+00,-2.789911060392292752e-01,-1.716501716299274394e+00,6.198082529413910802e-01,-2.314715242676650409e-01,1.090445743580193512e-03,-1.967633124510381748e-02,2.009446954137380451e-03,2.326660000000000117e-01
6.650000000000000355e+00,1.976690391763478605e+00,-3.046831090494558358e-01,-1.746213201054856778e+00,1.999168632999707151e+00,-2.982163976996320964e-01,-1.744990102749523597e+00,1.975376681190275541e+00,-3.090169943749468962e-01,-1.733841245767686834e+00,6.384410612842809085e-01,-3.607497264604769827e-01,5.927962201251464440e-04,-1.237195528717016657e-02,4.528619821165415400e-03,2.217060000000000142e-01
6.700000000000000178e+00,1.971224929278208693e+00,-3.337504899681933423e-01,-1.767094127128022718e+00,1.983626434777746805e+00,-3.511121985803163370e-01,-1.772645815168473638e+00,1.970218652309547736e+00,-3.387379202452919236e-01,-1.751556155262608883e+00,5.718836016634181174e-01,-3.322441126214175089e-01,9.325645481657622235e-05,-1.553797186541405750e-02,5.087932203417918665e-03,2.218759999999999899e-01
6.750000000000000000e+00,1.965792964582007585e+00,-3.601099256986311503e-01,-1.780954495994033326e+00,1.976374881871189260e+00,-3.297992149877367885e-01,-1.756870169181458996e+00,1.970218652309547736e+00,-3.387379202452919236e-01,-1.751556155262608883e+00,6.256717135510059258e-01,-3.523843018448451492e-01,-5.113850575500667600e-04,-2.939834073142444382e-02,2.182542849428760132e-02,2.251220000000000165e-01
6.800000000000000711e+00,1.959467619878749511e+00,-3.888366455364587471e-01,-1.794101758796547319e+00,1.974282806497741127e+00,-4.071041394014076609e-01,-1.799892171322664325e+00,1.958445621243531498e+00,-3.971478906347807869e-01,-1.788288363900390143e+00,5.687659135108635855e-01,-3.795833969082580417e-01,-7.954902326503311173e-04,-5.813394896157397795e-03,8.373844773744591047e-03,2.332770000000000121e-01
6.850000000000000533e+00,1.953222780979002149e+00,-4.151772176820704430e-01,-1.813056426587515979e+00,1.958228252502235645e+00,-3.988312439403855492e-01,-1.809168759549409256e+00,1.958445621243531498e+00,-3.971478906347807869e-01,-1.788288363900390143e+00,5.868554641599017518e-01,-3.232669636676973601e-01,-1.209405104599301211e-03,-2.476806268712561376e-02,1.877058055060949054e-02,2.277070000000000205e-01
6.900000000000000355e+00,1.946226123604110736e+00,-4.423210447068463558e-01,-1.833078189448543949e+00,1.958467657055857902e+00,-4.295328829502034207e-01,-1.841038015322354671e+00,1.951833523877494869e+00,-4.257792915650726595e-01,-1.807398219694988484e+00,5.781403888753695597e-01,-3.143819830958322625e-01,-1.573782652991799653e-03,-2.567996975355546496e-02,1.746632573924259552e-02,2.219560000000000144e-01
6.950000000000000178e+00,1.938938401810068601e+00,-4.687096520160227153e-01,-1.847420313517127211e+00,1.952205122804146598e+00,-4.966209632503035265e-01,-1.852993895487847320e+00,1.937166322257262152e+00,-4.817536741017157675e-01,-1.847351403644325707e+00,5.386078666829412498e-01,-4.325339603678141076e-01,-1.856838579919065872e-03,-6.890987280172566898e-05,1.316384359195758684e-02,2.353210000000000024e-01
7.000000000000000000e+00,1.931931656066819603e+00,-4.926291787098900365e-01,-1.864088249690969867e+00,1.952446286101655604e+00,-4.802399430141854331e-01,-1.886800962779900059e+00,1.937166322257262152e+00,-4.817536741017157675e-01,-1.847351403644325707e+00,5.828137477639535602e-01,-3.368069564812239403e-01,-2.066274918427259914e-03,-1.673684604664416042e-02,1.206972785972335385e-02,2.338679999999999926e-01
7.050000000000000711e+00,1.923818577569769817e+00,-5.184957219247143811e-01,-1.885371447675095569e+00,1.898065684788649232e+00,-5.276409894524626276e-01,-1.884112151639710353e+00,1.920587371353886130e+00,-5.358267949789967677e-01,-1.889968183021265347e+00,5.714245039227831002e-01,-4.109339995792389288e-01,-2.370134078000173464e-03,4.596735346170000014e-03,1.762971318037926532e-02,2.237590000000000134e-01
7.100000000000000533e+00,1.915431599423799591e+00,-5.433570555648621347e-01,-1.906944104760643688e+00,1.900657710613430584e+00,-5.414497394576244238e-01,-1.897770355022583733e+00,1.920587371353886130e+00,-5.358267949789967677e-01,-1.889968183021265347e+00,5.375131016984796561e-01,-3.892548365093891904e-01,-2.532534958506874913e-03,-1.697592173937856330e-02,9.126160676106118488e-03,2.257940000000000225e-01
7.150000000000000355e+00,1.906759935330874844e+00,-5.674953407601351918e-01,-1.924430398276080867e+00,1.899740177277607689e+00,-5.858391627467232077e-01,-1.924658108395388867e+00,1.902113032590307284e+00,-5.877852522924730261e-01,-1.935701281842202803e+00,5.473966669704442012e-01,-4.971827381847735428e-01,-2.899728261286178312e-03,1.127088356612215847e-02,2.081523997148219604e-02,2.785120000000000373e-01
7.200000000000000178e+00,1.897707857833374812e+00,-5.912767786348962495e-01,-1.944567988748755916e+00,1.907696854938554232e+00,-6.217797090941736826e-01,-1.967120846573951809e+00,1.892170717655090595e+00,-6.129070536529765967e-01,-1.959886871818169674e+00,5.210763234229724983e-01,-5.086274123752847487e-01,-3.082118445723871884e-03,1.531888306941375788e-02,2.232775668784842474e-02,2.355220000000000369e-01
7.250000000000000000e+00,1.888686656413283149e+00,-6.135862901672635150e-01,-1.965553151635033746e+00,1.894976680885176679e+00,-6.361437317753929621e-01,-1.977200142703645636e+00,1.881761537908450910e+00,-6.374239897486899675e-01,-1.985035564911772354e+00,5.375946808352125572e-01,-5.549168082506279465e-01,-3.255110908335395910e-03,1.948241327673860823e-02,2.482323886281378664e-02,2.248110000000000386e-01
7.300000000000000711e+00,1.878874852144209351e+00,-6.363817182486306567e-01,-1.988958948079202038e+00,1.888282628658050522e+00,-6.362241863548080412e-01,-1.975038714222096425e+00,1.881761537908450910e+00,-6.374239897486899675e-01,-1.985035564911772354e+00,5.341526052282147274e-01,-5.488791104609669347e-01,-3.062045565604329649e-03,-3.923383167429683738e-03,3.069085300429227111e-03,2.228980000000000128e-01
7.350000000000000533e+00,1.868053034429446813e+00,-6.599823225530125903e-01,-2.012499578277803902e+00,1.853378963659428003e+00,-6.519389398715147443e-01,-2.009521608783194413e+00,1.870888061659734536e+00,-6.613118653236520483e-01,-2.011211771068134979e+00,5.358424970227121387e-01,-4.999251628416340187e-01,-3.131298138861604748e-03,-1.287807209668923036e-03,3.131303782042318268e-03,2.388180000000000303e-01
7.400000000000000355e+00,1.857087505206441280e+00,-6.824149437702933252e-01,-2.038421524663690754e+00,1.847728064642981671e+00,-7.002291248781106203e-01,-2.028098920468105693e+00,1.847759065022573477e+00,-7.071067811865474617e-01,-2.066906833657927933e+00,5.192760890463855583e-01,-6.499251628416340409e-01,-3.549716786732987420e-03,2.848530899423717955e-02,2.639520091332375751e-02,2.226370000000000016e-01
7.450000000000000178e+00,1.845628406757428897e+00,-7.042209530528246164e-01,-2.070851816049524619e+00,1.823488909284091131e+00,-7.269465728982192898e-01,-2.078995052886182027e+00,1.835509251367962280e+00,-7.289686274214115524e-01,-2.096554529215123086e+00,4.937015245214109727e-01,-6.277675654357377510e-01,-3.667589960952937628e-03,2.570271316559846753e-02,2.673657966999118743e-02,2.211639999999999995e-01
7.500000000000000000e+00,1.834709790285741660e+00,-7.236139216504819949e-01,-2.096308617148429754e+00,1.830308856366129611e+00,-7.299875716657036051e-01,-2.093621542761875176e+00,1.835509251367962280e+00,-7.289686274214115524e-01,-2.096554529215123086e+00,4.913713685809820153e-01,-6.052923164595437333e-01,-3.378849373610194606e-03,2.459120666933323207e-04,5.414056881416344849e-03,2.222360000000000169e-01
7.550000000000000711e+00,1.822947405790970921e+00,-7.432331889027709027e-01,-2.125435106545393360e+00,1.853519460090263804e+00,-7.482496027700078489e-01,-2.093578108116653347e+00,1.835509251367962280e+00,-7.289686274214115524e-01,-2.096554529215123086e+00,4.600119633877458591e-01,-6.641093937498492306e-01,-3.706348330018002443e-03,-2.888057733027027396e-02,1.900730592576597294e-02,2.260140000000000204e-01
7.600000000000000533e+00,1.810884159942098615e+00,-7.619575953641867239e-01,-2.160805923785189098e+00,1.799863609859233993e+00,-7.540981798596658736e-01,-2.176964897985871339e+00,1.809654104932038932e+00,-7.705132427757893643e-01,-2.159756802087212879e+00,5.162219403645097460e-01,-5.794297310693519165e-01,-3.729822352541147142e-03,-1.049121697976218570e-03,8.643618337214796499e-03,2.209440000000000293e-01
7.650000000000000355e+00,1.796914725441798311e+00,-7.821787846216023965e-01,-2.189878865488449122e+00,1.776222425401563276e+00,-7.349614653729725777e-01,-2.175855774565798928e+00,1.809654104932038932e+00,-7.705132427757893643e-01,-2.159756802087212879e+00,5.467013327554195445e-01,-5.201067332906227358e-01,-4.112857969102466822e-03,-3.012206340123624315e-02,1.727358261487113578e-02,2.242000000000000104e-01
7.700000000000000178e+00,1.782023986747261812e+00,-8.025720333276581409e-01,-2.213103898178670370e+00,1.789655598993726393e+00,-8.047727342510498927e-01,-2.210086335330856855e+00,1.782013048376735798e+00,-8.090169943749473402e-01,-2.228523868394610030e+00,4.807312589059369867e-01,-6.701067332906227580e-01,-3.931277437907355725e-03,1.541997021593966011e-02,6.444970329569008755e-03,2.411119999999999930e-01
7.750000000000000000e+00,1.768013342515630582e+00,-8.207126996736626712e-01,-2.243772757561841136e+00,1.765179306962467720e+00,-7.988067507705489678e-01,-2.239810722242738805e+00,1.782013048376735798e+00,-8.090169943749473402e-01,-2.228523868394610030e+00,4.790491977907027077e-01,-6.469784909157541009e-01,-3.929316745476673853e-03,-1.524888916723110555e-02,1.824229389720112907e-02,2.294609999999999983e-01
7.800000000000000711e+00,1.754266945064629990e+00,-8.374661270742845831e-01,-2.272067993918133855e+00,1.788684535343732618e+00,-8.339631689995471442e-01,-2.269934038151904865e+00,1.767531260177386487e+00,-8.270805742745621636e-01,-2.265098432522955285e+00,4.607466029119017259e-01,-7.774004560112550699e-01,-3.548443639647235436e-03,-6.969561395178569541e-03,1.684641689993223931e-02,2.242800000000000071e-01
7.850000000000000533e+00,1.740040981361074657e+00,-8.536646374588642283e-01,-2.310833799591117899e+00,1.733747791342073796e+00,-8.437158022089792375e-01,-2.331309865962298389e+00,1.737263028876382398e+00,-8.607420270039437549e-01,-2.342735081697066235e+00,4.801055652841224597e-01,-8.025756472820866350e-01,-2.946092919831138756e-03,3.190128210594833646e-02,7.603056147366588947e-03,2.400400000000000034e-01
7.900000000000000355e+00,1.724580452741857339e+00,-8.699232511733796525e-01,-2.351243811413083140e+00,1.732610530571233820e+00,-8.493531159925900020e-01,-2.357324502123294252e+00,1.737263028876382398e+00,-8.607420270039437549e-01,-2.342735081697066235e+00,4.689029255777499294e-01,-7.437346740242176679e-01,-2.683682196733073143e-03,-8.508729716016905087e-03,1.565703083785231764e-02,2.516209999999999836e-01
7.950000000000000178e+00,1.708505604200745376e+00,-8.856240694495683963e-01,-2.384686011959701979e+00,1.708520593186436676e+00,-8.730095046916761525e-01,-2.387307629948592247e+00,1.721484054007887288e+00,-8.763066800438635839e-01,-2.383790380104093387e+00,4.355791728704193622e-01,-8.019004802774730711e-01,-2.152766121024765264e-03,-8.956318556085918203e-04,1.597666751028017917e-02,2.597570000000000157e-01
8.000000000000000000e+00,1.693270407115977427e+00,-8.994974236342567764e-01,-2.421204742135189658e+00,1.680546481887498889e+00,-8.992501138668941296e-01,-2.411727637381120726e+00,1.688655851004029929e+00,-9.048270524660197989e-01,-2.470200220386382650e+00,4.273496886579866705e-01,-9.519004802774730933e-01,-1.302257751683849520e-03,4.899547825119299205e-02,7.049756846492770748e-03,2.581939999999999791e-01
8.050000000000000711e+00,1.677860371615792268e+00,-9.124068822621519415e-01,-2.467324981817819118e+00,1.695435677909715944e+00,-9.195032252853811983e-01,-2.481176560476911153e+00,1.688655851004029929e+00,-9.048270524660197989e-01,-2.470200220386382650e+00,4.081519313949031336e-01,-9.005739394957369415e-01,-7.809423936683676168e-04,2.875238568563531771e-03,1.319076172782287885e-02,2.447590000000000043e-01
8.099999999999999645e+00,1.661991451403669329e+00,-9.244897215707809091e-01,-2.514326352076935667e+00,1.651040636812094231e+00,-9.231231393095464810e-01,-2.522378612781193130e+00,1.654161148549123439e+00,-9.297764858882514583e-01,-2.561816941836501993e+00,4.273376610905705308e-01,-1.022197388356236747e+00,-1.331063481666075465e-04,4.749058975956632622e-02,9.447937327395294904e-03,2.406510000000000038e-01
8.150000000000000355e+00,1.645418826554277514e+00,-9.358963665830826173e-01,-2.563222162484442457e+00,1.639967392669343216e+00,-9.204638350809640768e-01,-2.572703028143098702e+00,1.654161148549123439e+00,-9.297764858882514583e-01,-2.561816941836501993e+00,4.239138401863383754e-01,-8.734889243981462936e-01,3.304422617412946725e-04,-1.405220647940463863e-03,1.067151037016475686e-02,2.350900000000000212e-01
8.200000000000001066e+00,1.628257708489962541e+00,-9.465932442180943207e-01,-2.605181719033113463e+00,1.634759357111538414e+00,-9.630645019718814259e-01,-2.591355619178927316e+00,1.618033988749894903e+00,-9.510565162951535312e-01,-2.657623499136287482e+00,4.132741106626043881e-01,-1.023488924398146427e+00,8.063695222343065031e-04,5.244178010317401828e-02,1.115550281060002924e-02,2.354210000000000191e-01
8.250000000000000000e+00,1.610706982306320700e+00,-9.564235080673197942e-01,-2.656865839815432562e+00,1.615906192658688179e+00,-9.790627105055256241e-01,-2.652470549818029877e+00,1.599369316974181388e+00,-9.602936856769429541e-01,-2.706661930051141862e+00,4.051806998395047765e-01,-1.173488924398146338e+00,1.267236691355628272e-03,4.979609023570930049e-02,1.198002211657482954e-02,2.550979999999999914e-01
8.300000000000000711e+00,1.593939674801663653e+00,-9.646882524784428092e-01,-2.710403185290546801e+00,1.592910900642898753e+00,-9.660352955343929349e-01,-2.710651817719828660e+00,1.599369316974181388e+00,-9.602936856769429541e-01,-2.706661930051141862e+00,3.987358791373682432e-01,-1.023488924398146427e+00,1.697662699988871076e-03,-3.741255239404939203e-03,6.985215207452650024e-03,2.342790000000000150e-01
8.349999999999999645e+00,1.577026900569674650e+00,-9.720029291005359839e-01,-2.756379856983057763e+00,1.569631178699152585e+00,-9.589520430699468578e-01,-2.749263191133317186e+00,1.580310024751380604e+00,-9.685831611286311871e-01,-2.756178217799818864e+00,4.133855698699115955e-01,-9.770454302335251917e-01,1.934634833535808481e-03,-2.016391832388997329e-04,4.740645248715436195e-03,2.284279999999999922e-01
8.400000000000000355e+00,1.559075959498369413e+00,-9.788377127199398009e-01,-2.799204645545749326e+00,1.575832530932892883e+00,-9.814316662178412809e-01,-2.810324837454031499e+00,1.580310024751380604e+00,-9.685831611286311871e-01,-2.756178217799818864e+00,3.954631425059798033e-01,-8.810379525396271339e-01,1.519502952932863526e-03,-4.302642774593046227e-02,2.358052916089771120e-02,2.288590000000000069e-01
8.450000000000001066e+00,1.541746298788365666e+00,-9.846245635334124335e-01,-2.839410187817272391e+00,1.525488704445825627e+00,-9.881547029628591217e-01,-2.831740789138570857e+00,1.520811931200062084e+00,-9.876883405951376593e-01,-2.905250519728249881e+00,4.226311640681302828e-01,-1.031037952539627156e+00,1.923133719553517078e-03,6.584033191097748983e-02,2.115737403852777782e-02,2.427850000000000286e-01
8.500000000000000000e+00,1.522065380262826784e+00,-9.901957219308480385e-01,-2.892061042202742627e+00,1.518926320075510761e+00,-9.824706251004915458e-01,-2.918787594074547354e+00,1.520811931200062084e+00,-9.876883405951376593e-01,-2.905250519728249881e+00,4.222523654345580191e-01,-9.354304359453364803e-01,2.731171155331038516e-03,1.318947752550725383e-02,2.803229515329501258e-03,2.239899999999999947e-01
8.550000000000000711e+00,1.503220807028682326e+00,-9.945972785984429354e-01,-2.932208539604649111e+00,1.494451531666127764e+00,-9.981975516953890404e-01,-2.925618531342145001e+00,1.500222139260918741e+00,-9.921147013144778759e-01,-2.954314537334560065e+00,4.079674940367009617e-01,-1.064952669727520007e+00,2.997476398116367784e-03,2.210599772991095335e-02,3.892967807763580198e-03,2.247610000000000163e-01
8.599999999999999645e+00,1.484524860438840133e+00,-9.980694533366283316e-01,-2.983724838228533738e+00,1.480992597482772899e+00,-9.733985423165063544e-01,-2.986163243281526825e+00,1.479262189957219142e+00,-9.955619646030799963e-01,-3.002678949097496552e+00,4.413960034999038218e-01,-9.390413039164082765e-01,3.212042203256683208e-03,1.895411086896281461e-02,5.829511158493201096e-03,2.366130000000000178e-01
8.650000000000000355e+00,1.463707905777101415e+00,-1.000930018539187838e+00,-3.026340672956481015e+00,1.451630115664202192e+00,-9.965077661256885877e-01,-3.043784104865731699e+00,1.457937254842822883e+00,-9.980267284282715590e-01,-3.050134194394631404e+00,4.219473035420194251e-01,-9.494495803607079232e-01,3.418195445456615779e-03,2.379352143815038900e-02,6.459837898386766412e-03,2.541559999999999930e-01
8.700000000000001066e+00,1.444623185574487767e+00,-1.002740555290884572e+00,-3.067674003637039792e+00,1.439268517819249471e+00,-1.004082610489412941e+00,-3.047583017346576106e+00,1.436252595526377629e+00,-9.995065603657316000e-01,-3.096492768355989078e+00,4.412876545832272734e-01,-1.059087128432572023e+00,3.608091197083229847e-03,2.881876471894928571e-02,8.973600221172974012e-03,2.261940000000000062e-01
8.750000000000000000e+00,1.423922352655433876e+00,-1.003791293383882399e+00,-3.114081847487036203e+00,1.417642942903653669e+00,-9.900119812915749717e-01,-3.124295814010022987e+00,1.414213562373095145e+00,-1.000000000000000000e+00,3.141592653589789563e+00,4.499582472072528594e-01,-9.090871284325720003e-01,3.791293383882363664e-03,2.751080610276090965e-02,1.042278821952674107e-02,2.212840000000000085e-01
8.800000000000000711e+00,1.402506698244213812e+00,-1.003955299431194437e+00,3.129398011825394121e+00,1.393676522140303797e+00,-1.002301167299838758e+00,3.138111502595852365e+00,1.391825593184628174e+00,-9.995065603657314890e-01,3.097886020062567525e+00,4.556326968568164548e-01,-9.751236945755644703e-01,3.977804067343782175e-03,3.151199176282659664e-02,1.157053518928498163e-02,2.347100000000000020e-01
8.849999999999999645e+00,1.381079722931223941e+00,-1.003181668842512586e+00,3.081607748694738191e+00,1.358743359146910024e+00,-1.005985312081369987e+00,3.083819706930965410e+00,1.369094211857377674e+00,-9.980267284282715590e-01,3.055679178538552421e+00,4.460199730066283230e-01,-9.296983245950926067e-01,4.107476853871015222e-03,2.592857015618577066e-02,1.304706428188605674e-02,2.247719999999999996e-01
8.900000000000000355e+00,1.359816734743068967e+00,-1.001388527853459331e+00,3.033312572123269213e+00,1.364193027062932329e+00,-1.018000883472086615e+00,3.039952242515533420e+00,1.369094211857377674e+00,-9.980267284282715590e-01,3.055679178538552421e+00,4.580989023774670321e-01,-8.456907962327387951e-01,4.145480250281991311e-03,-2.236660641528320781e-02,9.867789873204366527e-03,2.193820000000000214e-01
8.950000000000001066e+00,1.338025295009703797e+00,-9.985684979384891191e-01,2.992483230941649808e+00,1.317452581163516934e+00,-1.003994529325259233e+00,2.966093841860260483e+00,1.322623730647303653e+00,-9.921147013144778759e-01,2.976055829719888024e+00,4.767369424819367651e-01,-7.725427565190894352e-01,3.827675355718456861e-03,1.642740122176178375e-02,1.669909206134432417e-02,2.223269999999999968e-01
9.000000000000000000e+00,1.316403078775493229e+00,-9.948987430854513425e-01,2.954463152435380380e+00,1.309708340938729787e+00,-1.029482423248661460e+00,2.948700394643189782e+00,1.322623730647303653e+00,-9.921147013144778759e-01,2.976055829719888024e+00,4.799746797328519055e-01,-8.018413245772144649e-01,3.771034490340434420e-03,-2.159267728450764423e-02,6.815232812808642501e-03,2.302420000000000300e-01
9.050000000000000711e+00,1.294327699293024825e+00,-9.902826228952755772e-01,2.916448306340381436e+00,1.293333758886104912e+00,-9.674512938224477665e-01,2.914183031201099006e+00,1.298896096660367538e+00,-9.876883405951377704e-01,2.938722810654413209e+00,4.618189072900956704e-01,-6.518413245772144426e-01,3.461525714887615270e-03,-2.227450431403177333e-02,5.253623050691031901e-03,2.254830000000000167e-01
9.099999999999999645e+00,1.273184165746459762e+00,-9.850844545836924260e-01,2.884596306308454317e+00,1.279852139304294090e+00,-9.882931731312338819e-01,2.881665755483838964e+00,1.274847979497379047e+00,-9.822872507286886101e-01,2.903061683423501016e+00,5.101478031140279645e-01,-6.519698651022101110e-01,3.111122493624741796e-03,-1.846537711504669943e-02,3.254631408346620857e-03,2.238790000000000224e-01
9.150000000000000355e+00,1.250025874488117861e+00,-9.785872427078349256e-01,2.851539440405614911e+00,1.226696798158418256e+00,-9.768369041975761835e-01,2.862190142122686964e+00,1.225814107305952749e+00,-9.685831611286310761e-01,2.836707737742125701e+00,5.330710497872626075e-01,-7.216044770379024254e-01,2.274737789143109132e-03,1.483170266348921018e-02,2.619716240982471883e-02,2.243100000000000371e-01
9.200000000000001066e+00,1.225694175073247516e+00,-9.709041482739626527e-01,2.819932979300462605e+00,1.223221208795325587e+00,-9.600007371450575144e-01,2.822659851432550937e+00,1.225814107305952749e+00,-9.685831611286310761e-01,2.836707737742125701e+00,5.057795931111097598e-01,-5.716076166803926162e-01,2.249948377273099358e-03,-1.677475844166309571e-02,2.324083705298947075e-03,2.331870000000000054e-01
9.250000000000000000e+00,1.203420993000313244e+00,-9.630794684451180476e-01,2.787578500764456457e+00,1.217380803864216876e+00,-9.607922704646024714e-01,2.820852953020879461e+00,1.225814107305952749e+00,-9.685831611286310761e-01,2.836707737742125701e+00,4.977586223723565739e-01,-5.732390813736043533e-01,1.472170539927837758e-03,-4.912923697766924391e-02,2.305953602005017533e-02,2.193310000000000259e-01
9.300000000000000711e+00,1.181132040222872437e+00,-9.545175173410885838e-01,2.762097465410355390e+00,1.178624470988293593e+00,-9.535052125190303096e-01,2.743216514724380772e+00,1.175570504584946496e+00,-9.510565162951536422e-01,2.776769948628340146e+00,5.486665356898261514e-01,-4.801533913420037991e-01,1.248957179815624822e-03,-1.467248321798475530e-02,6.550511956472032833e-03,2.511110000000000286e-01
9.349999999999999645e+00,1.157806483841328227e+00,-9.449074187062448393e-01,2.739473663428287686e+00,1.136455923040227800e+00,-9.546801687198840369e-01,2.724763102191069208e+00,1.150010504086557361e+00,-9.408807689542255659e-01,2.749094500030647481e+00,5.540038149126105260e-01,-5.193576176596880201e-01,7.385037952180621354e-04,-9.620836602359794654e-03,8.774463434434841974e-03,2.352410000000000334e-01
9.400000000000000355e+00,1.133623963972117510e+00,-9.342198339543036356e-01,2.711424508829868074e+00,1.134976919289816033e+00,-9.375409478789132889e-01,2.715121525273300307e+00,1.124166755704261611e+00,-9.297764858882515693e-01,2.722875959199578588e+00,5.943191088326783555e-01,-4.972578762351896331e-01,2.143030941880795341e-04,-1.145145036971051411e-02,1.044902532572730518e-02,2.424740000000000228e-01
9.450000000000001066e+00,1.108036497225904693e+00,-9.221192209435808973e-01,2.688274574025631303e+00,1.102038161592659993e+00,-9.258648607882371540e-01,2.688489222377921095e+00,1.098045635996263369e+00,-9.177546256839810290e-01,2.698056074055870113e+00,5.981650249656557117e-01,-4.718454665093206879e-01,-3.451679800925517780e-04,-9.781500030238809984e-03,1.090261436032990104e-02,2.499989999999999990e-01
9.500000000000000000e+00,1.082869507645343399e+00,-9.095514857947044618e-01,2.668617690705609391e+00,1.078463335814466184e+00,-9.182059618148288305e-01,2.661096404251322767e+00,1.071653589957992425e+00,-9.048270524660191327e-01,2.674574994186608379e+00,6.228794307368282768e-01,-4.437299237843282951e-01,-8.311727708278076471e-04,-5.957303480998987766e-03,1.217033606136762140e-02,2.632530000000000148e-01
9.550000000000000711e+00,1.057020752897896987e+00,-8.960361414269983893e-01,2.651027869172736473e+00,1.054684899680963017e+00,-9.113751206994352705e-01,2.659466001576674010e+00,1.071653589957992425e+00,-9.048270524660191327e-01,2.674574994186608379e+00,5.802170497359991908e-01,-4.485165040891525567e-01,-1.261462501505781000e-03,-2.354712501387190571e-02,1.707044338391007499e-02,2.436970000000000247e-01
9.600000000000001421e+00,1.033534739068892927e+00,-8.832060223478306327e-01,2.632180310643265742e+00,1.062583806536105069e+00,-9.148381843240250832e-01,2.623849530706997335e+00,1.071653589957992425e+00,-9.048270524660191327e-01,2.674574994186608379e+00,5.922284876089891625e-01,-3.499616698824157268e-01,-2.143670079901061759e-03,-4.239468354334263722e-02,4.382368921573143866e-02,2.372040000000000259e-01
9.650000000000000355e+00,1.009101621377131774e+00,-8.693635069408217619e-01,2.620087787311904393e+00,1.006571721009919873e+00,-8.682936166338398598e-01,2.617097587812986959e+00,1.018082831500742191e+00,-8.763066800438633619e-01,2.631388538998237436e+00,5.897358775372045780e-01,-3.630567883377171512e-01,-1.672901966609122680e-03,-1.130075168633304372e-02,1.135208298169294340e-02,2.362230000000000163e-01
9.700000000000001066e+00,9.854231181516125426e-01,-8.554624440527812679e-01,2.601373943362268015e+00,1.001670398403130324e+00,-8.766352772718932762e-01,2.585502726225684000e+00,1.018082831500742191e+00,-8.763066800438633619e-01,2.631388538998237436e+00,5.937494260021080050e-01,-3.000395161055856574e-01,-2.240068480928971567e-03,-3.001459563596942104e-02,3.874453574504719416e-02,2.455810000000000215e-01
9.750000000000000000e+00,9.613837846235392393e-01,-8.408667255650706940e-01,2.590476401693797115e+00,9.900431873196806620e-01,-8.424149412034186435e-01,2.593242372247130945e+00,9.909173368648155344e-01,-8.607420270039439769e-01,2.611564685500640692e+00,5.974215111054488325e-01,-2.943130643154328041e-01,-2.217361578010494660e-03,-2.108828380684357739e-02,3.559857181509216983e-02,2.368040000000000145e-01
9.800000000000000711e+00,9.373954809787973241e-01,-8.258978770661109525e-01,2.576940300810191431e+00,9.264086364780568239e-01,-8.005775183081661472e-01,2.581316138617397726e+00,9.079809994790937200e-01,-8.090169943749475623e-01,2.558494545426458266e+00,6.724215111054487881e-01,-3.468696351106783093e-01,-2.104489521700536256e-03,1.844575538373316448e-02,3.391424364967064037e-02,2.348300000000000387e-01
9.850000000000001421e+00,9.098876887044798911e-01,-8.080831542500748199e-01,2.556837952813320491e+00,9.178460351018963292e-01,-8.017877194864755364e-01,2.571577082705542416e+00,9.079809994790937200e-01,-8.090169943749475623e-01,2.558494545426458266e+00,6.708102495724560521e-01,-3.328427650008121130e-01,-1.829380536672640381e-03,-1.656592613137775061e-03,2.123092362810920231e-03,2.343689999999999940e-01
9.900000000000000355e+00,8.837457069131550158e-01,-7.905051215225838979e-01,2.542416028690293928e+00,8.811226327421936011e-01,-7.861326647708819504e-01,2.548944055929045049e+00,8.798783397118298266e-01,-7.901550123756900801e-01,2.542763451323974522e+00,6.778433668270766876e-01,-3.127898341408631433e-01,-1.890752444384566789e-03,-3.474226336805941173e-04,3.883182391367233106e-03,2.588950000000000418e-01
9.950000000000001066e+00,8.572331218186943769e-01,-7.720934629431818186e-01,2.526786766771651926e+00,8.657773062070621695e-01,-7.699358078084964641e-01,2.525527376442812333e+00,8.515585831301457631e-01,-7.705132427757895863e-01,2.527930718945285093e+00,7.103859030382375650e-01,-2.616935867069512534e-01,-1.975868185155663353e-03,-1.143952173633167035e-03,5.890457121927648518e-03,2.370540000000000147e-01
1.000000000000000000e+01,8.301132761158117601e-01,-7.527733384540261641e-01,2.518401715320480072e+00,8.391824108049971143e-01,-7.344217290489069017e-01,2.518315057898438347e+00,8.230287172102174198e-01,-7.501110696304594816e-01,2.513951626305612308e+00,6.962397518799943175e-01,-2.307375694148411094e-01,-2.005434744489120909e-03,4.450089014867764092e-03,7.568265995310365611e-03,2.336880000000000068e-01
1.005000000000000071e+01,8.032406381927564842e-01,-7.332816958816292807e-01,2.509729198294632369e+00,7.977378151038324594e-01,-7.432043569439938935e-01,2.521727218598923237e+00,7.942957812695612407e-01,-7.289686274214115524e-01,2.500784089374981534e+00,7.539323681948303379e-01,-3.385239684838056706e-01,-1.890217052206804877e-03,8.945108919650834878e-03,9.930409101288768456e-03,2.322650000000000270e-01
1.010000000000000142e+01,7.746102468830664556e-01,-7.119720275236399720e-01,2.493766813728983678e+00,7.908230783995089386e-01,-7.131278994404249838e-01,2.500387809552515606e+00,7.942957812695612407e-01,-7.289686274214115524e-01,2.500784089374981534e+00,6.844624386433001417e-01,-2.272650286786418172e-01,-1.855814532843523545e-03,-7.017275645997855804e-03,2.600778099274902652e-02,2.467820000000000291e-01
1.015000000000000036e+01,7.490738540310267757e-01,-6.923954038202723149e-01,2.481316059980486877e+00,7.464347242626631074e-01,-6.731044471214044922e-01,2.484098304897881526e+00,7.362491053693555054e-01,-6.845471059286882820e-01,2.476728246172768877e+00,7.317050340761273031e-01,-2.109749015621071033e-01,-1.735645866957956883e-03,4.587813807717999737e-03,1.503562296780819839e-02,2.345200000000000340e-01
1.020000000000000107e+01,7.213474820513868790e-01,-6.705855271337147760e-01,2.468822050649794875e+00,7.023949987975715015e-01,-6.624944295743337985e-01,2.478258232571500130e+00,7.069496875585148388e-01,-6.613118653236522704e-01,2.465768448881324737e+00,7.526060874406491630e-01,-2.563512030816586518e-01,-1.771171085503877619e-03,3.053601768470137756e-03,1.712592448968487668e-02,2.402000000000000246e-01
1.025000000000000000e+01,6.937207165676214649e-01,-6.483443296812040346e-01,2.458726133188348761e+00,6.766381893543617077e-01,-6.490380168297021912e-01,2.450726679562884591e+00,6.774758404905826259e-01,-6.374239897486896345e-01,2.455477043298467166e+00,7.859780210284273982e-01,-2.089836446232012646e-01,-1.842516802096464540e-03,3.249089889881595639e-03,1.957421321535088993e-02,2.806359999999999966e-01
1.030000000000000071e+01,6.653642503520011964e-01,-6.251335601582199697e-01,2.452576707523734356e+00,6.722184192082149012e-01,-6.323301545230021192e-01,2.465702696204047584e+00,6.774758404905826259e-01,-6.374239897486896345e-01,2.455477043298467166e+00,7.496159705370698534e-01,-2.259782361804895945e-01,-1.836126819158752539e-03,-2.900335774732809568e-03,1.725529701869183211e-02,2.714489999999999958e-01
1.035000000000000142e+01,6.378047777494868509e-01,-6.021418652177015218e-01,2.440041799175544313e+00,6.465064697430146223e-01,-5.769992008680550066e-01,2.422865890147181567e+00,6.180339887498950135e-01,-5.877852522924733591e-01,2.436781771550414533e+00,7.899705360012102551e-01,-7.597823618048957228e-02,-1.873370680218582052e-03,3.260027625129779949e-03,2.443351043855978427e-02,2.551790000000000447e-01
1.040000000000000036e+01,6.092327930829523064e-01,-5.777940987819507601e-01,2.431655584341573473e+00,6.329255651056766574e-01,-5.651923390944867398e-01,2.440252868249245921e+00,6.180339887498950135e-01,-5.877852522924733591e-01,2.436781771550414533e+00,7.541112079491990583e-01,-1.220905365152253896e-01,-1.908397501729314390e-03,-5.126187208841059828e-03,1.331481106282170028e-02,2.382770000000000166e-01
1.045000000000000107e+01,5.821597310182786700e-01,-5.543077267744934700e-01,2.422376258921383751e+00,5.898254958372939338e-01,-5.511165220729653536e-01,2.426028523376192680e+00,5.880806504646083344e-01,-5.620833778521309165e-01,2.428324316759050916e+00,7.728671853494232247e-01,-1.342131011918016870e-01,-2.006050434517792080e-03,-5.948057837667164449e-03,9.773332940767400639e-03,2.509910000000000196e-01
1.050000000000000000e+01,5.542313423445999199e-01,-5.299033044083087951e-01,2.424484934161514005e+00,5.236731463282502386e-01,-5.477480058414758712e-01,2.425521806718984763e+00,5.579822120784591055e-01,-5.358267949789971007e-01,2.420427865709130266e+00,7.936967860458878921e-01,-2.371023220404892551e-01,-1.972212685089431896e-03,4.057068452383738588e-03,7.011188508478012962e-03,2.371650000000000147e-01
1.055000000000000071e+01,5.256005509328461889e-01,-5.047157539155187056e-01,2.415687780268932272e+00,5.499005727834164192e-01,-5.078305545302339574e-01,2.418044681762960835e+00,5.277460999307456158e-01,-5.090414157503712067e-01,2.413070383710326894e+00,8.000000000000000444e-01,-1.226474791424644745e-01,-1.799194380755094825e-03,2.617396558605378232e-03,4.828532987552921346e-03,2.359920000000000351e-01
1.060000000000000142e+01,4.987193441773659641e-01,-4.806432769655889503e-01,2.406836128126229823e+00,4.978287552003330396e-01,-4.778625506802713363e-01,2.391892620348485821e+00,4.973797743297087570e-01,-4.817536741017145463e-01,2.406231561224946525e+00,8.000000000000000444e-01,-8.275142718508288198e-02,-1.722114919623593272e-03,6.045669012832988187e-04,1.739950912143293279e-03,2.475330000000000308e-01
1.065000000000000036e+01,4.703508704231726401e-01,-4.549966418074081198e-01,2.406248320777006455e+00,4.635491099436306328e-01,-4.435661072703588892e-01,2.410541096116746829e+00,4.668907277118110599e-01,-4.539904997395469710e-01,2.399892721831064613e+00,8.000000000000000444e-01,-1.388158786683131307e-01,-1.595622780442836107e-03,6.355598945941842715e-03,3.603457984174170559e-03,2.386270000000000058e-01
1.070000000000000107e+01,4.429749912339424056e-01,-4.301208428974462317e-01,2.401761514458032210e+00,4.604580090714311402e-01,-4.448554229804664306e-01,2.416360304147234572e+00,4.668907277118110599e-01,-4.539904997395469710e-01,2.399892721831064613e+00,8.000000000000000444e-01,-1.623197252032624882e-01,-1.443513974543814138e-03,1.868792626967596959e-03,3.378939136827569661e-02,2.351410000000000167e-01
1.075000000000000000e+01,4.149574461390137525e-01,-4.043339187875595875e-01,2.393495836082808026e+00,4.102620377865421331e-01,-3.768564915649769698e-01,2.384432045285600488e+00,4.055745907130255401e-01,-3.971478906347811755e-01,2.388647938529914860e+00,8.000000000000000444e-01,-4.860162183564704919e-02,-1.172416612454932165e-03,4.847897552893165596e-03,1.181850145143284805e-02,2.361120000000000163e-01
1.080000000000000071e+01,3.877535252583210745e-01,-3.790346050709584858e-01,2.391413337889977342e+00,3.892103261881843523e-01,-3.908934300553355556e-01,2.377659216659562702e+00,4.055745907130255401e-01,-3.971478906347811755e-01,2.388647938529914860e+00,8.000000000000000444e-01,-8.392633362945121911e-02,-1.031000676703882832e-03,2.765399360062481549e-03,2.541026343542011207e-02,2.431550000000000378e-01
1.085000000000000142e+01,3.603383388759409667e-01,-3.532238546711758409e-01,2.381245142129916559e+00,3.484700270777094100e-01,-3.714124322296601388e-01,2.392692695672739234e+00,3.747626291714491464e-01,-3.681245526846778637e-01,2.383712057103566373e+00,8.000000000000000444e-01,-1.639632976876715942e-01,-9.072730483158149978e-04,-2.466914973649814158e-03,2.073863428046009497e-02,2.388370000000000215e-01
1.090000000000000036e+01,3.333859011153361696e-01,-3.274387252208413868e-01,2.375405179694517699e+00,3.253944551939193519e-01,-3.685566668374768984e-01,2.365954320533720789e+00,3.438582005588182722e-01,-3.387379202452905913e-01,2.379216139792433182e+00,8.000000000000000444e-01,-1.255794083411919670e-01,-9.389302609507169106e-04,-3.810960097915483402e-03,1.540587108327514353e-02,2.657180000000000097e-01
1.095000000000000107e+01,3.058924491269380264e-01,-3.008892052790106408e-01,2.371912896600233189e+00,2.896471887471464557e-01,-2.702203128170512225e-01,2.351297444732802333e+00,2.818024638751648325e-01,-2.789911060392287756e-01,2.371498627176110929e+00,8.000000000000000444e-01,1.636126715147372124e-02,-1.052068016776194770e-03,4.142694241222599771e-04,3.255540108409026023e-02,2.948819999999999775e-01
1.100000000000000000e+01,2.786464468009700046e-01,-2.745874126201307552e-01,2.375738481669637636e+00,2.812409015528537504e-01,-2.931097969951509397e-01,2.389848504351816061e+00,2.818024638751648325e-01,-2.789911060392287756e-01,2.371498627176110929e+00,8.000000000000000444e-01,-1.336387328485262871e-01,-9.639425045043659851e-04,4.239854493526706847e-03,5.417837160898848065e-03,2.448890000000000233e-01
1.105000000000000071e+01,2.521537702809657500e-01,-2.488066970821019019e-01,2.363888714380987466e+00,2.723307350955365136e-01,-2.628181209340741398e-01,2.351499202956679468e+00,2.818024638751648325e-01,-2.789911060392287756e-01,2.371498627176110929e+00,8.000000000000000444e-01,3.322844126513749274e-03,-1.026231765097161686e-03,-7.609912795123463525e-03,4.231008834703352955e-02,2.360230000000000383e-01
1.110000000000000142e+01,2.245335781510064688e-01,-2.215888590640676947e-01,2.363174275665239854e+00,2.426538165917582757e-01,-1.974858633590289292e-01,2.355789243604716532e+00,2.194686221820904282e-01,-2.181432413965424255e-01,2.365415968833324278e+00,8.000000000000000444e-01,4.427047104645700365e-02,-1.089503404130662007e-03,-2.241693168084424315e-03,6.125851783859980262e-03,2.348000000000000087e-01
1.115000000000000036e+01,1.980450472358852576e-01,-1.956037216036015380e-01,2.368400632768913994e+00,1.936459933816000456e-01,-1.981068293572375016e-01,2.377692280954645909e+00,1.882166266370287055e-01,-1.873813145857246842e-01,2.362967762925104687e+00,8.000000000000000444e-01,-9.829830248231941070e-02,-1.049144582700574542e-03,5.432869843809307042e-03,1.281428221304877976e-02,2.427249999999999963e-01
1.120000000000000107e+01,1.703838053208095449e-01,-1.683562881731747729e-01,2.359060670818132976e+00,1.608756256164396159e-01,-1.563009841517423726e-01,2.367868885781932775e+00,1.569181914556901369e-01,-1.564344650402311188e-01,2.360906432145567280e+00,8.000000000000000444e-01,-5.167458225883397871e-02,-1.007026056991683349e-03,-1.845761327434303212e-03,1.798478867203300025e-02,2.349400000000000377e-01
1.125000000000000000e+01,1.443192154427950791e-01,-1.424056821318296640e-01,2.357711015512536257e+00,1.495693805391387909e-01,-1.548368408014416941e-01,2.360790389869421801e+00,1.569181914556901369e-01,-1.564344650402311188e-01,2.360906432145567280e+00,8.000000000000000444e-01,-4.509178225829313380e-02,-1.099734194639247209e-03,-3.195416633031022968e-03,1.885579344563791809e-02,2.330370000000000219e-01
1.130000000000000071e+01,1.173941958633796662e-01,-1.155160889844889932e-01,2.355994574809888498e+00,8.387378259233130295e-02,-9.930260041158400774e-02,2.344253147446683450e+00,9.421290141928502504e-02,-9.410831331851403359e-02,2.357924759817036531e+00,8.000000000000000444e-01,-6.315033977845323221e-03,-1.199511228951762390e-03,-1.930185007148033094e-03,3.155416408445203130e-02,2.346200000000000230e-01
1.135000000000000142e+01,9.154318430485644531e-02,-8.950780459940063660e-02,2.350329057345486028e+00,1.051598866610734540e-01,-9.661136061219639803e-02,2.380483993842826607e+00,9.421290141928502504e-02,-9.410831331851403359e-02,2.357924759817036531e+00,8.000000000000000444e-01,-7.631897744049789822e-02,-1.374168803641191185e-03,-7.595702471550502821e-03,5.319029041630742548e-03,2.437570000000000292e-01
1.140000000000000036e+01,6.517540496099460956e-02,-6.287357587275201054e-02,2.352005694985486173e+00,5.834013023983124213e-02,-4.711249076582953166e-02,2.362222532869603597e+00,6.282151815625647284e-02,-6.279051952931326286e-02,2.356997007222838114e+00,8.000000000000000444e-01,-1.018434612072691842e-02,-1.604336220675052493e-03,-4.991312237351941405e-03,2.355351660730458947e-03,2.357520000000000171e-01
1.145000000000000107e+01,3.836883376006469670e-02,-3.594994950327362604e-02,2.356026145889071444e+00,3.702433613991213540e-02,-2.304334520734653557e-02,2.379020373812392286e+00,3.141463462364142006e-02,-3.141075907812836132e-02,2.356441270890159423e+00,8.000000000000000444e-01,-5.099214916307107798e-02,-1.705663384407773465e-03,-4.151250010879792285e-04,8.304524992120903421e-03,2.332970000000000044e-01
1.150000000000000000e+01,1.180040926301359830e-02,-9.335548933020503676e-03,2.354633852942205507e+00,8.661262552699068237e-03,-1.488757253080045043e-03,2.332894568498439902e+00,2.449293598294706414e-16,-2.449293598294706414e-16,2.356256177756557157e+00,8.000000000000000444e-01,7.842752890015983191e-02,-1.741997506650803246e-03,-1.622324814351649991e-03,1.504666516725307671e-02,2.378160000000000274e-01
1.155000000000000071e+01,-1.496527598608743057e-02,1.743515678982371017e-02,2.357567573756583101e+00,-9.464060544672629749e-03,1.652132858202055854e-02,2.354666746021385038e+00,2.449293598294706414e-16,-2.449293598294706414e-16,2.356256177756557157e+00,8.000000000000000444e-01,1.862390069864372846e-02,-1.747882758715098642e-03,1.311396000025943920e-03,2.297703587553270171e-02,2.325760000000000050e-01
1.160000000000000142e+01,-4.172561244279716919e-02,4.414150881737699539e-02,2.356840772792009986e+00,-3.370760962792257454e-02,5.002120666703655655e-02,2.368836546834670820e+00,-3.141463462364092740e-02,3.141075907812786866e-02,2.356441270890159423e+00,8.000000000000000444e-01,-7.569216715810839560e-04,-1.715057869964117104e-03,3.995019018505630015e-04,1.638255940048818221e-02,2.313630000000000408e-01
1.165000000000000036e+01,-6.821769724932708057e-02,7.067661705258473925e-02,2.353925514903504990e+00,-9.101714796061893820e-02,6.585244334016918111e-02,2.371153878055721087e+00,-6.282151815625776348e-02,6.279051952931455349e-02,2.356997007222839002e+00,8.000000000000000444e-01,-6.270148066859092262e-02,-1.768174869044185100e-03,-3.071492319334012677e-03,9.555589094922748231e-03,2.338280000000000358e-01
1.170000000000000107e+01,-9.471167223586672568e-02,9.748843819503262564e-02,2.346538218615043192e+00,-1.040364621403007950e-01,9.957608758685651540e-02,2.328164137670183820e+00,-9.421290141928542750e-02,9.410831331851442216e-02,2.357924759817036531e+00,8.000000000000000444e-01,8.729851933140909959e-02,-2.042167714748523502e-03,-1.138654120199333875e-02,3.416725992573939937e-03,2.957049999999999956e-01
1.175000000000000000e+01,-1.199457341227813389e-01,1.230960129947320375e-01,2.351157836146445135e+00,-1.305505505687780676e-01,1.079538963133591378e-01,2.331935638365331798e+00,-1.255810390586275527e-01,1.253332335643050632e-01,2.359226824677898904e+00,8.000000000000000444e-01,7.272537488263322580e-02,-2.385917331924705155e-03,-8.068988531453769042e-03,6.063152447109782829e-03,2.382170000000000121e-01
1.180000000000000071e+01,-1.462783373327150027e-01,1.496037126933959516e-01,2.354603784506718256e+00,-1.372358983394485477e-01,1.566235159257901854e-01,2.343120018924011561e+00,-1.569181914556887492e-01,1.564344650402297310e-01,2.360906432145567280e+00,8.000000000000000444e-01,1.183878405572390546e-01,-2.635202638995176767e-03,-6.302647638849023792e-03,1.264379979997850949e-02,2.372950000000000337e-01
1.185000000000000142e+01,-1.719150359367846714e-01,1.752195193702789089e-01,2.358600450699761986e+00,-1.761176573354243102e-01,1.668409903850617826e-01,2.356307350685283630e+00,-1.569181914556887492e-01,1.564344650402297310e-01,2.360906432145567280e+00,8.000000000000000444e-01,4.035983762883858794e-02,-2.791194807934653521e-03,-2.305981445805294072e-03,2.403712983226318281e-02,2.435470000000000135e-01
1.190000000000000036e+01,-1.983477477215415119e-01,2.015682277523589139e-01,2.356971594160490291e+00,-1.842931869917258936e-01,2.113404587841224147e-01,2.353609741246976306e+00,-1.882166266370290941e-01,1.873813145857250728e-01,2.362967762925104687e+00,8.000000000000000444e-01,1.188403991615665511e-01,-2.984280860691897706e-03,-5.996168764614395741e-03,1.743296072463483559e-02,2.403600000000000181e-01
1.195000000000000107e+01,-2.245838803353177870e-01,2.276902878613955294e-01,2.359774768261978295e+00,-2.147212591638551493e-01,2.313350859656632674e-01,2.364316229123158308e+00,-2.194686221820917049e-01,2.181432413965437023e-01,2.365415968833324278e+00,8.000000000000000444e-01,8.550516354100343164e-02,-3.229219558520078463e-03,-5.641200571345983406e-03,1.083106468340881354e-02,2.368540000000000090e-01
1.200000000000000000e+01,-2.510864511597850068e-01,2.537893118393242942e-01,2.367957432467818535e+00,-2.659607066175329049e-01,2.490058316246636927e-01,2.391072280407857242e+00,-2.506664671286085722e-01,2.486898871648548781e-01,2.368257198362089255e+00,8.000000000000000444e-01,-2.735786951244535692e-02,-3.355700811635776038e-03,-2.997658942707204233e-04,5.116690199438570820e-03,2.370240000000000125e-01
1.205000000000000071e+01,-2.777248248309086009e-01,2.799882577325411015e-01,2.361064399498950195e+00,-2.937932192271763276e-01,2.809295266890429188e-01,2.369431848422936859e+00,-2.818024638751652211e-01,2.789911060392291642e-01,2.371498627176110041e+00,8.000000000000000444e-01,6.077715770477733204e-02,-3.554664035679738592e-03,-1.043422767715984634e-02,4.197791285273829061e-03,2.530850000000000044e-01
1.210000000000000142e+01,-3.048297380547085877e-01,3.067336139323527666e-01,2.364678336947464210e+00,-2.982015423694424627e-01,2.915780316453469023e-01,2.378083529204188196e+00,-2.818024638751652211e-01,2.789911060392291642e-01,2.371498627176110041e+00,8.000000000000000444e-01,4.751839761778745008e-02,-3.883175106437368462e-03,-6.820290228645831121e-03,3.605415510506230353e-02,2.404500000000000248e-01
1.215000000000000036e+01,-3.316421681673929478e-01,3.331150727832378755e-01,2.363914077358552746e+00,-3.400328296954492902e-01,3.317273778324046907e-01,2.362560111025039156e+00,-3.438582005588195489e-01,3.387379202452918125e-01,2.379216139792434070e+00,8.000000000000000444e-01,1.272792775696955370e-01,-4.370481109308510005e-03,-1.530206243388132492e-02,1.344796865589410577e-02,2.378160000000000274e-01
1.220000000000000107e+01,-3.579488170602636021e-01,3.588391682836810093e-01,2.370866627707838958e+00,-3.748350369039623042e-01,3.375698247031878041e-01,2.357017675506862808e+00,-3.747626291714495350e-01,3.681245526846781968e-01,2.383712057103567261e+00,8.000000000000000444e-01,1.181873726830117433e-01,-4.813616552462749755e-03,-1.284542939572830278e-02,1.920735903721655993e-02,2.391580000000000095e-01
1.225000000000000000e+01,-3.848168899435021606e-01,3.849224021846953669e-01,2.371163982470065434e+00,-3.820882522810117865e-01,4.016504766324914266e-01,2.361905487023304495e+00,-4.055745907130259287e-01,3.971478906347815085e-01,2.388647938529913972e+00,8.000000000000000444e-01,2.222753828428090661e-01,-5.273241183996166953e-03,-1.748395605984853773e-02,2.409034472730262402e-02,2.457100000000000117e-01
1.230000000000000071e+01,-4.121950462600009746e-01,4.112021423924389074e-01,2.382160732925029833e+00,-4.351619481211823626e-01,4.295034113675577081e-01,2.369280954996864530e+00,-4.362864827930859057e-01,4.257792915650733812e-01,2.394036735651070558e+00,8.000000000000000444e-01,1.921271465604386941e-01,-5.688333857645909430e-03,-1.187600272604072416e-02,2.815831302171522416e-02,2.350910000000000222e-01
1.235000000000000142e+01,-4.398371628677280598e-01,4.373171365111174214e-01,2.387028617457937152e+00,-4.241864517881120955e-01,4.495772199546498871e-01,2.393315588030328733e+00,-4.362864827930859057e-01,4.257792915650733812e-01,2.394036735651070558e+00,7.976227213855777709e-01,1.738679313359771106e-01,-6.047385082745942650e-03,-7.008118193133405782e-03,1.207183478148267375e-02,2.350810000000000122e-01
1.240000000000000036e+01,-4.670123916639918882e-01,4.625115445968430716e-01,2.400971996797449215e+00,-4.920618869451343635e-01,4.709204692821704619e-01,2.396868505386526849e+00,-4.973797743297091456e-01,4.817536741017148794e-01,2.406231561224947413e+00,8.000000000000000444e-01,1.467986490420079004e-01,-6.102366798558467309e-03,-5.259564427498197858e-03,3.595048647582342605e-02,2.420440000000000091e-01
1.245000000000000107e+01,-4.938393601632695695e-01,4.869613301891302370e-01,2.404070354469905801e+00,-4.775633043446504411e-01,4.922624204811604787e-01,2.397578465413022997e+00,-4.973797743297091456e-01,4.817536741017148794e-01,2.406231561224947413e+00,8.000000000000000444e-01,2.036454799825983542e-01,-6.237042664338495607e-03,-2.161206755041611416e-03,6.297159232123662395e-03,2.356820000000000304e-01
1.250000000000000000e+01,-5.209635607244064159e-01,5.113737590696778579e-01,2.413458336246577574e+00,-5.084068245681937492e-01,5.157150555505056744e-01,2.403015450435154854e+00,-5.277460999307469480e-01,5.090414157503723169e-01,2.413070383710326894e+00,8.000000000000000444e-01,2.102265656456970278e-01,-6.255894859219742789e-03,3.879525362506797137e-04,7.172354107589476967e-03,2.381860000000000088e-01
1.255000000000000071e+01,-5.484920517075737578e-01,5.357474554334442640e-01,2.420348183748941118e+00,-5.583567224884963265e-01,5.458398400823939456e-01,2.444984886152241188e+00,-5.579822120784585504e-01,5.358267949789966567e-01,2.420427865709129378e+00,7.859026305270271351e-01,9.965160883989795937e-02,-6.206385566421528631e-03,-7.968196018826034788e-05,9.490492011934926683e-03,2.541460000000000385e-01
1.260000000000000142e+01,-5.757776001536464294e-01,5.596235627070773599e-01,2.425125133419191670e+00,-5.724473552424289569e-01,5.716817114190134719e-01,2.462848347959512907e+00,-5.880806504646077792e-01,5.620833778521304724e-01,2.428324316759052692e+00,7.957069705954148420e-01,1.040091007262101686e-01,-6.189815258637438276e-03,-3.199183339861022546e-03,1.254654285059748388e-02,2.662590000000000234e-01
1.265000000000000036e+01,-6.045300322726856468e-01,5.845401981452273965e-01,2.429963749678878848e+00,-5.988478735803525188e-01,5.703887284013724468e-01,2.420771336459440093e+00,-5.880806504646077792e-01,5.620833778521304724e-01,2.428324316759052692e+00,7.646027349966525444e-01,1.853078592528413782e-01,-6.219486828151240057e-03,1.639432919826155910e-03,2.783686296162649412e-02,2.370640000000000247e-01
1.270000000000000107e+01,-6.321194169346924241e-01,6.081837627560185977e-01,2.436156218652699934e+00,-6.621054373374977153e-01,5.982641281649218046e-01,2.422600569254411695e+00,-6.478348363962992407e-01,6.129070536529768187e-01,2.445824086952123722e+00,7.857509063833334473e-01,2.059216121374684572e-01,-6.447784362476576339e-03,-9.667868299423787448e-03,1.640987159460849387e-02,2.354510000000000214e-01
1.275000000000000000e+01,-6.602797480980093781e-01,6.319890196207766930e-01,2.443455769289746726e+00,-6.532800125552972181e-01,6.335587854604552982e-01,2.450127674938689992e+00,-6.478348363962992407e-01,6.129070536529768187e-01,2.445824086952123722e+00,7.271422236624255353e-01,2.058224644900785438e-01,-6.669694398132537672e-03,-2.368317662376995258e-03,2.278151119789103077e-02,2.452799999999999980e-01
1.280000000000000071e+01,-6.866863683735373591e-01,6.539415457304230683e-01,2.452623916013739525e+00,-6.980472172395246755e-01,6.562211653048346527e-01,2.448585279757056199e+00,-7.069496875585135065e-01,6.613118653236512712e-01,2.465768448881324737e+00,7.706522545815116532e-01,2.635508401086220087e-01,-6.925266416471839888e-03,-1.314453286758521244e-02,2.156208977113642164e-02,2.398000000000000409e-01
1.285000000000000142e+01,-7.153127282568817469e-01,6.773236567225959792e-01,2.460754735670148463e+00,-6.815935219883118013e-01,6.538292944479934254e-01,2.461535236560189688e+00,-7.069496875585135065e-01,6.613118653236512712e-01,2.465768448881324737e+00,7.951593888558271539e-01,2.444907115222504923e-01,-7.260844616030026275e-03,-5.013713211176273887e-03,1.806427174081156467e-02,2.349100000000000077e-01
1.290000000000000036e+01,-7.443973942048152104e-01,7.008287985131170794e-01,2.463033751231901824e+00,-7.163546665080193776e-01,7.169826339214983024e-01,2.480850586429019344e+00,-7.362491053693558385e-01,6.845471059286886151e-01,2.476728246172770653e+00,7.201593888558270873e-01,3.042606701299211958e-01,-7.786592761564186012e-03,-1.369449494086882879e-02,1.820681532723130228e-02,2.326260000000000272e-01
1.295000000000000107e+01,-7.712352956725972986e-01,7.221210161925305515e-01,2.478788919918378575e+00,-7.916411702278762785e-01,7.212236140031087483e-01,2.489532279743487564e+00,-7.942957812695615738e-01,7.289686274214117745e-01,2.500784089374982422e+00,7.358194997561100514e-01,2.752691869180381445e-01,-8.297436543375554668e-03,-2.199516945660384692e-02,2.405568073261899961e-02,2.434870000000000090e-01
1.300000000000000000e+01,-7.985935242741600826e-01,7.431568338354052061e-01,2.493417338080344159e+00,-7.732919105090667600e-01,7.238540816762791819e-01,2.483399046213980554e+00,-7.942957812695615738e-01,7.289686274214117745e-01,2.500784089374982422e+00,7.504383093438817820e-01,3.220535542165829934e-01,-8.804066410915240351e-03,-7.366751294638262948e-03,1.482483713838569570e-02,2.346090000000000120e-01
1.305000000000000071e+01,-8.274002792172497900e-01,7.644619009297640710e-01,2.516162688281369242e+00,-8.467346837578593188e-01,7.623914597200319720e-01,2.523380530174680558e+00,-8.515585831301453190e-01,7.705132427757892533e-01,2.527930718945283317e+00,7.157689819864364589e-01,2.902118849983235105e-01,-8.964681739330321308e-03,-1.176803066391407526e-02,2.490466595008411152e-02,2.341890000000000083e-01
1.310000000000000142e+01,-8.541208789444688643e-01,7.835175052282522534e-01,2.528038005286230572e+00,-8.462164422548384968e-01,7.692593976060628780e-01,2.523150684871466432e+00,-8.515585831301453190e-01,7.705132427757892533e-01,2.527930718945283317e+00,7.032753722263275220e-01,3.056489059048017598e-01,-9.156029392978383766e-03,1.072863409472546437e-04,1.325428993845535926e-02,2.317840000000000178e-01
1.315000000000000036e+01,-8.810924946076214015e-01,8.022867059707007309e-01,2.539226651277520119e+00,-8.706369061803330700e-01,7.955363789053607748e-01,2.519042585636931619e+00,-8.798783397118309368e-01,7.901550123756908572e-01,2.542763451323974522e+00,6.806447963112187693e-01,3.949218713724144125e-01,-9.336342259906075039e-03,-3.536800046454402491e-03,1.219229927430325044e-02,2.541360000000000285e-01
1.320000000000000107e+01,-9.081912211490662523e-01,8.204670925095977063e-01,2.562110945695813768e+00,-9.244144934522332546e-01,8.226519169414351351e-01,2.564985261319473686e+00,-9.358596285211463472e-01,8.270805742745616085e-01,2.575171371992997393e+00,6.786097688703076614e-01,3.761371766872333433e-01,-9.266668081810560537e-03,-1.306042629718362491e-02,2.844782781800547430e-02,2.399100000000000121e-01
1.325000000000000000e+01,-9.352653541755676647e-01,8.378766098520396000e-01,2.578152835992680636e+00,-9.304018911937994574e-01,8.638926048055795004e-01,2.586858281519306857e+00,-9.358596285211463472e-01,8.270805742745616085e-01,2.575171371992997393e+00,6.036097688703077058e-01,3.967434660078815178e-01,-9.428880768683395308e-03,2.981463999683242605e-03,1.081237930281691087e-02,2.343600000000000128e-01
1.330000000000000071e+01,-9.597703890632823809e-01,8.530446826573649943e-01,2.596518420337218913e+00,-9.553952850145852604e-01,8.650998829927821765e-01,2.596107608683762002e+00,-9.635073482034315351e-01,8.443279255020157414e-01,2.592843916379345082e+00,6.189239467876381795e-01,4.099227985086913439e-01,-9.386217289256969590e-03,3.674503957873831439e-03,9.484024405307944078e-03,2.509510000000000352e-01
1.335000000000000142e+01,-9.842716142701135595e-01,8.676404040515262039e-01,2.612142836280062497e+00,-9.840123202305754990e-01,8.376052136319738217e-01,2.644955336382016853e+00,-9.635073482034315351e-01,8.443279255020157414e-01,2.592843916379345082e+00,6.385442369835818699e-01,2.599227985086913217e-01,-9.058632587661168481e-03,1.929891990071741503e-02,3.121900705354588995e-02,2.439780000000000282e-01
1.340000000000000036e+01,-1.010562157091217328e+00,8.828026169830429648e-01,2.624794516108798881e+00,-1.005391622595968926e+00,8.842953397074644339e-01,2.634615440963399280e+00,-1.018082831500742413e+00,8.763066800438635839e-01,2.631388538998241877e+00,6.228708921550529798e-01,4.099227985086913439e-01,-9.341407669358378976e-03,-6.594022889442996416e-03,9.937692905895245676e-03,2.356520000000000004e-01
1.345000000000000107e+01,-1.035868962460148035e+00,8.968878156862263307e-01,2.642632605923983746e+00,-1.047635727383960713e+00,8.617470142211532957e-01,2.647018360792028346e+00,-1.044997129431898264e+00,8.910065241883681209e-01,2.652372424588198996e+00,6.508144157756453607e-01,3.755563165853859631e-01,-9.481083524311307437e-03,-9.739818664215249555e-03,1.085877626378456244e-02,2.360930000000000251e-01
1.350000000000000000e+01,-1.063836877644049217e+00,9.117779137105184173e-01,2.662093014561108362e+00,-1.061722285609210559e+00,9.135039005187085559e-01,2.667764962921207683e+00,-1.071653589957993535e+00,9.048270524660196878e-01,2.674574994186603938e+00,5.927925917079176488e-01,5.065150127091864185e-01,-9.725809909176876336e-03,-1.248197962549557616e-02,1.046018467519781170e-02,2.479350000000000165e-01
1.355000000000000071e+01,-1.088503278750155179e+00,9.241975925175350826e-01,2.688195484111590261e+00,-1.112890015988537762e+00,9.356607373816384632e-01,2.695378984565364178e+00,-1.124166755704260501e+00,9.297764858882511252e-01,2.722875959199579476e+00,5.729815584526206651e-01,6.112566281027697057e-01,-9.403413116993084714e-03,-3.468047508798921541e-02,3.609719711692060268e-02,2.360520000000000118e-01
1.360000000000000142e+01,-1.112403610804701737e+00,9.355114159237647442e-01,2.710746273730585187e+00,-1.124785634044314531e+00,9.504834155006202101e-01,2.719033671949128816e+00,-1.124166755704260501e+00,9.297764858882511252e-01,2.722875959199579476e+00,5.372539821904794843e-01,5.710572604286001663e-01,-1.002225547973659842e-02,-1.212968546899428901e-02,1.308667262677001494e-02,2.358830000000000093e-01
1.365000000000000036e+01,-1.135915534036642471e+00,9.459448880510609170e-01,2.737146473394636459e+00,-1.126904805183211122e+00,9.615217065537047247e-01,2.728651460877419055e+00,-1.150010504086557805e+00,9.408807689542257879e-01,2.749094500030645705e+00,5.583245836836170373e-01,6.682565433646453501e-01,-1.007032019067593751e-02,-1.194802663600924575e-02,1.497709861538410597e-02,2.341290000000000315e-01
1.370000000000000107e+01,-1.160878167671826944e+00,9.561396154855369423e-01,2.770586234552746774e+00,-1.141684853223969842e+00,9.694195536632378429e-01,2.769113209845903256e+00,-1.150010504086557805e+00,9.408807689542257879e-01,2.749094500030645705e+00,5.303757130953952181e-01,5.633404296904924724e-01,-9.941651679309271294e-03,2.149173452210106916e-02,1.873335285710199180e-02,2.441780000000000062e-01
1.375000000000000000e+01,-1.184611343215340229e+00,9.650331815843694594e-01,2.795528743462158516e+00,-1.184805953441884219e+00,9.720790004283595964e-01,2.773700962538658388e+00,-1.200840450651767810e+00,9.602936856769429541e-01,2.805957533592601472e+00,5.385789779032061908e-01,7.133404296904924946e-01,-9.820401797339972996e-03,-1.042879013044295533e-02,1.690700297627056176e-02,2.377750000000000141e-01
1.380000000000000071e+01,-1.208513415895771104e+00,9.731793809758654268e-01,2.830717729735498622e+00,-1.193945372942200933e+00,9.813918701856362281e-01,2.818341547450772921e+00,-1.200840450651767810e+00,9.602936856769429541e-01,2.805957533592601472e+00,5.175011626519728791e-01,6.262454713588226918e-01,-9.639454142549519489e-03,2.476019614289715065e-02,1.499718436815241848e-02,2.340890000000000193e-01
1.385000000000000142e+01,-1.231969512314792015e+00,9.803228070521228243e-01,2.861225849335607307e+00,-1.229311020835014867e+00,9.678381194992847769e-01,2.855576266022352705e+00,-1.225814107305953193e+00,9.685831611286311871e-01,2.836707737742125701e+00,5.175048576280488755e-01,5.747821809840796270e-01,-9.350480717111501680e-03,2.451811159348160629e-02,1.325550064055642727e-02,2.343290000000000373e-01
1.390000000000000036e+01,-1.256243149479475019e+00,9.869171248033000721e-01,2.891431810685122450e+00,-1.249527105355462409e+00,1.014925063074559430e+00,2.886285850479605841e+00,-1.250485312671410387e+00,9.759167619387474346e-01,2.869064263023926920e+00,4.718933786443468281e-01,7.233719780877769789e-01,-9.044555245433748975e-03,2.236754766119553040e-02,1.241614545098971602e-02,2.271150000000000113e-01
1.395000000000000107e+01,-1.277888402909641119e+00,9.920419173107473121e-01,2.926789652903762473e+00,-1.315145139022661835e+00,9.773088974825174802e-01,2.946042972994584730e+00,-1.322623730647304097e+00,9.921147013144778759e-01,2.976055829719888024e+00,4.981146486648349025e-01,8.051608971534153225e-01,-7.299780578101550642e-03,-4.926617681612555089e-02,4.473538694710617325e-02,2.375950000000000006e-01
1.400000000000000000e+01,-1.300386763050684236e+00,9.964744953539459438e-01,2.967342756290541672e+00,-1.313002292273002913e+00,1.008353676980093150e+00,2.956075597893537577e+00,-1.322623730647304097e+00,9.921147013144778759e-01,2.976055829719888024e+00,4.819572430802070984e-01,8.677982230332952351e-01,-7.964444264848134086e-03,-8.713073429346351872e-03,2.266032947597415234e-02,2.426850000000000118e-01
1.405000000000000071e+01,-1.322710140051909011e+00,9.999330162039674619e-01,3.008430162713272793e+00,-1.334396148429179085e+00,1.008810745136785147e+00,3.007650071653451107e+00,-1.346025027019547515e+00,9.955619646030801073e-01,3.015051301811087825e+00,4.805500785261309082e-01,8.584431318490053364e-01,-7.278531979680574922e-03,-6.621139097815031960e-03,2.372108864304882034e-02,2.576220000000000176e-01
1.410000000000000142e+01,-1.344353203213068282e+00,1.002394511365565455e+00,3.048265598675442334e+00,-1.343198890248221034e+00,9.829865668988652105e-01,3.036442875395016117e+00,-1.346025027019547515e+00,9.955619646030801073e-01,3.015051301811087825e+00,4.800314873865858534e-01,7.084431318490053142e-01,-6.988906614036474035e-03,3.321429686435450890e-02,7.034109048163790859e-03,2.338190000000000268e-01
1.415000000000000036e+01,-1.366312354521054928e+00,1.004085960894109064e+00,3.081169124739462362e+00,-1.383262694518844205e+00,1.004846432124205435e+00,3.071906563257879696e+00,-1.391825593184628618e+00,9.995065603657316000e-01,3.097886020062568413e+00,4.645705845568690040e-01,8.584431318490053364e-01,-5.689770062652955984e-03,-1.671689532310605131e-02,2.592096171641351809e-02,2.251019999999999965e-01
1.420000000000000107e+01,-1.389012277874029921e+00,1.004972245537856468e+00,3.123968808272310937e+00,-1.391126527094222354e+00,1.004138841796945680e+00,3.119153153580731974e+00,-1.391825593184628618e+00,9.995065603657316000e-01,3.097886020062568413e+00,4.522149602769821031e-01,8.160081601829657361e-01,-5.583386933461737672e-03,2.608278820974252454e-02,6.147231688950293912e-03,2.225070000000000103e-01
1.425000000000000000e+01,-1.410400572517013895e+00,1.004959469912031444e+00,-3.122774171250625841e+00,-1.419048093857836035e+00,1.015177304066602559e+00,-3.120225066136944836e+00,-1.414213562373094923e+00,1.000000000000000000e+00,-3.141592653589789119e+00,4.362511124920935290e-01,8.759681020170702048e-01,-4.959469912031428881e-03,1.881848233916327828e-02,6.255815970033166279e-03,2.236790000000000167e-01
1.430000000000000071e+01,-1.430633835577451496e+00,1.004185084381973292e+00,-3.083902690469060737e+00,-1.441910752559907083e+00,9.936674955532471820e-01,-3.083278632353949611e+00,-1.436252595526377851e+00,9.995065603657314890e-01,-3.096492768355988634e+00,4.271134499514331329e-01,8.632242239503817860e-01,-4.420447231413083232e-03,1.259007788692789731e-02,7.311569621785066544e-03,2.202220000000000011e-01
1.435000000000000142e+01,-1.450589484140592633e+00,1.002615074110402738e+00,-3.042256106749797517e+00,-1.448914017218691841e+00,1.006599454426315265e+00,-3.046160964977110641e+00,-1.457937254842823105e+00,9.980267284282715590e-01,-3.050134194394636289e+00,4.497623099075844788e-01,9.508635306261626896e-01,-3.898089786625187278e-03,7.878087644838771553e-03,8.662716109355558455e-03,2.197920000000000151e-01
1.440000000000000036e+01,-1.471442683843301902e+00,1.000067389743640955e+00,-2.997789435203662922e+00,-1.496586944847001055e+00,1.019563529920742173e+00,-2.980416803555708150e+00,-1.500222139260919629e+00,9.921147013144777649e-01,-2.954314537334558732e+00,4.499526262463393600e-01,1.100863530626162712e+00,-2.455321415247664271e-03,-4.347489786910418985e-02,2.985803589297180219e-02,2.284279999999999922e-01
1.445000000000000107e+01,-1.491851355939228574e+00,9.965940530335088976e-01,-2.948247689863132237e+00,-1.489686312966526538e+00,1.008565248913412038e+00,-2.936155655991751878e+00,-1.500222139260919629e+00,9.921147013144777649e-01,-2.954314537334558732e+00,4.509477494665282138e-01,9.684954283338818026e-01,-2.842511899444688257e-03,6.066847471426495275e-03,9.493924649031522042e-03,2.264040000000000219e-01
1.450000000000000000e+01,-1.512438779743791928e+00,9.920898440589533962e-01,-2.904156392441128887e+00,-1.491516600642930568e+00,1.008666805790903842e+00,-2.885549010840755102e+00,-1.500222139260919629e+00,9.921147013144777649e-01,-2.954314537334558732e+00,4.458733502344163768e-01,8.362489883203443330e-01,-2.250136222845622400e-03,5.015814489342984572e-02,1.221666577143315849e-02,2.210050000000000070e-01
1.455000000000000071e+01,-1.532214983960615839e+00,9.868882548492888818e-01,-2.864634504650194646e+00,-1.545773780400854225e+00,9.965705063040484202e-01,-2.853200302436969427e+00,-1.541026485551578729e+00,9.822872507286886101e-01,-2.855713690087236412e+00,4.255361981804546279e-01,9.862489883203443553e-01,-1.929417540086521624e-03,-8.920814562958234717e-03,9.940412426319251635e-03,2.214750000000000052e-01
1.460000000000000142e+01,-1.551378131390025894e+00,9.809374728185052961e-01,-2.816367796377047927e+00,-1.539552986914154431e+00,9.732464708084925809e-01,-2.807178230014983900e+00,-1.541026485551578729e+00,9.822872507286886101e-01,-2.855713690087236412e+00,4.068559356235947888e-01,8.412392721175048216e-01,-1.624176893928773631e-03,3.934589371018848425e-02,1.043927545241811125e-02,2.305220000000000047e-01
1.465000000000000036e+01,-1.569365185686574016e+00,9.744378621306184485e-01,-2.773318271505602173e+00,-1.574830970556616805e+00,9.760222700541656415e-01,-2.757393456893211692e+00,-1.580310024751380826e+00,9.685831611286310761e-01,-2.756178217799814423e+00,4.337767411568190790e-01,9.912392721175048438e-01,-1.310578137130967782e-03,-1.714005370578775000e-02,1.241237390579228231e-02,2.413620000000000210e-01
1.470000000000000107e+01,-1.587529333075079929e+00,9.669185537894157134e-01,-2.724894447712612244e+00,-1.585432238095440649e+00,9.650570600270236277e-01,-2.746848531616650213e+00,-1.580310024751380826e+00,9.685831611286310761e-01,-2.756178217799814423e+00,4.027043890230462275e-01,9.651458886882858801e-01,-1.171553641647898533e-03,3.128377008720217844e-02,7.408733378007390825e-03,2.407510000000000205e-01
1.475000000000000000e+01,-1.604598696180714823e+00,9.588990454377673833e-01,-2.679865872404008531e+00,-1.583630109005773390e+00,9.281150228269939850e-01,-2.680624574796871773e+00,-1.599369316974180943e+00,9.602936856769430651e-01,-2.706661930051134313e+00,3.858420766841869631e-01,8.245107903426945883e-01,-9.385880860715185847e-04,2.679605764712578164e-02,5.412155604050655072e-03,2.405310000000000226e-01
1.480000000000000071e+01,-1.620996269107695786e+00,9.503134201255947211e-01,-2.638635470973485386e+00,-1.602228405499988018e+00,9.529956923672388003e-01,-2.631297873156068334e+00,-1.599369316974180943e+00,9.602936856769430651e-01,-2.706661930051134313e+00,3.947453261340246877e-01,7.764355506699944787e-01,-6.136866616677019715e-05,6.802645907764892641e-02,2.381870607444435892e-02,2.470630000000000048e-01
1.485000000000000142e+01,-1.637198032745784015e+00,9.410058234208003025e-01,-2.601662340926770067e+00,-1.661427864475638838e+00,9.515837730210342515e-01,-2.589163114633979301e+00,-1.654161148549124327e+00,9.297764858882510142e-01,-2.561816941836498884e+00,4.569821323164836580e-01,9.264355506699945009e-01,-1.012906105017710723e-04,-3.984539909027118298e-02,2.034318852042260248e-02,2.364430000000000143e-01
1.490000000000000036e+01,-1.655534612047436571e+00,9.294359254983723950e-01,-2.555756110176263807e+00,-1.665228304835032480e+00,9.105081133517436420e-01,-2.558460698940446587e+00,-1.671614722736540104e+00,9.177546256839814731e-01,-2.515410790842174560e+00,4.225950818920888863e-01,1.003575552901690537e+00,-4.118477603025534617e-05,-4.034531933408924687e-02,1.987517861875739283e-02,2.347400000000000320e-01
1.495000000000000107e+01,-1.671443087971232533e+00,9.183331866994095538e-01,-2.508780796514004763e+00,-1.681917448482777466e+00,8.962297384268056444e-01,-2.505717418764348281e+00,-1.688655851004029707e+00,9.048270524660200209e-01,-2.470200220386371548e+00,4.228377854190800700e-01,9.563389773291768314e-01,1.329487444379565120e-04,-3.858057612763321487e-02,2.187909671703943196e-02,2.427450000000000163e-01
1.500000000000000000e+01,-1.687204447036811494e+00,9.062083061025031361e-01,-2.462952812310596151e+00,-1.692583615921630757e+00,8.981236734740739580e-01,-2.465746539201920662e+00,-1.688655851004029707e+00,9.048270524660200209e-01,-2.470200220386371548e+00,4.117032733584668480e-01,8.727134277511068294e-01,-1.785763914691424273e-04,7.247408075775396696e-03,2.003605521142970674e-03,2.389880000000000060e-01
1.505000000000000071e+01,-1.702077622947016255e+00,8.937192543524399291e-01,-2.423261056911178990e+00,-1.695886355782703747e+00,8.975447989390673564e-01,-2.421798950187978416e+00,-1.688655851004029707e+00,9.048270524660200209e-01,-2.470200220386371548e+00,4.029183199589860265e-01,7.640110771736174922e-01,3.475466825306871427e-04,4.693916347519255794e-02,1.742203033580169008e-02,2.336780000000000246e-01
1.510000000000000142e+01,-1.716007551581438584e+00,8.810727742306343480e-01,-2.385638491831167052e+00,-1.715753601392556282e+00,9.075149705453287030e-01,-2.402690101348781582e+00,-1.705280328708184800e+00,8.910065241883675657e-01,-2.426298338943760680e+00,4.571194031399498092e-01,8.487786896277682569e-01,4.636525252758733062e-04,4.065984711259362783e-02,1.462028381377132764e-02,2.338880000000000126e-01
1.515000000000000036e+01,-1.731504584446404094e+00,8.659160421456647549e-01,-2.348952446571953345e+00,-1.734853533434802086e+00,8.945375283891822127e-01,-2.337401719999299576e+00,-1.721484054007887510e+00,8.763066800438633619e-01,-2.383790380104096940e+00,4.630744996919453627e-01,7.683958852411207907e-01,6.598433470529681960e-04,3.483793353214359456e-02,1.443524804777245735e-02,2.452590000000000048e-01
1.520000000000000107e+01,-1.746189938969719968e+00,8.504812079127102020e-01,-2.313680863953467171e+00,-1.761542818459892912e+00,8.519554092852928973e-01,-2.289076995050213448e+00,-1.752613360087727168e+00,8.443279255020150753e-01,-2.303166849242192615e+00,4.612761476855867793e-01,7.659298910265229798e-01,6.621060824176690229e-04,-1.051401471127455522e-02,8.895123567721298363e-03,2.374950000000000117e-01
1.525000000000000000e+01,-1.760753203425208246e+00,8.340612614127913549e-01,-2.279000424405926761e+00,-1.776394149850572202e+00,8.430752304797592966e-01,-2.268039822937539807e+00,-1.767531260177386709e+00,8.270805742745619416e-01,-2.265098432522958838e+00,4.898456285076387973e-01,7.907327357339106744e-01,7.423520465451643666e-04,-1.390199188296792343e-02,9.729956128246088770e-03,2.256529999999999925e-01
1.530000000000000071e+01,-1.775542903807339368e+00,8.161478605599596925e-01,-2.242932462345976763e+00,-1.755310068891390962e+00,8.173659583868707612e-01,-2.255446257004143806e+00,-1.767531260177386709e+00,8.270805742745619416e-01,-2.265098432522958838e+00,4.457700769662408802e-01,6.884761368237835022e-01,8.383371935952611126e-04,2.216597017698207495e-02,1.355399066027467535e-02,2.251519999999999910e-01
1.535000000000000142e+01,-1.787868283444867146e+00,8.001890963413351709e-01,-2.213935676312269063e+00,-1.808602872897466574e+00,7.934710358851972956e-01,-2.217476522162805885e+00,-1.796055151521231075e+00,7.901550123756906352e-01,-2.193421483935332983e+00,4.750920368754154577e-01,7.733454094282573577e-01,7.990312247788799310e-04,-2.051419237693608011e-02,1.295019883744614846e-02,2.361430000000000196e-01
1.540000000000000036e+01,-1.800805081276318997e+00,7.822576252234759719e-01,-2.177621798023515964e+00,-1.792102398787113415e+00,8.100728901965179585e-01,-2.178233097107856953e+00,-1.796055151521231075e+00,7.901550123756906352e-01,-2.193421483935332983e+00,5.231301364930992515e-01,6.677923593562745674e-01,7.469099362916072071e-04,1.579968591181701854e-02,9.215777585762084320e-03,2.252920000000000200e-01
1.545000000000000107e+01,-1.814620292851672367e+00,7.617050607384208138e-01,-2.147603149405318490e+00,-1.792089947966204910e+00,7.590251253179041147e-01,-2.139550499548307450e+00,-1.809654104932039598e+00,7.705132427757885871e-01,-2.159756802087212879e+00,4.637914973142446828e-01,5.648605820111318732e-01,7.634406285361040184e-04,1.215365268189438908e-02,1.011173047784180018e-02,2.245010000000000339e-01
1.550000000000000000e+01,-1.826277289536798465e+00,7.432459331332472718e-01,-2.120513613616194171e+00,-1.832448393871823455e+00,7.568143652585515024e-01,-2.126642045412412863e+00,-1.822806553270890140e+00,7.501110696304601477e-01,-2.127485239566102138e+00,4.996056136682311966e-01,6.533582467824060602e-01,6.806995339105306915e-04,6.971625949907966913e-03,7.692600948499508928e-03,2.426250000000000073e-01
1.555000000000000071e+01,-1.838558338994677799e+00,7.224139807829129678e-01,-2.086449026253349270e+00,-1.842002058165155720e+00,7.194679599804778558e-01,-2.084976508979585752e+00,-1.835509251367962502e+00,7.289686274214109973e-01,-2.096554529215124418e+00,4.689923193805947133e-01,5.768726985406938956e-01,6.522845861202442898e-04,1.010550296177514795e-02,7.229130508640844999e-03,2.578540000000000276e-01
1.560000000000000142e+01,-1.849435288294728030e+00,7.025576356946340306e-01,-2.057421169352578794e+00,-1.844546481747771915e+00,7.105455190050138370e-01,-2.066058635270601851e+00,-1.847759065022573699e+00,7.071067811865471286e-01,-2.066906833657933262e+00,5.153923566612003127e-01,5.762928889755482009e-01,6.912933681772802721e-04,9.485664305354468695e-03,4.848138731998604192e-03,2.240090000000000137e-01
1.565000000000000036e+01,-1.860522784411025921e+00,6.808594683331622432e-01,-2.028969608723443674e+00,-1.863908361023233651e+00,6.821997538136764794e-01,-2.036134554342039049e+00,-1.859552971776502917e+00,6.845471059286883930e-01,-2.038480543411676393e+00,5.047087945420500876e-01,5.559551464696739220e-01,7.967932356205004998e-04,9.510934688232719481e-03,3.813031285213685714e-03,2.225570000000000048e-01
1.570000000000000107e+01,-1.870605119213619716e+00,6.598698386640478031e-01,-2.008229220636615242e+00,-1.873808200276906755e+00,6.624741677724380606e-01,-1.993104884593487114e+00,-1.870888061659734758e+00,6.613118653236517153e-01,-2.011211771068128762e+00,5.211673469162004801e-01,4.940175146289769725e-01,8.707005899614087951e-04,2.982550431513519840e-03,1.469522818748310701e-03,2.376950000000000174e-01
1.575000000000000000e+01,-1.880720861913577568e+00,6.374563342877980210e-01,-1.981271550091967537e+00,-1.888721484463143030e+00,6.809511741972388288e-01,-1.980603418667737481e+00,-1.870888061659734758e+00,6.613118653236517153e-01,-2.011211771068128762e+00,5.595434169181451312e-01,5.042682135713403291e-01,1.275476260901450831e-03,2.994022097616122480e-02,2.580252549334173182e-02,2.247610000000000163e-01
1.580000000000000071e+01,-1.890787012059520933e+00,6.135331708640640036e-01,-1.956885852864052922e+00,-1.894539288900223051e+00,6.139641752552714715e-01,-1.953912618695498038e+00,-1.892170717655091261e+00,6.129070536529752644e-01,-1.959886871818177001e+00,5.377697668490787342e-01,4.827580665597517862e-01,1.042764003036878535e-03,3.001018954123857441e-03,1.518770534753086879e-03,2.237989999999999979e-01
1.585000000000000142e+01,-1.900304635982011270e+00,5.891143999601691217e-01,-1.928013928907293284e+00,-1.908407769295286327e+00,5.769072357910975946e-01,-1.950560554333195196e+00,-1.902113032590307062e+00,5.877852522924733591e-01,-1.935701281842189481e+00,5.145837877885112155e-01,5.156231820285341882e-01,1.215007272481332572e-03,7.687352934896196643e-03,2.244310989020196264e-03,2.262040000000000162e-01
1.590000000000000036e+01,-1.908817424450789169e+00,5.653088997690177697e-01,-1.900432997700861382e+00,-1.882544170066220213e+00,5.573146935427709669e-01,-1.906901497140798707e+00,-1.911586029596660019e+00,5.620833778521310276e-01,-1.912415586767248543e+00,5.499041951269069139e-01,3.885201211711692970e-01,1.528024463054393446e-03,1.198258906638738353e-02,4.250784173544838729e-03,2.309430000000000094e-01
1.595000000000000107e+01,-1.916904876372260258e+00,5.408729738251873975e-01,-1.880395897641393699e+00,-1.907630292562797925e+00,5.351678367111467605e-01,-1.881937643659130188e+00,-1.920587371353885908e+00,5.358267949789972118e-01,-1.889968183021274895e+00,5.610800938213046374e-01,3.969734974232898561e-01,1.913121016304102215e-03,9.572285379880973721e-03,6.246974486696373063e-03,2.236190000000000122e-01
1.600000000000000000e+01,-1.924673593871616628e+00,5.158931929439735109e-01,-1.864232642787304828e+00,-1.933554342695348316e+00,4.776239107801193984e-01,-1.863965841012383384e+00,-1.937166322257262374e+00,4.817536741017146573e-01,-1.847351403644320378e+00,5.634788078268815337e-01,4.461849600839673524e-01,2.696461379972319924e-03,-1.688123914298422790e-02,3.635347313941910546e-02,2.249420000000000031e-01
1.605000000000000071e+01,-1.932032614416760774e+00,4.904271972180084815e-01,-1.839982238685627713e+00,-1.948641396714185792e+00,4.806074777915942953e-01,-1.868429139109026194e+00,-1.937166322257262374e+00,4.817536741017146573e-01,-1.847351403644320378e+00,5.668073238493885890e-01,4.861622081269354467e-01,2.570388998268522806e-03,7.369164958692664413e-03,1.007893642407327317e-02,2.239899999999999947e-01
1.610000000000000142e+01,-1.938989560464362549e+00,4.640360270026034351e-01,-1.817101249024302589e+00,-1.929127584675474072e+00,4.563087723555628861e-01,-1.809015248109694385e+00,-1.944739840795352892e+00,4.539904997395479147e-01,-1.827068819336153060e+00,5.882600095620020841e-01,3.361622081269354245e-01,3.016179406886794132e-03,9.967570311850693088e-03,1.157490137658918200e-02,2.309630000000000294e-01
1.615000000000000213e+01,-1.945500885137607883e+00,4.377062465816237702e-01,-1.809361008761130041e+00,-1.959264178871652939e+00,4.213955959832765830e-01,-1.794111485517136284e+00,-1.951833523877494869e+00,4.257792915650723264e-01,-1.807398219694992703e+00,5.707782746851509659e-01,3.645073295622119347e-01,3.360527269711648286e-03,-1.962789066137560212e-03,1.350387238449620060e-02,2.231490000000000140e-01
1.619999999999999929e+01,-1.951713134811211781e+00,4.113260501075690634e-01,-1.794782538798318283e+00,-1.909969335497558429e+00,4.027190414239874006e-01,-1.818541387058392189e+00,-1.951833523877494869e+00,4.257792915650723264e-01,-1.807398219694992703e+00,5.361266881604105361e-01,3.306777485291945706e-01,3.504882785209441267e-03,1.261568089667441939e-02,1.445374284246719182e-02,2.213250000000000217e-01
1.625000000000000000e+01,-1.957157945993325487e+00,3.864486154316236211e-01,-1.777745883456985032e+00,-1.971888674918907292e+00,3.934464615080820460e-01,-1.766107277405293718e+00,-1.958445621243531498e+00,3.971478906347804538e-01,-1.788288363900391698e+00,5.766698164292967110e-01,3.420175405122912737e-01,3.566044646291793938e-03,1.054248044340688750e-02,1.077648353698365709e-02,2.222870000000000124e-01
1.630000000000000071e+01,-1.962466778436017911e+00,3.601132461395007978e-01,-1.761686277975388126e+00,-1.985941170212708773e+00,3.513963667170292848e-01,-1.752596398693338386e+00,-1.970218652309547736e+00,3.387379202452915350e-01,-1.751556155262603776e+00,6.308833268883440315e-01,3.938250811373946170e-01,3.782781967587343398e-03,-1.013012271278412868e-02,2.273754836464932788e-02,2.305620000000000169e-01
1.635000000000000142e+01,-1.967913058678198324e+00,3.307272756146375503e-01,-1.746419763100178768e+00,-1.982550985324075254e+00,3.433935052343590200e-01,-1.758042679365190875e+00,-1.970218652309547736e+00,3.387379202452915350e-01,-1.751556155262603776e+00,6.108035034774084160e-01,3.989526635055620218e-01,3.708159717095814954e-03,5.136392162425007513e-03,8.335837653862056967e-03,2.505499999999999949e-01
1.640000000000000213e+01,-1.972578180974585704e+00,3.029550381408842030e-01,-1.728021302402831250e+00,-1.972902865263379768e+00,2.994837297848486068e-01,-1.743774104691341753e+00,-1.975376681190275319e+00,3.090169943749477843e-01,-1.733841245767693495e+00,5.812712856448758458e-01,3.685808012523135169e-01,3.745383271890080027e-03,5.819943364862467661e-03,6.676744479229165113e-03,2.662490000000000134e-01
1.644999999999999929e+01,-1.976661222499423776e+00,2.763280193478117042e-01,-1.717885027929017205e+00,-1.990126260244958312e+00,2.464739553382891135e-01,-1.715089732145715917e+00,-1.984229402628955752e+00,2.486898871648537679e-01,-1.699495510204537041e+00,6.072816261541381655e-01,3.876017570160228964e-01,3.958395120784996557e-03,-1.838951772448016442e-02,2.865560505443390249e-02,2.499579999999999858e-01
1.650000000000000000e+01,-1.980628738354213603e+00,2.478786930141315958e-01,-1.700838315866439743e+00,-1.981917273487551867e+00,2.286015864606044112e-01,-1.726193661133316848e+00,-1.987921910910359413e+00,2.181432413965416761e-01,-1.682781995795973540e+00,6.461285354106973688e-01,4.359074511169551691e-01,3.924500472209737495e-03,-1.805632007046620302e-02,3.061678377680695368e-02,2.298010000000000053e-01
1.655000000000000071e+01,-1.984248425029336405e+00,2.181900987476293463e-01,-1.683400350101842191e+00,-1.991066040279863225e+00,2.205012170388466752e-01,-1.675181815320002210e+00,-1.987921910910359413e+00,2.181432413965416761e-01,-1.682781995795973540e+00,6.225929763601614209e-01,3.180419076960731006e-01,3.645239344583764939e-03,-6.183543058684293214e-04,3.673784714626912151e-03,2.240300000000000069e-01
1.660000000000000142e+01,-1.987371600469330035e+00,1.884903118945101541e-01,-1.667738517656733865e+00,-1.997104284034422195e+00,2.004217990547416950e-01,-1.662703635248887091e+00,-1.991123929206159993e+00,1.873813145857239348e-01,-1.666321810950855298e+00,6.535156592264036446e-01,3.307887523470945945e-01,3.629445067091506636e-03,-1.416706705878567618e-03,3.912779827710087012e-03,2.256730000000000125e-01
1.665000000000000213e+01,-1.990096227828471953e+00,1.573675587910034479e-01,-1.648497980925707873e+00,-1.962810133422969283e+00,1.572388745544670285e-01,-1.652385141254355982e+00,-1.993834667466255928e+00,1.564344650402320902e-01,-1.650076705123150855e+00,6.273103453677781882e-01,2.730743993313571871e-01,3.652798481047971925e-03,1.578724197442760158e-03,3.853127933651170293e-03,2.337380000000000291e-01
1.669999999999999929e+01,-1.992165497174146038e+00,1.284302719378155044e-01,-1.635869153715031166e+00,-1.994885443425943761e+00,1.373407508722191417e-01,-1.613241332987150001e+00,-1.996053456856543118e+00,1.253332335643038975e-01,-1.634009380114820775e+00,6.559507556735991729e-01,2.651530431609601668e-01,3.684551442395018941e-03,-1.859773600210168354e-03,4.970701879910785839e-03,2.250620000000000120e-01
1.675000000000000000e+01,-1.993946759215452946e+00,9.772443082330876940e-02,-1.621614671577207956e+00,-2.010766393673624641e+00,8.070116244579449150e-02,-1.631880937121396702e+00,-1.997779749923940029e+00,9.410831331851238213e-02,-1.618083330494513472e+00,5.902588521193162796e-01,3.754714570782564098e-01,3.657774464032570103e-03,-3.531341082694261502e-03,5.269546809721226653e-03,2.244110000000000271e-01
1.680000000000000071e+01,-1.995118369328643837e+00,6.924675596241736120e-02,-1.602214313642870591e+00,-2.000463182603901213e+00,6.604021620715012919e-02,-1.615526384182958797e+00,-1.999013120731463200e+00,6.279051952931338776e-02,-1.602262684194616593e+00,6.358808953365600036e-01,3.529489096738621656e-01,3.689702683782573964e-03,4.837055174622406639e-05,7.540031655762627349e-03,2.223670000000000091e-01
1.685000000000000142e+01,-1.995900206541236344e+00,3.910381714194361563e-02,-1.591242025691014472e+00,-1.985795381194257248e+00,3.327841922119159634e-02,-1.591573292337168599e+00,-1.999753264963321175e+00,3.141075907812847928e-02,-1.586512043544509698e+00,6.331631379204849530e-01,3.025267170204037348e-01,3.731685665734391436e-03,-4.729982146504774221e-03,8.604022406829840014e-03,2.325060000000000182e-01
1.690000000000000213e+01,-1.996313349548684224e+00,9.658198045488931849e-03,-1.578410211141388686e+00,-1.988811199453303535e+00,6.690831178645801659e-03,-1.584498932466638754e+00,-2.000000000000000000e+00,3.673940397442059375e-16,-1.570796326794896558e+00,6.458487960488497048e-01,3.296347639850321087e-01,3.686650451315776501e-03,-7.613884346492127975e-03,1.033790022374301773e-02,2.195310000000000317e-01
1.694999999999999929e+01,-1.996352554521521716e+00,-2.078810841060170500e-02,-1.565757792678508675e+00,-1.970288297952451639e+00,-2.017712885765610836e-02,-1.556878937497056636e+00,-1.999753264963321175e+00,-3.141075907812952012e-02,-1.555080610045277867e+00,6.570693708685622081e-01,2.655674507956649610e-01,3.567226187418027009e-03,-1.067718263323058636e-02,1.115372308752969784e-02,2.248520000000000241e-01
1.700000000000000000e+01,-1.995969696774013258e+00,-5.129775786699088125e-02,-1.550738692328284873e+00,-2.024442526919760343e+00,-6.188475689894046283e-02,-1.539121041173530990e+00,-1.999013120731462978e+00,-6.279051952931442859e-02,-1.539329969395176523e+00,6.305592971306926975e-01,3.609720548394675377e-01,3.403493057739211472e-03,-1.140872293310835062e-02,1.188890238885629072e-02,2.511610000000000231e-01
1.705000000000000071e+01,-1.995179875594222940e+00,-8.053400924872916589e-02,-1.536836836299546816e+00,-2.008601767105882896e+00,-7.283756984109458765e-02,-1.546262081773378316e+00,-1.999013120731462978e+00,-6.279051952931442859e-02,-1.539329969395176523e+00,6.011034130558243760e-01,3.516070902961668798e-01,3.273116727107148322e-03,2.493133095629929130e-03,1.815282886233302376e-02,2.799849999999999839e-01
1.710000000000000142e+01,-1.994028516402661877e+00,-1.087411497530786086e-01,-1.523165100948242534e+00,-1.985037488463496702e+00,-1.299017304369948222e-01,-1.514652572141452769e+00,-1.996053456856543118e+00,-1.253332335643031759e-01,-1.507583273474971675e+00,6.116204055686930152e-01,3.188645375265627968e-01,3.069033993562706158e-03,-1.558182747327085949e-02,1.671519156457577579e-02,2.281579999999999997e-01
1.715000000000000213e+01,-1.992481086202197771e+00,-1.371477209430390365e-01,-1.509586378872951329e+00,-1.981401179732885875e+00,-1.340371926053341156e-01,-1.497721518565065413e+00,-1.996053456856543118e+00,-1.253332335643031759e-01,-1.507583273474971675e+00,6.006871620795932731e-01,2.687495222158431396e-01,2.818903085433614383e-03,-2.003105397979432212e-03,1.234276889981890390e-02,2.242600000000000149e-01
1.719999999999999929e+01,-1.990631824536760464e+00,-1.650997856942810760e-01,-1.499882174427986437e+00,-2.023395600791313420e+00,-1.675315131599917629e-01,-1.507516105219850688e+00,-1.993834667466255928e+00,-1.564344650402313686e-01,-1.491515948466644481e+00,5.955729248120735786e-01,4.187495222158431618e-01,2.506512199992053103e-03,-8.366225961341733353e-03,9.238289066083586742e-03,2.404710000000000181e-01
1.725000000000000000e+01,-1.988466145503970273e+00,-1.924032601614316107e-01,-1.483404302207077530e+00,-1.967892540844030425e+00,-1.772119501908415440e-01,-1.482020675107893926e+00,-1.991123929206159993e+00,-1.873813145857249618e-01,-1.475270842638938706e+00,6.440818270429324865e-01,3.005816493125909039e-01,2.166672099459695383e-03,-8.133459568139045359e-03,5.681879229003805425e-03,2.263640000000000096e-01
1.730000000000000071e+01,-1.985629358967282654e+00,-2.230961428062593344e-01,-1.473862225958399108e+00,-1.982174219336002130e+00,-2.306251629370465739e-01,-1.479906206963081727e+00,-1.987921910910359413e+00,-2.181432413965427031e-01,-1.458810657793819576e+00,5.829707013871671117e-01,3.788332138485570044e-01,1.724696348799028027e-03,-1.505156816457953184e-02,5.457749241773390825e-03,2.236090000000000300e-01
1.735000000000000142e+01,-1.982836335818179530e+00,-2.493319556056844410e-01,-1.455612520944414179e+00,-1.989633604692964797e+00,-2.366112509774034312e-01,-1.449805170423043243e+00,-1.984229402628955752e+00,-2.486898871648547671e-01,-1.442097143385252300e+00,6.458514664306986841e-01,3.636998172156605813e-01,1.299139953437315580e-03,-1.351537755916165651e-02,1.533912325394018060e-03,2.248110000000000386e-01
1.740000000000000213e+01,-1.979022350899331872e+00,-2.797989129337885572e-01,-1.436907210109162669e+00,-1.977462827880004825e+00,-2.830684896079802559e-01,-1.459475721618377131e+00,-1.980047315433115074e+00,-2.789911060392290532e-01,-1.425090937290524495e+00,5.976562203714199661e-01,4.290568337643203001e-01,8.968179486381308877e-04,-1.181627281863839585e-02,1.305030372984201893e-03,2.334470000000000156e-01
1.744999999999999929e+01,-1.975144445198064425e+00,-3.069294069555135729e-01,-1.420738119115311671e+00,-1.993313258489741502e+00,-2.987297846580547755e-01,-1.411076589760708266e+00,-1.975376681190275541e+00,-3.090169943749470627e-01,-1.407751407822099843e+00,6.355895376433293720e-01,3.879115728597853363e-01,5.680204614181622773e-04,-1.298671129321160578e-02,2.100465374590892737e-03,2.208340000000000303e-01
1.750000000000000000e+01,-1.970463784175107813e+00,-3.363386135472793970e-01,-1.405189472910168158e+00,-1.939548590978098064e+00,-3.298550905871865391e-01,-1.403265203959748630e+00,-1.970218652309547958e+00,-3.387379202452908689e-01,-1.390036498327185344e+00,6.175243458668852048e-01,3.342927024613737697e-01,1.902023135866383113e-04,-1.515297458298281441e-02,2.411796480351434315e-03,2.226170000000000093e-01
1.755000000000000071e+01,-1.965565447301844682e+00,-3.644904112425239595e-01,-1.391857982286692996e+00,-1.958826372478228661e+00,-3.557923683499965017e-01,-1.399206446585149921e+00,-1.964574501457377220e+00,-3.681245526846789184e-01,-1.371902576303445809e+00,6.257901230491932365e-01,4.225893218532690288e-01,-2.533582184015155912e-04,-1.995540598324740955e-02,3.766823288695058183e-03,2.237699999999999967e-01
1.760000000000000142e+01,-1.960132757032931217e+00,-3.931444465086526008e-01,-1.374990697090933134e+00,-1.926474620362930157e+00,-3.742737572833130799e-01,-1.365360503684976967e+00,-1.964574501457377220e+00,-3.681245526846789184e-01,-1.371902576303445809e+00,5.716321730278718372e-01,2.843393423232729589e-01,-5.893772126221519594e-04,-3.088120787487547148e-03,2.541110348833780161e-02,2.300420000000000242e-01
1.765000000000000213e+01,-1.954758294458047274e+00,-4.194996091396807070e-01,-1.364269506098847229e+00,-1.963343929824073131e+00,-4.001029563515722254e-01,-1.369845376678146875e+00,-1.958445621243531720e+00,-3.971478906347797877e-01,-1.353304289689401418e+00,5.832613798215637857e-01,4.297092907792356420e-01,-1.222626061065819163e-03,-1.096521640944558840e-02,2.265382305363227572e-02,2.243800000000000239e-01
1.769999999999999929e+01,-1.949082234308234129e+00,-4.458991866352466915e-01,-1.353759894167334554e+00,-1.942770087584461125e+00,-4.485694584490154679e-01,-1.347716778565182905e+00,-1.944739840795353114e+00,-4.539904997395472486e-01,-1.314523834253639389e+00,5.906260153486766473e-01,4.786473443420646845e-01,-2.149619475271196713e-03,-3.923605991369516488e-02,9.182904179644750878e-03,2.235590000000000077e-01
1.775000000000000000e+01,-1.942676764613556317e+00,-4.736003833316229650e-01,-1.333351847842506821e+00,-1.956926982764269241e+00,-4.877228652034268364e-01,-1.342647359397361573e+00,-1.937166322257262152e+00,-4.817536741017155455e-01,-1.294241249945475625e+00,5.604456549279850375e-01,5.752327267839942859e-01,-3.074854196870340905e-03,-3.911059789703141831e-02,9.840788857795783676e-03,2.289400000000000046e-01
1.780000000000000071e+01,-1.936197949374500960e+00,-4.988310252082036600e-01,-1.305534857647707048e+00,-1.936848087971708932e+00,-5.083495877420495246e-01,-1.311037887844546335e+00,-1.929114836915596154e+00,-5.090414157503714288e-01,-1.273293307075952230e+00,5.679353567025344773e-01,5.363595714015376714e-01,-3.778950473671879168e-03,-3.224155057175481787e-02,1.242668729505500523e-02,2.218260000000000232e-01
1.785000000000000142e+01,-1.928894002851732514e+00,-5.245123091647769797e-01,-1.281875865621784572e+00,-1.919343659595150964e+00,-5.233067654105033606e-01,-1.282931957567007064e+00,-1.920587371353886130e+00,-5.358267949789965456e-01,-1.251624470568524217e+00,5.887213986987922532e-01,5.111728826075334631e-01,-4.336846736309584588e-03,-3.025139505326013278e-02,1.403629994269107485e-02,2.440680000000000072e-01
1.790000000000000213e+01,-1.920896477067528529e+00,-5.503170984250771447e-01,-1.258643963294376000e+00,-1.926386259840327853e+00,-5.536985160007411588e-01,-1.249759478910716481e+00,-1.911586029596659797e+00,-5.620833778521319157e-01,-1.229177066822550568e+00,5.774013018975674427e-01,5.302366924310724094e-01,-4.830569474743337359e-03,-2.946689647182543226e-02,1.500432483197222493e-02,2.445179999999999854e-01
1.794999999999999929e+01,-1.912504179296799167e+00,-5.752484905670908200e-01,-1.233545168644667900e+00,-1.902895205756258701e+00,-5.692205746902648800e-01,-1.246451704170394637e+00,-1.911586029596659797e+00,-5.620833778521319157e-01,-1.229177066822550568e+00,5.288104463532393718e-01,4.910112770578861641e-01,-5.275579767251134013e-03,-4.368101822117331778e-03,1.319709027283812348e-02,2.381860000000000088e-01
1.800000000000000000e+01,-1.903976900463496102e+00,-5.987623333312218632e-01,-1.212249586378429278e+00,-1.908554194174805652e+00,-5.916168237748480330e-01,-1.207242752222096538e+00,-1.902113032590307284e+00,-5.877852522924728040e-01,-1.205891371747590091e+00,5.367865571984228312e-01,4.920383455359558789e-01,-5.658433222257543138e-03,-6.358214630838965320e-03,1.113419559644833641e-02,2.246620000000000006e-01
1.805000000000000071e+01,-1.894773418489651196e+00,-6.223637717009600223e-01,-1.185710283894638062e+00,-1.891456697850061097e+00,-6.467072460498904940e-01,-1.189801754569066450e+00,-1.881761537908451132e+00,-6.374239897486890793e-01,-1.156557088678022094e+00,5.074776313379293358e-01,6.225821030507689979e-01,-5.849730185143840397e-03,-2.915319521661619007e-02,1.990274362756440027e-02,2.211350000000000260e-01
1.810000000000000142e+01,-1.885411097188641305e+00,-6.444205522372160599e-01,-1.153048321068847359e+00,-1.887973552667141064e+00,-6.615567687765840921e-01,-1.150047990488431315e+00,-1.870888061659734314e+00,-6.613118653236524924e-01,-1.130380882521658137e+00,5.273535341611192973e-01,6.141478822316116526e-01,-5.936144262170907349e-03,-2.266743854718900053e-02,2.227633315332470595e-02,2.176480000000000081e-01
1.815000000000000213e+01,-1.874976002344115988e+00,-6.668716640715415256e-01,-1.118371226459550449e+00,-1.880572801727091514e+00,-6.572287677392317784e-01,-1.105206828257488727e+00,-1.870888061659734314e+00,-6.613118653236524924e-01,-1.130380882521658137e+00,5.377673696213786103e-01,4.829950967671270967e-01,-6.068074719622690121e-03,1.200965606210768755e-02,6.900914515921160140e-03,2.321650000000000380e-01
1.819999999999999929e+01,-1.863888162103247481e+00,-6.890732411469263630e-01,-1.096859571093094843e+00,-1.876541582003211417e+00,-6.862395785630520662e-01,-1.099826255132410502e+00,-1.859552971776503139e+00,-6.845471059286878379e-01,-1.103112110178119831e+00,5.179348960475451680e-01,5.790594454747208797e-01,-5.910128601320469716e-03,6.252539085024988452e-03,6.267357910864579384e-03,2.215550000000000019e-01
1.825000000000000000e+01,-1.852361599394472869e+00,-7.108399356864241181e-01,-1.070717995270031864e+00,-1.863997970181429320e+00,-7.264624364360670050e-01,-1.068563626037100533e+00,-1.847759065022573921e+00,-7.071067811865465735e-01,-1.074685819931865627e+00,4.664471944734148168e-01,6.119845115527196011e-01,-5.824669313280028855e-03,3.967824661833763145e-03,5.926193142690103395e-03,2.197320000000000106e-01
1.830000000000000071e+01,-1.841506471548062240e+00,-7.299340902279749521e-01,-1.036995390125921901e+00,-1.859327775653873083e+00,-7.260931776219767819e-01,-1.055884219047243278e+00,-1.847759065022573921e+00,-7.071067811865465735e-01,-1.074685819931865627e+00,4.657245890710134950e-01,5.713415872334914880e-01,-5.367209905365779264e-03,3.769042980594372594e-02,2.366814236965765483e-02,2.245409999999999906e-01
1.835000000000000142e+01,-1.830137781457398916e+00,-7.486343903768027941e-01,-1.012120369967725253e+00,-1.839628388602048581e+00,-7.491112110227426957e-01,-9.925834490431513224e-01,-1.822806553270890362e+00,-7.501110696304595926e-01,-1.014107414023694531e+00,5.040787384633428347e-01,6.040270869758874728e-01,-5.444035905658759639e-03,1.987044055969278133e-03,7.478468315159053637e-03,2.317140000000000311e-01
1.840000000000000213e+01,-1.817045983497975525e+00,-7.688461508519458532e-01,-9.799143235828662313e-01,-1.826113511610172102e+00,-7.427997771809518035e-01,-9.811009923996549809e-01,-1.822806553270890362e+00,-7.501110696304595926e-01,-1.014107414023694531e+00,5.119576738824878070e-01,5.450425989280431871e-01,-5.008426793552474450e-03,3.419309044082829985e-02,1.960069979578043381e-02,2.221760000000000124e-01
1.844999999999999929e+01,-1.803328331433978526e+00,-7.888026835979186080e-01,-9.572713420795846417e-01,-1.795528821317483148e+00,-7.611695630249818434e-01,-9.519285062693243482e-01,-1.809654104932038265e+00,-7.705132427757903635e-01,-9.818358515025762401e-01,4.972675901763526918e-01,5.484635923012667336e-01,-4.899730191246500118e-03,2.456450942299159834e-02,1.935249482456683282e-02,2.200830000000000009e-01
1.850000000000000000e+01,-1.790051043828215116e+00,-8.071809686285512653e-01,-9.330593379812794907e-01,-1.813805909247205195e+00,-8.089935320779857442e-01,-9.359507230252375187e-01,-1.796055151521231297e+00,-7.901550123756901911e-01,-9.481711696544552481e-01,4.425085869033363872e-01,6.984635923012667558e-01,-5.051583094517162441e-03,1.511183167317575737e-02,1.805360062463095411e-02,2.205630000000000090e-01
1.855000000000000071e+01,-1.777342371049200453e+00,-8.237507206199152776e-01,-8.999729107620169088e-01,-1.784007495192940773e+00,-8.100309756882784207e-01,-9.058102773283356335e-01,-1.782013048376736020e+00,-8.090169943749472292e-01,-9.130687851951906353e-01,4.663332474800988559e-01,7.027329833688183980e-01,-5.310725360087255667e-03,1.309587443317372646e-02,1.545632284081873906e-02,2.497980000000000200e-01
1.860000000000000142e+01,-1.763356722131368626e+00,-8.407262346581486634e-01,-8.633628798115373648e-01,-1.772668135325141003e+00,-8.741482756388978537e-01,-8.815876361987884380e-01,-1.752613360087726724e+00,-8.443279255020156304e-01,-8.384258043476058297e-01,3.976525343922948652e-01,8.527329833688184202e-01,-5.580458769161072453e-03,-2.493707546393153507e-02,1.133101958940856482e-02,2.556990000000000096e-01
1.865000000000000213e+01,-1.750815537292247592e+00,-8.547554160699322168e-01,-8.193207961928399286e-01,-1.749400296276917066e+00,-8.445753664178460296e-01,-8.143292586644563791e-01,-1.752613360087726724e+00,-8.443279255020156304e-01,-8.384258043476058297e-01,4.516064847782098601e-01,7.104093016672566874e-01,-5.635331227678600299e-03,1.910500815476590120e-02,1.058133858960830058e-02,2.409410000000000163e-01
1.869999999999999929e+01,-1.736886343304725244e+00,-8.692192611832145754e-01,-7.891317987226535990e-01,-1.740272049766495854e+00,-8.738584496813326385e-01,-7.765170184939709230e-01,-1.737263028876382176e+00,-8.607420270039440879e-01,-7.988575718927242164e-01,4.217427272469682631e-01,7.750386900310570759e-01,-5.643171707658468927e-03,9.725773170070617368e-03,8.485599056642157897e-03,2.531250000000000444e-01
1.875000000000000000e+01,-1.722145437684196256e+00,-8.835020959004654673e-01,-7.501018921199467115e-01,-1.717464963932259225e+00,-8.937077732781721906e-01,-7.558707542589724326e-01,-1.705280328708185023e+00,-8.910065241883672327e-01,-7.152943146460319923e-01,4.375348583030769234e-01,9.250386900310570981e-01,-5.395711921801178007e-03,-3.480757747391471923e-02,1.845937010574832601e-02,2.417430000000000134e-01
1.880000000000000071e+01,-1.706644233476952266e+00,-8.973296612155480245e-01,-7.066885769867408129e-01,-1.702701723721772087e+00,-9.115415924306694562e-01,-6.705339656174293950e-01,-1.688655851004029929e+00,-9.048270524660196878e-01,-6.713924332034144626e-01,4.311666165164017017e-01,9.214034840961451422e-01,-5.320026328496925243e-03,-3.529614378332635027e-02,1.948827287254539103e-02,2.401000000000000079e-01
1.885000000000000142e+01,-1.691070435676709449e+00,-9.101172424325035815e-01,-6.682565668018880523e-01,-1.695766573980774128e+00,-9.210967880727141122e-01,-6.711382782795451973e-01,-1.688655851004029929e+00,-9.048270524660196878e-01,-6.713924332034144626e-01,4.042389304658288718e-01,9.314291641930615429e-01,-5.644044280721840709e-03,3.135866401526410385e-03,5.815180910601640621e-03,2.386970000000000203e-01
1.890000000000000213e+01,-1.675899131409517073e+00,-9.215448642930705869e-01,-6.228854492193680592e-01,-1.677925245163454981e+00,-9.253211030388115432e-01,-6.334385477139123921e-01,-1.671614722736539438e+00,-9.177546256839819172e-01,-6.261818627476207766e-01,4.172103795806127446e-01,9.585832409114223296e-01,-5.582021070394013913e-03,3.296413528252717384e-03,5.720320479738211054e-03,2.429760000000000253e-01
1.894999999999999929e+01,-1.660059560953475177e+00,-9.323942912836248320e-01,-5.782317184204206484e-01,-1.657100597999979996e+00,-9.171675776980778849e-01,-5.670604550688325141e-01,-1.654161148549122773e+00,-9.297764858882520134e-01,-5.797757117532884585e-01,4.503910521421994329e-01,8.836415100382077892e-01,-5.421382662938423538e-03,1.543993332867810153e-03,6.453229732456559377e-03,2.387180000000000135e-01
1.900000000000000000e+01,-1.642062977828196102e+00,-9.436037734538468280e-01,-5.358966402242497651e-01,-1.642278897365332835e+00,-9.354098391620843111e-01,-5.215117208630615231e-01,-1.636299434850047918e+00,-9.408807689542247887e-01,-5.323152901395076242e-01,4.373373136764201474e-01,9.258413816352450976e-01,-5.271402936444723533e-03,-3.581350084742140893e-03,6.374416143139943411e-03,2.382860000000000256e-01
1.905000000000000071e+01,-1.624413322908971224e+00,-9.535898517748380154e-01,-4.938805825232046587e-01,-1.615124949129991938e+00,-9.760221110830672453e-01,-5.096377832370388994e-01,-1.599369316974180277e+00,-9.602936856769433982e-01,-4.349307235386516979e-01,4.071069336059089938e-01,1.075841381635245231e+00,-4.472529353826674818e-03,-5.894985898455296081e-02,2.592573281990041834e-02,2.508410000000000362e-01
1.910000000000000142e+01,-1.607381732693845544e+00,-9.621925084499891589e-01,-4.415580207687517245e-01,-1.620921519047265225e+00,-9.400876332844165795e-01,-4.580544163635105193e-01,-1.599369316974180277e+00,-9.602936856769433982e-01,-4.349307235386516979e-01,4.742680010677595703e-01,1.019365507246537517e+00,-5.098052856516411234e-03,-6.627297230100026582e-03,8.234338685539736857e-03,2.395790000000000142e-01
1.915000000000000213e+01,-1.587471792332393994e+00,-9.710302189566405451e-01,-3.939549924886671661e-01,-1.583326166937108370e+00,-9.848894808064647677e-01,-3.848299429541350847e-01,-1.580310024751380160e+00,-9.685831611286314091e-01,-3.854144357899755846e-01,3.992680010677595592e-01,1.035903229390366276e+00,-4.959966135235579360e-03,-8.540556698691581516e-03,7.568289562251270461e-03,2.283080000000000109e-01
1.920000000000000284e+01,-1.570070795891361337e+00,-9.777883144365117074e-01,-3.469330196236781738e-01,-1.567166218670452027e+00,-9.745532180174856229e-01,-3.582939447733912708e-01,-1.560860814676658936e+00,-9.759167619387475456e-01,-3.356505649802157265e-01,4.254130188962863546e-01,1.056758443204411479e+00,-4.800728653896682227e-03,-1.128245464346244731e-02,9.398215933200214714e-03,2.256730000000000125e-01
1.925000000000000000e+01,-1.550833570005579087e+00,-9.842140174917364259e-01,-2.978117718491324339e-01,-1.542043831010616817e+00,-9.899493146775407704e-01,-3.155804283755365702e-01,-1.541026485551579173e+00,-9.822872507286884991e-01,-2.858789635025598130e-01,4.088301187836892447e-01,1.092900491143139696e+00,-4.614173459037541544e-03,-1.193280834657262091e-02,9.994565305558466076e-03,2.323649999999999882e-01
1.930000000000000071e+01,-1.532417428039558160e+00,-9.893522992220129542e-01,-2.463685008165694690e-01,-1.531467205728965553e+00,-9.907170951808764725e-01,-2.619034348566753323e-01,-1.520811931200061640e+00,-9.876883405951377704e-01,-2.363421338615432354e-01,4.321877545518870711e-01,1.068729740349774637e+00,-4.335106277075576053e-03,-1.002636695502623354e-02,1.172417652560366758e-02,2.249120000000000286e-01
1.935000000000000142e+01,-1.512443472602291283e+00,-9.938481566475025897e-01,-1.964240635806384638e-01,-1.500934443171481725e+00,-9.902876001720629651e-01,-1.943335156556886822e-01,-1.500222139260918963e+00,-9.921147013144778759e-01,-1.872781162552326073e-01,4.250556854202915957e-01,9.886296590626293401e-01,-3.978577839480372871e-03,-9.145947325405856532e-03,1.234365650982440984e-02,2.563799999999999968e-01
1.940000000000000213e+01,-1.493194636644842754e+00,-9.972037969619276243e-01,-1.487660060852231680e-01,-1.504914133793032072e+00,-9.941483403372144423e-01,-1.803184808892424051e-01,-1.500222139260918963e+00,-9.921147013144778759e-01,-1.872781162552326073e-01,4.291907856154715262e-01,9.646015464051517219e-01,-3.691693358675239046e-03,3.851211017000943926e-02,8.676674911960799083e-03,2.631530000000000258e-01
1.945000000000000284e+01,-1.473097103214105807e+00,-9.997477972381622058e-01,-1.030600976773170530e-01,-1.496669820175052124e+00,-1.022981588425382560e+00,-9.429326131498738661e-02,-1.500222139260918963e+00,-9.921147013144778759e-01,-1.872781162552326073e-01,3.987061942624376965e-01,8.155780569944821590e-01,-2.449345659416546014e-03,8.421801857791555435e-02,2.817856869894351871e-02,2.224370000000000236e-01
1.950000000000000000e+01,-1.454189972036245893e+00,-1.001330167165664031e+00,-6.393413289961857870e-02,-1.445608655563552558e+00,-9.972170533492512590e-01,-5.489587320947331150e-02,-1.436252595526377851e+00,-9.995065603657316000e-01,-4.509988523380714653e-02,4.534662219962549701e-01,9.354310733387550814e-01,-2.630451914341700240e-03,-1.883424766581143217e-02,1.802983687717461467e-02,2.217450000000000254e-01
1.955000000000000071e+01,-1.432840485454014878e+00,-1.002235369452072034e+00,-2.081361415893834277e-02,-1.401884961115294370e+00,-9.960767869871268720e-01,-2.465490278177195904e-02,-1.391825593184629062e+00,-9.995065603657316000e-01,4.370663352722781170e-02,4.684519022155826384e-01,1.031261639114174677e+00,-9.341509325461031833e-04,-6.452024768616615447e-02,4.110556880641622751e-02,2.204530000000000101e-01
1.960000000000000142e+01,-1.411234236136760911e+00,-1.002169187037085685e+00,2.693982394449712103e-02,-1.382244909980485437e+00,-1.004993263672631754e+00,3.019795237779510089e-02,-1.391825593184629062e+00,-9.995065603657316000e-01,4.370663352722781170e-02,4.368784890786477915e-01,9.127755078041346337e-01,-1.812067513928364597e-03,-1.676680958273069066e-02,1.959043138969490325e-02,2.544970000000000288e-01
1.965000000000000213e+01,-1.391048626824691992e+00,-1.001192418103917570e+00,6.976348672188548150e-02,-1.395864992288239348e+00,-9.818650184641670720e-01,4.502315456300642893e-02,-1.391825593184629062e+00,-9.995065603657316000e-01,4.370663352722781170e-02,4.552170239273074515e-01,8.033933395916179609e-01,-1.718195546238293582e-03,2.605685319465766980e-02,1.856284740516759820e-03,2.268360000000000098e-01
1.970000000000000284e+01,-1.369876632373753678e+00,-9.993166987432804405e-01,1.069638277103064361e-01,-1.388644198408744312e+00,-9.928688629766267981e-01,1.031363768003803472e-01,-1.391825593184629062e+00,-9.995065603657316000e-01,4.370663352722781170e-02,4.445261469368133045e-01,6.808522775433382135e-01,-7.693294826406916467e-04,6.325719418307862441e-02,2.194978196048933891e-02,2.223360000000000058e-01
1.975000000000000000e+01,-1.348852016258936581e+00,-9.967186619155213867e-01,1.389320112928627005e-01,-1.322379124705254316e+00,-9.886938312111103189e-01,1.135682777011655098e-01,-1.322623730647304541e+00,-9.921147013144779869e-01,1.655368238699050920e-01,4.774681737401158532e-01,8.308522775433382357e-01,-2.190794687336418065e-04,-2.660481257704239155e-02,2.662929626072202752e-02,2.216360000000000274e-01
1.980000000000000071e+01,-1.326812733903179664e+00,-9.931934949232653631e-01,1.782795731715896004e-01,-1.334718138606309612e+00,-9.956323303430113514e-01,1.669834691784863878e-01,-1.322623730647304541e+00,-9.921147013144779869e-01,1.655368238699050920e-01,4.994921543312078605e-01,7.641205824682478776e-01,-3.737748766686695189e-04,1.274274930168450837e-02,4.325684215022274938e-03,2.403600000000000181e-01
1.985000000000000142e+01,-1.303658170602214117e+00,-9.885693853891338589e-01,2.159464884237451976e-01,-1.308028458381315984e+00,-1.004083021174470458e+00,2.337118907327151440e-01,-1.298896096660366872e+00,-9.876883405951376593e-01,2.028698429353830157e-01,5.134313627528112045e-01,6.877463639612289015e-01,9.649144138952614729e-05,1.307664548836218188e-02,4.842890475392600154e-03,2.304820000000000202e-01
1.990000000000000213e+01,-1.279465144862018899e+00,-9.828834724017726510e-01,2.457206721293805352e-01,-1.325526463827322310e+00,-9.794655222903635439e-01,2.324458861615581462e-01,-1.298896096660366872e+00,-9.876883405951376593e-01,2.028698429353830157e-01,5.219921973267556137e-01,6.125830332967113767e-01,7.913614090588943703e-04,4.285082919399751944e-02,2.001620958486728663e-02,2.271360000000000046e-01
1.995000000000000284e+01,-1.255572726735108890e+00,-9.764964481286771969e-01,2.767118814125621995e-01,-1.227298133725376328e+00,-9.528412319461740942e-01,2.673281630954007504e-01,-1.225814107305952971e+00,-9.685831611286311871e-01,3.048849158476665266e-01,5.078355706298498529e-01,6.899439494111979654e-01,1.384705461030799438e-03,-2.817303443510432714e-02,3.079278391887348143e-02,2.229880000000000195e-01
2.000000000000000000e+01,-1.233235635101281868e+00,-9.697551687922609798e-01,3.094983146489158621e-01,-1.229339293979867964e+00,-9.834063016416328962e-01,3.061319457921571896e-01,-1.225814107305952971e+00,-9.685831611286311871e-01,3.048849158476665266e-01,5.423765404136904333e-01,6.643385962627565977e-01,1.109863016567767769e-03,4.613398801249335435e-03,7.513499636018249224e-03,2.400500000000000134e-01
